0.000000	11.796433	29.162911	50.480632	77.743151	91.399931	135.195003	306.398655	359.701946	361.922837	502.654378	563.840853	578.955787	612.948785	475.980348	468.383607	500.674800	0.801802	0.863676	0.910194	0.958016	0.878479	0.936811	1.098311	479.599837	239077.094705	36.600019	904.253041	933.110870	90.222156	1783135360.362525	0.000000
1.000000	13.447362	35.433368	63.268229	93.142434	110.499456	132.529699	304.694821	283.702526	296.309461	273.487100	193.836017	113.514469	76.118043	-89.687138	-160.068945	-92.050078	0.941783	0.884222	0.830714	0.823367	0.877915	0.924371	0.990429	548.921962	257666.726102	36.602994	1032.321512	996.658599	89.178550	1783135360.372886	0.000000
2.000000	15.148524	39.316901	64.384666	88.973509	101.820830	116.181883	95.264755	54.948616	20.830325	0.628711	-103.866554	25.915698	-20.314843	26.710686	168.683397	271.213637	0.969244	0.974558	0.840257	0.947608	0.811289	0.920928	0.947973	459.339087	232664.358466	36.603091	1098.183624	922.460204	91.519505	1783135360.372918	0.000000
3.000000	16.627640	43.613987	75.052035	92.398290	74.978776	48.118341	21.220479	-65.658888	-35.645963	36.790386	64.868978	177.416497	315.181969	455.133101	312.412443	322.327542	0.847699	0.877354	0.996863	0.851673	0.917947	0.949539	1.080129	515.274112	228878.289096	36.604321	926.958235	938.424322	80.610447	1783135360.387805	0.000000
4.000000	18.144798	47.223685	65.618075	64.981903	39.174149	3.906182	-21.929051	22.442439	59.867811	166.315986	254.598231	379.930477	187.784756	135.914776	-83.423259	-120.582462	0.852534	0.855917	0.893802	0.845523	0.924336	0.813698	1.089478	536.324356	233695.708724	36.590111	1030.157837	911.906132	92.574544	1783135360.387841	0.000000
5.000000	19.812829	49.762424	59.447416	38.639617	4.005708	-3.424738	18.342261	87.959747	159.670091	200.831597	153.587108	97.124289	-118.575790	-38.311764	72.952577	242.219977	0.853663	0.983620	0.892422	0.928821	0.954649	0.972560	1.096135	450.582683	251334.836248	36.593276	934.831866	974.978577	98.778558	1783135360.387856	0.000000
6.000000	21.136807	48.349472	46.021413	11.099081	-21.395648	8.802576	86.774909	213.544592	221.775897	117.895915	35.363311	-13.864307	71.079988	182.436360	217.397368	334.287516	0.967025	0.856634	0.899747	0.931112	0.815203	0.879262	1.047946	515.860277	253980.856903	36.591912	1060.291688	1065.219687	89.909384	1783135360.387870	0.000000
7.000000	22.373184	42.900505	31.029253	0.551328	-19.583426	59.864107	164.165382	147.689100	86.403298	21.060422	42.751385	128.564024	241.651412	250.932862	131.155724	110.747738	0.817063	0.888793	0.993707	0.865617	0.851991	0.803331	0.980947	473.893790	254765.051803	36.594572	1094.481159	1003.664138	88.925563	1783135360.403280	0.000000
8.000000	22.841411	40.460150	16.448676	-17.174696	26.019733	127.263674	167.926375	83.183790	-31.844773	28.283683	173.561382	311.743264	188.648199	-89.103614	-1.969965	158.863422	0.977135	0.984037	0.814590	0.896833	0.942373	0.989617	1.040468	513.580523	233877.450574	36.597092	918.667962	914.841220	97.007525	1783135360.403327	0.000000
9.000000	23.985774	34.056289	-1.637127	-10.236153	64.431711	135.791533	107.788562	-19.368459	-15.005869	144.870547	207.167956	135.384854	-15.686169	68.480154	364.158880	362.721812	0.987881	0.851147	0.951853	0.813607	0.821307	0.900377	0.929648	509.656936	260391.583821	36.592364	993.219832	952.849414	89.670475	1783135360.403348	0.000000
10.000000	24.144810	29.148740	-3.412191	4.774231	112.631232	141.258564	15.736501	-14.316484	115.664019	199.095108	110.583386	2.816465	83.484849	212.672955	182.248895	-45.616408	0.998104	0.855243	0.912667	0.886717	0.834425	0.865773	1.078319	543.478594	259094.962018	36.608883	1058.550000	1082.535879	83.706592	1783135360.403366	0.000000
11.000000	23.900208	21.936136	-8.205227	33.611132	121.860824	73.233139	-7.860154	58.945694	215.788628	112.725076	-89.937009	98.465982	271.556991	187.389310	-141.826596	91.597269	0.972555	0.802390	0.906108	0.961773	0.917454	0.940043	1.051714	505.119311	238763.990384	36.609644	926.448450	993.660613	92.221954	1783135360.418207	0.000000
12.000000	24.134280	14.765198	-11.618342	59.313303	124.828096	22.669463	17.903193	149.870240	193.166814	-33.458526	41.400218	319.488862	149.674462	41.300725	170.776619	453.451625	0.984310	0.908380	0.813878	0.936132	0.892069	0.997990	0.979258	481.185210	252493.706409	36.599003	1090.746427	932.138619	82.977956	1783135360.418240	0.000000
13.000000	24.045191	7.202070	-4.251961	81.975043	78.457032	-19.406061	76.247482	219.513864	12.037980	-46.079325	202.497334	201.616806	-118.010303	174.391629	438.000645	-4.238526	0.898933	0.927894	0.905894	0.852257	0.952007	0.847359	0.989268	501.310611	264896.733567	36.607746	1032.846348	970.352205	94.732583	1783135360.418256	0.000000
14.000000	23.810106	1.981516	7.554555	102.843864	33.857760	-23.241583	153.046036	115.444115	-48.771272	151.280236	254.278023	-53.571711	122.303943	340.957056	-1.461629	23.239438	0.970599	0.949557	0.829535	0.960508	0.868775	0.870240	1.005397	464.700139	246419.548665	36.603633	1096.321847	902.382469	95.113003	1783135360.418274	0.000000
15.000000	22.357145	-2.814537	24.011932	89.696166	1.985472	40.024005	167.859126	22.078157	38.975712	190.501453	-28.610158	56.403930	220.958329	31.196211	67.054735	796.115598	0.965398	0.950693	0.945003	0.990789	0.975344	0.914550	0.994494	517.406318	269437.228201	36.602708	942.271822	909.495948	87.990599	1783135360.433362	0.000000
16.000000	22.296689	-3.553703	38.303717	81.673894	-27.083675	90.783012	111.234695	-24.556301	181.001622	134.938711	-97.507694	327.148422	119.913727	-12.255793	785.092519	223.319550	0.905046	0.995360	0.802090	0.954921	0.985281	0.887246	1.076331	500.163508	262738.489607	36.602234	943.409446	1000.655692	82.566312	1783135360.433417	0.000000
17.000000	21.003541	-7.147705	56.390243	54.086269	0.842239	123.986610	18.962571	26.765482	188.320168	-13.762668	160.450455	251.026638	57.761442	639.386566	244.858012	31.629291	0.806794	0.842230	0.867904	0.829826	0.976945	0.933979	1.052179	548.644739	235047.050166	36.591558	1042.985158	924.545327	93.358919	1783135360.433436	0.000000
18.000000	19.825156	-9.165587	62.637069	24.457602	19.893183	147.049801	-2.134432	151.879654	104.013485	2.037562	244.839889	42.149217	322.816536	447.643350	-86.115949	296.529306	0.981439	0.857991	0.885366	0.839129	0.962352	0.817833	0.926683	506.344542	270710.366551	36.596661	946.522286	1088.496983	83.681914	1783135360.448210	0.000000
19.000000	18.283183	-7.992177	76.975174	-6.310753	62.618591	87.583396	14.495280	230.236112	-55.116634	183.490702	124.398352	-31.337748	608.965617	-87.040208	324.340792	122.613952	0.814033	0.842892	0.941694	0.872881	0.953786	0.801192	1.091700	543.768694	272377.935308	36.597444	1000.137428	971.628758	94.753569	1783135360.448232	0.000000
20.000000	17.105986	-2.722406	72.452213	-24.232158	106.256851	26.807485	60.316057	135.807174	-28.015192	228.554980	15.325459	479.762409	140.471767	131.845130	277.906064	-132.029078	0.940323	0.807236	0.817937	0.939369	0.891638	0.911948	0.979113	457.310126	266603.440305	36.599376	940.896451	1051.603195	90.527072	1783135360.448248	0.000000
21.000000	15.137127	2.737990	64.956645	-23.465737	133.055712	-2.191966	158.537285	22.924798	115.930150	130.662345	74.398301	460.331298	-34.939217	314.999859	-112.236267	302.827409	0.939834	0.979269	0.951197	0.834336	0.841655	0.878382	1.028096	479.201250	230799.387377	36.596163	1070.596596	940.807633	81.301075	1783135360.448267	0.000000
22.000000	13.367064	7.294284	52.524037	4.594427	110.175340	3.265906	175.850398	-5.425662	209.204677	-20.405350	532.305549	61.074487	207.172074	76.907038	169.835472	182.646173	0.857298	0.943363	0.962722	0.952137	0.893566	0.913956	1.031513	523.320958	238947.981702	36.592476	995.658124	1084.587095	81.521871	1783135360.464259	0.000000
23.000000	11.807201	14.252844	40.839958	20.504599	83.178100	17.887197	126.537551	9.140074	180.380964	1.686105	541.011473	21.246901	301.800023	-65.284370	374.902411	100.914942	0.906705	0.992102	0.937899	0.835323	0.921762	0.824619	0.941478	524.322118	245488.308362	36.593201	996.424688	1009.553378	93.780161	1783135360.464311	0.000000
24.000000	10.000000	21.377148	26.308942	49.067689	38.299311	81.816178	50.350330	127.612364	57.482109	318.188087	69.514886	197.625297	47.452252	277.482932	-55.710500	430.486568	0.914116	0.840458	0.861283	0.986230	0.842279	0.879321	0.983859	489.287199	234083.599497	36.594268	1042.286561	999.724030	86.127989	1783135360.464338	0.000000
25.000000	8.265086	28.471566	8.218332	74.992265	-10.804015	120.954893	-45.855403	230.806023	-8.929978	490.556545	-87.778601	275.118564	-87.407012	259.501316	25.757556	179.808017	0.874133	0.964132	0.991434	0.903662	0.813339	0.857880	1.027257	535.555669	240868.387850	36.602262	1063.007873	996.881879	98.695569	1783135360.464361	0.000000
26.000000	6.443876	35.765984	-0.946660	96.362215	-4.823618	143.793725	-31.997256	133.585403	40.335088	241.953942	121.088831	74.977705	259.408170	58.127986	444.915419	-168.742141	0.918952	0.873304	0.933534	0.807930	0.973987	0.927731	1.098898	536.236952	230631.309223	36.600573	906.232404	1081.994882	81.850520	1783135360.480220	0.000000
27.000000	4.837744	40.924897	-11.596443	98.858400	-16.247433	117.805256	55.089916	49.868600	336.631241	21.678280	183.270885	-57.616056	238.162162	103.766590	135.257172	246.117065	0.935808	0.858683	0.988807	0.921003	0.887357	0.866744	0.966906	508.720342	234641.167465	36.602054	929.706630	930.056929	80.087685	1783135360.480633	0.000000
28.000000	2.953120	42.184007	-18.514037	80.065909	23.860461	47.465933	132.639565	-11.378229	451.774033	39.833317	155.210007	195.181578	78.728775	424.391615	97.948239	340.829899	0.881153	0.848485	0.820082	0.801008	0.839939	0.854914	1.039454	543.386194	265241.944055	36.600889	975.711198	973.464508	99.646989	1783135360.480698	0.000000
29.000000	2.008143	48.159266	-11.092665	61.046033	63.212872	-15.097568	142.279587	0.505214	123.380396	175.901975	-82.232395	380.072259	-4.238916	135.012911	252.029143	-56.019922	0.873388	0.943178	0.989180	0.914526	0.805674	0.837620	0.914856	460.783002	231046.174681	36.609618	978.229005	907.228019	81.553427	1783135360.480740	0.000000
30.000000	0.177347	50.488394	2.797623	38.551387	90.547237	-15.107103	153.028798	188.119027	6.249844	175.735127	23.896630	103.821590	320.219158	-21.021054	233.360356	401.936268	0.991742	0.898113	0.838853	0.861306	0.935179	0.942804	0.944613	472.229389	228414.858683	36.605930	1079.038694	1032.314775	81.309330	1783135360.494302	0.000000
31.000000	-0.586109	48.822967	14.280008	11.444309	121.194923	-0.578662	48.778474	317.798387	12.680071	117.494748	169.388897	-40.853971	265.695676	252.817565	-217.273430	654.377767	0.843312	0.999467	0.874545	0.990138	0.978869	0.831436	1.094609	487.785140	242693.309500	36.608105	972.524453	1013.008699	89.703872	1783135360.494339	0.000000
32.000000	-1.690342	45.161427	29.045236	-12.258144	102.986678	59.879284	-22.499588	359.502023	91.969999	3.019042	297.913829	129.730540	-81.898125	381.058216	306.649694	25.896914	0.873782	0.975370	0.977654	0.825120	0.993384	0.971313	1.066501	450.878279	254006.126930	36.595197	948.831399	1074.787781	97.255082	1783135360.494371	0.000000
33.000000	-2.469532	38.910605	44.815409	-5.265599	75.137455	111.731605	-29.322271	82.996146	202.669392	-6.396970	66.386745	329.877865	81.925958	-28.165726	677.298057	158.659066	0.950680	0.826909	0.824635	0.839614	0.896424	0.943949	0.919073	527.661812	229527.385328	36.601682	1045.645135	928.357993	88.344508	1783135360.494388	0.000000
34.000000	-3.814608	36.665677	56.371546	-6.751208	34.106350	137.151331	83.388569	12.928301	146.505632	167.174634	-13.803818	133.390839	312.768462	120.017252	88.686960	211.620439	0.969844	0.953158	0.940798	0.946590	0.800353	0.892796	0.915932	464.917747	232538.019711	36.597664	945.189025	989.283269	99.384082	1783135360.510527	0.000000
35.000000	-3.508937	29.235664	71.011159	14.172758	0.586292	114.970640	252.565751	-14.485691	45.044758	285.646826	109.360534	-68.848273	192.697964	748.064478	25.688828	-102.330996	0.970520	0.851220	0.963403	0.888741	0.963476	0.834682	1.052298	490.013266	228685.143338	36.606233	1009.143901	954.686758	83.649839	1783135360.510590	0.000000
36.000000	-4.668982	22.188010	72.038604	33.696926	-30.894139	71.064757	301.807137	69.546707	-40.791412	129.732907	314.961117	75.811593	-132.213392	204.728006	454.929525	62.958969	0.976689	0.939347	0.820981	0.929272	0.976620	0.949534	1.081178	487.082442	276334.716356	36.599737	1060.139905	1085.064569	83.217023	1783135360.510625	0.000000
37.000000	-3.796584	14.621653	71.777496	62.548996	-0.366849	18.047426	135.697288	150.832589	1.364969	-54.679797	152.052017	367.957470	214.956306	33.604242	141.128059	518.573880	0.897843	0.954101	0.812368	0.915569	0.911332	0.944012	0.981382	542.017500	266795.520612	36.600641	1051.561617	929.509447	83.267312	1783135360.510655	0.000000
38.000000	-3.922856	7.407953	62.422606	85.912034	18.472193	-18.340387	65.678077	217.939622	132.038710	12.581425	-47.941384	142.149256	703.367654	163.452507	-51.389630	-52.404044	0.819054	0.961728	0.834260	0.806604	0.886850	0.854336	0.953923	495.693696	250880.386742	36.598384	961.256172	1086.170393	82.050439	1783135360.525796	0.000000
39.000000	-3.164982	1.921806	52.508113	94.375098	62.248775	-27.525785	7.347699	101.492608	271.088640	136.613848	44.670874	-58.339006	251.433591	249.577846	316.651221	130.037099	0.901863	0.896176	0.931228	0.816081	0.844083	0.890607	0.996574	499.970602	250402.792943	36.604481	929.191244	1076.973175	81.973141	1783135360.525838	0.000000
40.000000	-2.292210	-3.583826	36.213625	97.290256	97.333284	41.072252	-43.971040	-22.165519	117.848971	198.394110	232.481987	130.647313	25.351410	22.415777	257.396371	565.205553	0.955296	0.963357	0.864468	0.993509	0.841102	0.989178	0.906597	466.049196	262729.164032	36.598791	1042.745721	1060.648794	91.504169	1783135360.525917	0.000000
41.000000	-1.997908	-5.285580	19.125090	73.627567	103.576328	96.109606	31.113566	-41.587316	5.343138	135.572116	289.047065	621.514287	150.450847	-1.728744	7.198551	53.306745	0.901682	0.990805	0.975484	0.856403	0.867828	0.858460	1.021271	479.258045	230182.818080	36.601839	953.958696	1057.450982	87.200915	1783135360.527465	0.000000
42.000000	-1.378401	-9.467543	8.873945	52.228839	112.172916	118.611204	113.874820	37.609100	-60.987505	-16.522688	91.701634	219.198239	387.766740	323.533136	168.055417	-67.456169	0.936116	0.818724	0.958706	0.916698	0.902494	0.909442	0.990949	522.041137	247053.537560	36.590745	1005.007106	958.257495	96.139717	1783135360.541007	0.000000
43.000000	0.036645	-7.792757	-6.111752	25.361860	84.331978	115.106323	138.559541	159.732394	72.591152	45.111783	-2.636072	59.945338	80.767940	224.621593	461.216245	438.257651	0.813823	0.968514	0.955451	0.819865	0.915230	0.990096	0.956448	470.156586	248174.537696	36.604183	1039.607589	940.072855	96.053512	1783135360.541048	0.000000
44.000000	1.980449	-8.872625	-5.691963	-2.176759	37.544583	84.735689	131.588183	199.734147	161.691324	163.696319	186.855675	-25.030855	-118.788143	-54.379210	-72.683848	249.298727	0.909040	0.810855	0.962847	0.851469	0.807748	0.994475	0.976071	521.158558	234577.792546	36.603059	951.375066	1037.139852	95.089195	1783135360.541067	0.000000
45.000000	2.890267	-5.287389	-17.177116	-4.353446	-10.050631	30.250907	78.441690	117.604635	195.663563	186.625927	618.620236	233.497308	162.089972	125.991565	107.763450	-118.577579	0.937423	0.881337	0.962768	0.911853	0.923590	0.951604	0.920187	513.842124	260153.229612	36.590848	1033.233541	1037.433163	81.965391	1783135360.557113	0.000000
46.000000	4.763490	2.670805	-9.484540	-22.771400	-3.003943	-26.201558	5.840232	36.259053	62.765935	127.398030	180.367371	207.466830	208.491956	247.544568	461.389468	669.843414	0.992098	0.837167	0.877905	0.850741	0.890059	0.874985	0.960360	499.810669	273034.023231	36.599996	940.146064	983.990816	81.825890	1783135360.557156	0.000000
47.000000	6.495907	8.600641	4.427307	-3.527409	2.431568	-26.514776	-45.243694	-73.369167	-34.318156	-10.416326	41.905833	60.778397	3.834033	66.462883	250.687189	196.565646	0.836424	0.937189	0.856607	0.920915	0.825354	0.843590	0.917278	461.676016	228974.974629	36.607398	903.098075	931.996616	81.895987	1783135360.557175	0.000000
48.000000	8.274243	14.071647	17.089703	23.525328	17.230226	15.236723	0.394979	25.649023	-32.599979	-1.200392	-9.815924	58.922356	-14.165995	-160.240039	-147.220604	-98.591570	0.884910	0.921107	0.862257	0.900023	0.961025	0.922410	0.950153	454.728220	266070.856324	36.597585	916.280200	942.569589	80.625995	1783135360.557215	0.000000
49.000000	10.000000	21.311967	33.876733	49.269845	61.454510	85.969723	105.874758	110.533247	147.972187	326.863624	187.941068	172.893214	249.570836	314.098713	673.099537	224.589444	0.899295	0.919605	0.849761	0.821063	0.901467	0.838987	1.050518	498.725896	231910.246343	36.599008	959.445408	1035.605651	99.926355	1783135360.573452	0.000000
50.000000	11.727881	28.869394	49.146790	80.329730	90.829142	132.236072	164.383080	195.168418	253.574415	424.788465	327.168204	311.524457	341.362275	547.197547	254.293574	192.514942	0.846610	0.903859	0.821280	0.976434	0.824094	0.947593	1.068416	476.669614	260930.831721	36.604487	1002.474589	1076.498949	84.704579	1783135360.573491	0.000000
51.000000	13.499370	33.862781	60.402592	92.892936	120.335133	148.568394	171.230913	178.948524	126.239498	275.367747	100.976699	25.154556	-3.510722	-168.326903	21.523405	20.662625	0.817968	0.960461	0.807738	0.884087	0.974265	0.891346	0.956996	495.326064	274441.302727	36.593229	975.271217	1045.980204	88.685454	1783135360.573530	0.000000
52.000000	15.242134	38.877816	67.492919	98.707883	109.136239	121.863605	85.420232	46.370843	30.009242	-45.997100	-117.426854	55.794200	-59.300475	119.702979	156.009863	223.485953	0.913223	0.965553	0.901258	0.924310	0.982570	0.988031	1.042857	532.293594	274226.867742	36.603733	1014.862930	958.305445	92.483269	1783135360.573545	0.000000
53.000000	16.729705	46.965436	76.784332	81.365457	85.163131	49.481602	7.968552	-53.073208	-122.033261	27.115928	69.528767	144.623969	281.135200	415.717488	339.599022	273.454202	0.958592	0.824337	0.826762	0.900632	0.915195	0.913627	0.930226	541.772638	239451.401438	36.608462	1029.918167	955.518492	90.194807	1783135360.588252	0.000000
54.000000	18.697330	46.239034	72.446948	66.647203	35.278043	-13.979420	-50.104578	18.594659	121.700936	148.362314	263.201375	189.756845	312.534200	135.411111	-5.677241	-65.441328	0.975189	0.948216	0.994926	0.911920	0.994633	0.923860	1.082238	513.939527	257016.031025	36.607493	907.184554	1074.485670	88.443390	1783135360.588289	0.000000
55.000000	19.511330	49.666280	61.876359	38.807485	-5.170388	-44.740019	21.512786	93.813310	334.054969	257.669679	176.111840	74.979526	12.505818	11.177406	-7.048634	192.292431	0.973006	0.937742	0.985070	0.943205	0.820461	0.955055	0.921720	477.987373	228421.819550	36.595890	972.474820	930.431943	89.950749	1783135360.588306	0.000000
56.000000	21.017882	45.524049	46.520687	6.023406	-29.174020	7.605110	88.200409	160.497762	240.243107	117.365178	8.363156	-9.370598	50.615514	166.788413	322.007845	471.995409	0.822422	0.977718	0.923721	0.832993	0.898434	0.977471	1.028665	461.515744	256932.993476	36.608551	900.180767	930.063659	96.519466	1783135360.588320	0.000000
57.000000	21.550729	44.373690	31.104257	-11.283682	-11.522100	59.859275	144.999537	140.122077	88.342187	8.174045	-23.581761	129.425999	515.799423	294.755993	135.185157	-67.814489	0.885909	0.855404	0.872002	0.839909	0.866953	0.882897	1.099341	518.245814	242626.027406	36.600442	1083.783728	1046.349345	95.346707	1783135360.604630	0.000000
58.000000	22.494917	41.439188	17.119909	-17.173006	13.556266	110.168224	131.987050	83.506473	15.892096	-10.333953	170.982182	250.989685	377.647868	34.688318	-177.991084	158.756504	0.888510	0.859092	0.823723	0.943164	0.927508	0.935445	0.989945	453.283577	256363.997154	36.590853	994.366797	1050.582158	86.881174	1783135360.604671	0.000000
59.000000	24.075669	34.704848	0.191931	-3.579650	65.007893	143.786376	112.461776	-21.745899	7.050154	183.610178	189.806195	253.620325	-44.619717	7.994757	307.811934	763.773773	0.808083	0.941108	0.982372	0.806758	0.997739	0.847203	1.081142	461.731845	243525.869208	36.593057	934.499277	989.491481	97.561705	1783135360.604690	0.000000
60.000000	23.492093	29.548779	-12.508893	13.613597	112.935250	115.054480	3.851010	4.168724	134.033535	246.136397	110.570808	-129.533194	86.714048	306.088025	265.521724	106.846802	0.953416	0.994961	0.893050	0.877730	0.923113	0.903330	1.069110	518.840852	233502.944827	36.595974	1060.664742	1049.581209	96.830203	1783135360.604709	0.000000
61.000000	23.885275	22.348924	-13.187778	34.448794	106.799824	68.555900	-36.503433	122.693581	254.562507	112.616753	-36.384782	146.940894	223.016550	168.099586	-81.830429	176.019087	0.833115	0.804509	0.936049	0.995953	0.867699	0.833986	0.956938	473.438769	243403.746989	36.602378	1021.279779	944.204662	84.932016	1783135360.621476	0.000000
62.000000	23.744791	15.085952	-4.637894	61.063950	110.964323	-1.794818	-4.564905	366.298436	181.905658	-59.364370	83.787111	352.513796	163.187331	49.204753	154.481901	438.324325	0.849447	0.991409	0.852040	0.874877	0.865281	0.951887	1.062187	458.516904	248012.010597	36.597396	956.099292	1079.445090	97.582017	1783135360.621638	0.000000
63.000000	23.402578	8.818559	-0.373602	76.780162	82.538689	-13.695485	75.902487	387.907646	36.014313	-24.490473	293.526215	168.864917	65.617333	174.071883	638.991946	70.075764	0.915092	0.993432	0.947038	0.998798	0.867728	0.825277	1.087832	489.211752	240697.077677	36.599959	957.092193	1005.208459	81.673551	1783135360.621660	0.000000
64.000000	23.958901	2.238952	6.752857	88.362398	38.039058	7.811132	156.876203	114.083834	-68.189360	158.421144	175.370535	-108.741303	125.709025	432.932305	111.151727	122.431047	0.989128	0.975114	0.818806	0.975685	0.838092	0.896301	0.944417	509.314128	237195.951544	36.594869	1007.941363	945.072288	85.904942	1783135360.621692	0.000000
65.000000	22.371794	-0.999578	23.167287	87.017661	-0.246254	43.546157	136.023752	7.889252	43.099439	290.795962	-0.085975	65.545517	366.653528	50.503889	148.347340	383.762873	0.981643	0.959686	0.873174	0.800357	0.985963	0.939316	0.911534	499.437873	264342.286574	36.609888	1069.055585	1024.417134	99.513646	1783135360.621708	0.000000
66.000000	21.466199	-4.720828	40.548658	75.851710	-11.168991	99.577673	114.617539	-22.130929	201.045463	118.439081	-24.620478	324.255574	105.380598	36.656844	500.325852	80.875571	0.982912	0.898236	0.813427	0.896932	0.872211	0.841123	0.900346	476.574913	235051.689002	36.596253	1042.560223	1090.388994	95.011986	1783135360.634781	0.000000
67.000000	20.405619	-5.626008	56.415791	54.560383	-9.124894	122.026785	16.389260	49.105528	157.021560	-73.599828	288.746028	158.921921	25.375739	679.319697	140.289825	-116.075208	0.813072	0.988485	0.880937	0.995158	0.928688	0.964592	0.974064	461.245524	260066.667780	36.595458	1093.916997	908.900928	84.187066	1783135360.634822	0.000000
68.000000	19.291229	-8.912219	65.564921	23.121594	26.124407	149.212127	6.208984	125.582856	97.297930	-49.999881	193.815921	-0.028267	181.704068	535.253098	-103.495960	248.747133	0.823001	0.900171	0.852360	0.880536	0.912126	0.842235	0.907655	537.115588	269602.337590	36.605182	975.005665	966.598185	90.257358	1783135360.634842	0.000000
69.000000	18.164637	-8.697805	66.478156	5.613959	61.034275	96.247810	-1.589873	237.905932	-3.400386	161.536377	128.362744	31.721440	232.844072	-194.922705	277.247352	145.835009	0.944229	0.856771	0.962698	0.900415	0.832001	0.924026	0.976540	479.520900	241947.668752	36.607199	922.121931	937.459540	89.374173	1783135360.650422	0.000000
70.000000	17.133578	-4.857864	67.517483	-12.558118	113.370809	20.204289	115.345717	124.494926	-18.400312	277.653625	-105.436863	226.493072	81.357229	132.750860	317.136363	-182.285802	0.928152	0.838595	0.879796	0.917295	0.909112	0.841486	1.076820	486.255908	237814.708214	36.599256	1022.308636	1011.794681	95.051135	1783135360.650462	0.000000
71.000000	15.056558	2.882577	70.758723	-19.989668	104.525443	-3.699505	262.633141	26.536696	106.788408	122.414097	6.652749	320.483397	-27.420158	320.953491	-56.737613	438.781760	0.872758	0.962962	0.905917	0.844348	0.997300	0.869811	0.911726	466.360908	242562.607650	36.600093	1063.774135	1057.724517	92.271502	1783135360.650483	0.000000
72.000000	13.585757	8.072877	54.246945	1.519613	101.781111	-30.542034	155.564010	-39.852037	163.826282	30.598958	282.082378	38.813714	227.886472	109.240590	154.199722	179.933164	0.919099	0.890840	0.859333	0.916505	0.830698	0.820498	0.921506	485.873946	256689.293676	36.598229	978.756903	901.697124	92.571289	1783135360.650501	0.000000
73.000000	11.697293	14.433275	41.491190	18.454533	77.391254	7.199841	142.814270	6.978278	160.674906	32.373249	228.356182	-84.644203	357.781782	-43.840545	284.069557	-102.007071	0.954443	0.831673	0.972889	0.918970	0.856327	0.825120	0.963907	492.057049	258685.425968	36.592282	1095.930782	943.526943	86.747277	1783135360.666277	0.000000
74.000000	10.000000	21.379656	26.304289	49.970840	35.531952	77.855259	43.235507	107.695017	51.655636	337.846913	19.340673	225.815220	-32.491399	328.788733	36.246137	631.943817	0.922019	0.967998	0.850185	0.915821	0.829268	0.969304	1.081924	462.256265	241215.725031	36.593770	1061.259425	1039.783765	97.463777	1783135360.666316	0.000000
75.000000	8.166093	28.855622	12.331630	81.063357	1.551637	129.340020	-50.619387	209.604507	-24.078849	427.110973	43.183019	258.283548	-124.064884	339.523597	64.310257	476.878428	0.914839	0.828291	0.905841	0.852957	0.947850	0.944946	1.021448	538.425753	232123.080294	36.598559	1071.924893	1087.956657	94.816125	1783135360.666337	0.000000
76.000000	6.656817	35.056088	-2.846293	92.358374	-30.751770	154.108591	-7.683701	140.158828	48.903198	236.901994	131.056805	64.326047	519.914640	-18.804587	290.674287	-114.441912	0.823754	0.841911	0.933260	0.939766	0.863364	0.964814	1.071502	494.797021	235483.822300	36.602505	988.984615	969.957723	96.845667	1783135360.666354	0.000000
77.000000	4.842773	42.232955	-13.798965	105.501696	-16.883331	105.838424	54.222580	60.157626	183.133813	-81.812500	192.983854	-64.686293	514.049284	79.990522	125.422423	308.369304	0.937409	0.912418	0.985392	0.948506	0.945439	0.822438	0.943471	527.406057	276386.153032	36.592791	1023.110340	1047.337439	93.178711	1783135360.681189	0.000000
78.000000	3.062904	45.502542	-16.049515	85.464840	15.975235	50.665814	134.614410	-53.065820	217.520525	-36.506386	163.775295	199.629173	-73.792818	398.089889	-174.201431	212.155807	0.969685	0.917537	0.952429	0.812679	0.851486	0.930331	0.927305	492.169102	254214.513728	36.603869	1006.823956	962.022918	99.943608	1783135360.681230	0.000000
79.000000	1.987904	47.812581	-6.132875	62.690051	65.112807	3.812180	164.786544	-26.207824	111.290700	165.075801	45.595810	572.235611	75.905752	138.298743	612.885301	44.177311	0.808245	0.818426	0.854210	0.823660	0.809300	0.945914	0.965309	523.178871	276794.191319	36.607948	1001.728910	1081.467435	93.077215	1783135360.681250	0.000000
80.000000	0.148125	49.570892	-0.832307	38.439284	93.961522	-26.590349	127.962631	86.890736	-28.119600	240.479618	36.256348	197.464180	205.877970	-80.561449	394.260245	184.276152	0.827136	0.821066	0.800718	0.946351	0.895673	0.956389	0.952123	455.435621	251633.213710	36.607847	1002.241160	1007.597823	92.910110	1783135360.697047	0.000000
81.000000	-1.402463	49.094074	13.007779	12.422313	134.698817	8.588267	56.271668	216.461753	-64.966160	117.744892	269.505930	-1.681099	282.408063	254.113180	-200.407860	215.081124	0.945119	0.821602	0.804251	0.895652	0.848252	0.985496	0.957585	477.727951	247560.348388	36.603422	1005.605551	1011.225502	91.840353	1783135360.697087	0.000000
82.000000	-1.814477	44.729004	28.942600	-9.357239	115.623209	59.874970	-42.253499	173.968377	178.463480	-6.809467	184.747306	128.287843	-118.510330	408.563875	156.551198	35.726522	0.845541	0.994003	0.845636	0.838661	0.923712	0.844370	1.009876	503.428210	234080.257723	36.590086	1062.311102	937.244753	86.409873	1783135360.697106	0.000000
83.000000	-3.059455	42.071481	45.582772	-22.016050	77.496739	125.811419	-32.569702	82.851301	192.285625	-33.694861	42.613592	351.964272	92.378159	66.627966	462.265393	158.850224	0.905266	0.805509	0.960165	0.811443	0.950587	0.850440	0.909144	466.456063	270329.678142	36.592356	985.628846	1063.075149	82.882071	1783135360.697123	0.000000
84.000000	-3.725403	35.581615	61.343939	-15.107141	35.729256	123.499334	33.745718	-28.285138	183.134744	158.684596	30.914993	134.915710	193.622729	2.869870	-36.936069	488.482140	0.863372	0.906265	0.835533	0.903070	0.816784	0.823483	0.934268	529.115531	270675.581375	36.599629	995.859065	969.232036	84.777025	1783135360.711864	0.000000
85.000000	-3.395199	29.185259	71.555862	6.578772	9.855907	134.858137	120.222274	-7.063241	41.927995	181.715875	109.719324	-103.351183	170.736727	567.444122	95.831638	91.852370	0.806212	0.932807	0.844514	0.939036	0.909594	0.965209	0.970909	457.919036	258400.404830	36.592829	1071.549371	938.029596	83.912435	1783135360.711900	0.000000
86.000000	-3.877185	22.257964	69.019611	33.260231	-6.921490	72.333680	166.096456	64.663577	-26.656084	118.649485	315.860252	79.722305	-61.689977	361.998346	235.807170	93.177142	0.939360	0.897487	0.838175	0.864278	0.856544	0.954382	1.090051	468.300428	230902.260846	36.608169	1019.346781	943.865863	86.829890	1783135360.711920	0.000000
87.000000	-4.252558	15.214077	68.938093	61.047935	-24.313863	18.100019	145.122471	171.996624	4.548040	-16.174912	318.117505	374.366379	110.940249	-112.171347	145.922536	496.163872	0.865615	0.969106	0.923617	0.869975	0.933750	0.965813	1.028914	516.772430	267859.111665	36.609365	1099.454409	922.461853	91.935582	1783135360.711937	0.000000
88.000000	-4.136043	8.559890	64.523242	82.455444	18.159454	0.550837	64.813205	177.377593	155.261226	28.932706	-102.712707	204.446627	343.072270	173.913429	45.723840	-49.936176	0.887386	0.984804	0.803909	0.865019	0.899006	0.928601	1.032003	482.816375	277038.287170	36.605295	1005.882613	1083.843635	82.718006	1783135360.727006	0.000000
89.000000	-3.910402	3.481182	52.573987	93.807325	63.082717	5.268222	-5.635065	100.199186	217.376896	155.839591	6.750616	24.693187	132.798844	291.706125	219.972021	110.053640	0.812903	0.969527	0.920261	0.918682	0.961772	0.954691	0.907113	484.253109	247735.265799	36.591352	1017.002865	994.072704	94.018919	1783135360.727055	0.000000
90.000000	-3.021867	-1.139544	36.011408	86.686159	89.601196	38.701715	-15.945604	-16.246354	123.842560	296.455410	193.941821	84.169156	-81.417183	66.995781	256.990830	738.574995	0.810673	0.924981	0.859129	0.976418	0.947060	0.880353	0.929315	510.592636	258487.022752	36.594701	989.981738	1079.964651	92.906027	1783135360.727074	0.000000
91.000000	-1.688366	-6.592256	19.112110	70.873755	124.355339	106.978889	31.287764	-74.189728	-27.897777	128.944585	267.332858	328.842235	156.526307	5.175033	16.700384	205.286581	0.826769	0.922424	0.953629	0.856149	0.811711	0.941168	0.996785	451.999037	275449.831382	36.596626	1031.520244	970.846891	84.293191	1783135360.727090	0.000000
92.000000	-1.357119	-7.860524	5.205315	52.683332	114.810148	133.346083	99.590669	85.747449	-16.364287	-67.902566	58.349550	240.921955	343.209599	252.081809	166.040278	-15.044863	0.840138	0.988187	0.808454	0.806173	0.879157	0.881014	0.960323	459.896450	230578.658643	36.605293	926.699717	1025.494179	80.566537	1783135360.741998	0.000000
93.000000	0.590252	-6.925575	-5.043253	21.534221	73.338372	144.665208	150.702795	318.591275	82.118802	-20.764210	-99.215506	-34.932560	83.710814	198.376033	244.481031	473.597030	0.832385	0.856257	0.827058	0.862468	0.862102	0.977409	1.033574	474.241023	242360.104509	36.604465	973.387696	1093.879308	89.165609	1783135360.742042	0.000000
94.000000	1.948941	-6.840167	-6.439103	-0.747525	39.035178	95.174937	129.670936	423.159643	172.687376	178.800222	82.936802	-36.935859	-116.608205	-114.171685	84.379929	113.311364	0.972684	0.886619	0.979759	0.803471	0.993026	0.928814	0.966014	502.874638	269866.617127	36.606936	900.468473	1058.486098	92.873289	1783135360.742061	0.000000
95.000000	2.984544	-2.504005	-17.626369	-18.482015	-7.742002	24.576220	77.526418	126.021022	154.865602	203.604090	303.659999	271.311517	391.705355	130.800285	117.956792	-38.056180	0.884309	0.846551	0.807882	0.817051	0.819620	0.916477	1.057161	467.410510	241934.180276	36.604321	963.677979	1066.873342	99.553727	1783135360.742081	0.000000
96.000000	4.542638	1.912570	-5.625038	-8.029599	-31.914808	-26.151992	-20.044136	31.069795	68.075431	128.830938	159.350818	223.755453	659.619043	470.303980	750.102525	344.573454	0.882597	0.884220	0.981961	0.972971	0.841575	0.987884	0.939907	533.219065	267565.182321	36.604950	905.879948	1038.225031	95.310222	1783135360.756893	0.000000
97.000000	6.618575	8.087162	6.520980	-9.962080	-21.974818	-30.787156	-43.025107	-68.194430	-39.882823	-73.868065	-22.305537	35.125155	-6.292286	84.806235	254.199986	199.756715	0.971516	0.834284	0.911236	0.982313	0.841446	0.877451	0.997851	546.917715	242465.618509	36.601865	932.405805	952.815549	82.978671	1783135360.756938	0.000000
98.000000	8.245239	14.838832	19.608030	24.046929	21.041907	30.543966	11.881649	-8.443848	-30.714715	-36.270774	0.332254	-10.713752	-0.071163	-31.292631	-40.839497	96.290062	0.849641	0.853840	0.829936	0.991000	0.839274	0.942084	0.920937	502.546570	257552.270874	36.602996	981.757360	903.674675	94.121458	1783135360.756963	0.000000
99.000000	10.000000	21.274728	34.254148	48.921618	66.301153	76.913667	100.545718	108.008694	150.367700	339.517386	225.264231	405.623705	281.402589	247.051342	220.116701	436.944349	0.803156	0.922715	0.942157	0.857010	0.894069	0.936731	0.972750	463.217845	246549.289057	36.600395	1031.620167	922.244204	85.123665	1783135360.772027	0.000000
100.000000	11.716844	28.446793	51.803606	77.757831	105.862419	149.879439	130.086937	200.309523	169.490294	472.224174	294.034051	598.330368	288.108900	323.012075	301.072251	298.995250	0.995650	0.941321	0.918402	0.952990	0.883150	0.801240	1.001631	505.870991	263251.896380	36.598373	913.486075	914.887590	83.632754	1783135360.772065	0.000000
101.000000	13.516882	33.407653	61.992828	101.215039	110.767307	128.983568	149.907732	164.643482	134.638303	262.173800	93.140843	129.916324	-36.794669	1.360452	-160.754747	67.276940	0.810540	0.837549	0.900139	0.883658	0.945863	0.895860	0.917004	547.656876	237162.768651	36.603645	1042.254314	950.721933	89.523237	1783135360.772086	0.000000
102.000000	15.447621	40.126631	75.928425	97.682889	122.094442	121.272571	88.971005	58.434548	-12.216665	19.660977	-123.795962	-87.642735	65.473665	106.163699	155.559480	246.514597	0.880188	0.945719	0.895979	0.872128	0.874193	0.808607	1.061801	478.488508	241759.715383	36.608535	924.072469	1014.023717	82.584138	1783135360.772105	0.000000
103.000000	17.061849	43.151597	70.800670	86.977365	79.442792	49.177516	16.203999	-9.995150	-62.282056	-4.324197	51.191073	176.384563	271.403308	544.926295	383.405430	330.652017	0.840481	0.923533	0.854997	0.880043	0.827952	0.922845	0.929612	525.687479	237107.833321	36.594051	944.680428	906.680327	90.656651	1783135360.788845	0.000000
104.000000	18.132776	47.200728	71.728595	65.007174	38.868854	-8.372758	-75.367676	4.198034	60.016749	174.700013	267.897793	238.596419	312.112253	132.988128	-68.817471	3.674522	0.958300	0.851001	0.804064	0.868293	0.927100	0.962463	0.991221	483.069469	236238.812718	36.597823	1010.977273	996.329059	91.399576	1783135360.788938	0.000000
105.000000	19.911462	50.807765	56.542001	38.628968	-3.696487	-26.710905	30.928259	90.540960	153.704322	279.359901	192.079369	100.986196	21.138028	-8.544810	-28.768967	422.241352	0.806157	0.904270	0.941974	0.988001	0.939846	0.963418	0.903113	461.554333	264587.318139	36.590136	937.930779	1034.019627	95.419860	1783135360.788969	0.000000
106.000000	20.565929	50.018679	45.695278	13.527152	-33.415760	0.571984	153.849644	216.737221	231.611058	117.376238	-33.941897	-133.803554	-9.257612	207.867766	328.190852	852.924610	0.925288	0.943607	0.993097	0.892972	0.978677	0.936624	0.989370	493.522857	234301.070347	36.607725	922.999023	999.577388	87.375756	1783135360.788996	0.000000
107.000000	21.559494	43.939110	30.952904	-7.155540	-21.386438	59.865958	166.451294	202.053335	156.352716	2.457351	16.441908	130.960647	386.534470	380.081529	139.601020	-123.903607	0.983626	0.859555	0.992697	0.882289	0.985663	0.916320	1.036732	505.942633	232989.481916	36.593723	1078.027369	1006.408254	85.272742	1783135360.805217	0.000000
108.000000	22.417904	42.167631	15.911220	-5.759551	15.279274	113.996570	160.484674	82.050008	-49.834133	-51.457400	173.049608	220.561777	155.712207	-10.605026	-14.833359	158.712185	0.993183	0.825722	0.957768	0.942994	0.903909	0.880307	0.937967	538.625802	275652.760217	36.594435	986.527263	1051.354080	87.988863	1783135360.805279	0.000000
109.000000	23.149250	34.644158	-0.983389	-15.361874	67.175704	126.248041	94.866334	11.080284	13.177587	149.204568	503.551366	129.633476	18.397930	46.743322	346.535060	332.743586	0.976841	0.854737	0.956351	0.951254	0.808056	0.885844	1.043807	486.034712	261972.461842	36.594813	1083.546265	1022.206426	99.181890	1783135360.805306	0.000000
110.000000	24.258386	29.152137	-12.848392	4.426838	105.582287	115.377910	1.094505	-55.927980	125.465418	248.895265	233.927274	-116.620588	107.095216	253.619432	244.220699	-139.989669	0.812336	0.976188	0.971553	0.898267	0.871430	0.936837	0.938644	492.625094	239003.930375	36.591711	1092.243030	984.718243	81.665465	1783135360.805369	0.000000
111.000000	24.298112	22.182845	-13.426685	34.042688	125.000785	69.244358	-31.408418	56.268908	213.276274	130.419622	-147.829126	84.099136	411.502904	153.833043	-206.418092	99.012837	0.846110	0.998805	0.822844	0.891538	0.827031	0.900736	1.028362	505.041712	266095.320730	36.595981	1067.248921	1032.543960	92.120024	1783135360.819945	0.000000
112.000000	24.240752	15.327630	-14.715276	58.813081	109.152551	24.527556	1.033561	132.706063	152.028076	30.319585	27.590977	329.802149	161.758323	-30.438479	362.397785	279.523163	0.915100	0.922640	0.981381	0.999139	0.826977	0.811658	0.980149	452.300870	244685.191848	36.607639	1054.893346	1091.830083	95.781494	1783135360.820033	0.000000
113.000000	23.433092	8.497040	-5.007876	81.159062	86.156879	-13.354998	73.230830	156.564524	17.382472	-0.531733	190.239282	203.586553	-81.716206	158.061795	560.976424	0.101495	0.832329	0.961787	0.859243	0.808501	0.819709	0.884200	0.956267	480.071132	261349.851027	36.602299	966.655716	986.338793	93.830229	1783135360.820062	0.000000
114.000000	22.864805	0.503607	9.337065	86.092572	33.345818	8.111186	160.323273	111.648520	-77.829394	140.532254	191.990520	1.701455	245.536415	302.352099	37.316399	32.355068	0.960722	0.885567	0.897852	0.991622	0.935723	0.892716	1.099038	534.046955	259786.344199	36.607819	1093.977725	957.312309	91.416175	1783135360.820088	0.000000
115.000000	23.039510	-3.765916	23.882225	86.206814	-7.587769	34.101625	185.659279	-13.909776	32.685526	221.291610	-15.054236	53.814964	551.715147	13.172486	-9.429709	514.603947	0.876119	0.920144	0.841855	0.833999	0.927251	0.947764	0.931935	525.975205	246618.435971	36.606303	930.442896	1099.946483	88.793747	1783135360.836134	0.000000
116.000000	22.165173	-8.496267	38.649143	79.133835	-31.309765	96.723676	100.162162	-16.948346	184.059821	124.044443	-80.148538	249.445116	118.398848	-31.343321	261.568072	37.676857	0.819246	0.926183	0.936877	0.806028	0.966687	0.829096	0.971751	497.830907	229404.263130	36.598516	901.724985	1029.383615	84.829715	1783135360.836196	0.000000
117.000000	20.870999	-9.332638	52.659628	54.761607	-14.682701	124.686099	29.114156	51.317881	207.885753	-23.962552	153.994347	180.751267	-27.815156	208.833054	135.351250	-119.620438	0.949647	0.945960	0.999897	0.874855	0.916909	0.826365	1.078899	456.447401	242354.804440	36.601550	1059.108813	1063.018644	83.637127	1783135360.836222	0.000000
118.000000	19.522121	-6.239211	64.806191	25.487470	15.106075	126.561753	-41.638133	146.408590	101.620558	8.856782	231.366602	-53.032914	188.122549	514.195540	-5.728646	534.956882	0.879179	0.822916	0.833556	0.838528	0.802530	0.957104	1.085437	533.011990	239809.822472	36.598817	963.127697	1074.918752	92.082436	1783135360.836244	0.000000
119.000000	18.061197	-4.718789	76.645405	2.440878	65.892597	94.742088	-35.369039	156.602939	-67.932578	133.876226	119.142656	19.839619	322.112524	-30.043184	335.695450	290.041822	0.995713	0.878922	0.915836	0.990995	0.969144	0.905444	1.099302	464.184304	229234.695607	36.593833	1097.098903	973.129302	80.412437	1783135360.851611	0.000000
120.000000	16.827797	-1.955678	71.596202	-10.544371	92.065617	34.769643	62.661177	116.652655	-44.441693	298.171331	-109.593549	441.091887	94.147661	207.233281	334.657870	41.990004	0.927591	0.977510	0.820396	0.910301	0.802611	0.994564	0.974476	543.041795	228834.591798	36.590765	1065.382731	957.501061	98.484183	1783135360.851671	0.000000
121.000000	15.251826	2.143380	62.366964	-19.114680	107.090060	-31.977905	158.308381	15.120707	116.023826	137.464960	4.060331	541.505033	-60.548714	475.165543	-46.457611	640.631378	0.953912	0.863663	0.945306	0.988574	0.857104	0.826201	1.082597	511.384533	264070.036654	36.604514	1039.849018	1080.478510	80.766200	1783135360.851696	0.000000
122.000000	13.517650	8.219574	57.850760	2.429351	101.742838	-2.663386	161.401515	-60.767893	242.780322	23.587894	176.843672	20.657374	262.323532	85.293619	166.248175	202.485070	0.949466	0.953558	0.902532	0.950763	0.950082	0.873876	1.032160	531.480826	274806.478799	36.590517	1000.509539	983.146979	85.923686	1783135360.851722	0.000000
123.000000	11.792195	13.886743	40.585730	20.228895	84.060971	21.556218	109.819238	33.909366	159.740880	26.753496	198.874782	34.718272	291.853232	40.506052	252.922610	27.871496	0.978416	0.911044	0.938644	0.880582	0.916308	0.903996	1.084312	485.091772	257610.601827	36.590071	942.119262	947.795902	97.491050	1783135360.866319	0.000000
124.000000	10.000000	21.453435	25.951003	47.334323	38.941580	86.625738	40.049967	239.963739	59.302729	328.237150	9.008247	231.021946	-34.027538	321.717171	69.393375	205.631853	0.993829	0.824135	0.824966	0.985084	0.880113	0.939417	0.931982	484.106333	245448.058094	36.597673	903.590019	1013.035711	84.292291	1783135360.866384	0.000000
125.000000	8.299568	29.064472	11.288005	69.118495	-10.112123	148.775672	-8.510951	345.173826	-33.381224	457.047025	34.699879	327.130079	28.891884	226.139420	32.331112	196.583546	0.850323	0.973937	0.973958	0.913959	0.994975	0.833078	0.940775	487.449966	233372.331818	36.607661	1046.894497	900.038556	91.484855	1783135360.866413	0.000000
126.000000	6.337065	36.095162	-3.359653	99.037096	-3.491270	157.855511	-42.592263	172.167502	54.528189	240.840055	129.995017	86.435622	293.121031	47.196134	484.737645	-19.761365	0.949288	0.918974	0.818791	0.893075	0.818739	0.815924	1.050655	487.223940	253039.928682	36.605655	998.994281	1022.910003	89.261125	1783135360.866439	0.000000
127.000000	4.816141	42.250539	-6.061946	89.017661	-26.722244	110.294444	45.671265	62.956738	153.069363	32.416559	285.492058	-73.449098	220.773427	91.175379	306.620603	195.378433	0.830045	0.964013	0.816580	0.809967	0.894588	0.843772	0.943116	493.563197	275974.697865	36.600075	1065.004396	944.176695	96.828241	1783135360.881478	0.000000
128.000000	3.070971	44.588596	-16.296777	81.965475	23.656112	52.490644	114.728902	-41.802642	167.420239	13.607722	148.396080	189.169041	35.482394	312.259670	-84.766198	312.697896	0.962104	0.822587	0.882485	0.878252	0.913183	0.830315	0.946942	477.135402	247268.510344	36.608209	996.891670	986.668802	84.628191	1783135360.881563	0.000000
129.000000	1.956759	49.846272	-6.104189	68.561504	61.447588	4.928763	149.303548	-40.491053	114.081693	191.036219	-82.844986	343.939657	45.768613	135.637343	682.446297	-26.156005	0.955651	0.992160	0.806870	0.987045	0.987715	0.971348	0.911574	547.530745	275502.700623	36.609497	1030.106596	1068.646401	98.974808	1783135360.881587	0.000000
130.000000	0.351209	47.938214	-1.925128	38.778741	91.966591	-42.300937	134.491974	93.652507	-11.437624	191.660581	40.085331	73.958998	339.699144	-114.150370	346.052062	243.878185	0.822570	0.949799	0.886443	0.856994	0.800012	0.912762	0.930397	537.512447	247769.077988	36.604834	1010.743100	917.161283	97.216720	1783135360.897717	0.000000
131.000000	-0.414985	45.941539	12.606614	16.836795	107.040684	3.217708	49.826000	170.663790	-69.630233	129.378418	431.662629	-115.823379	236.291011	190.852564	83.777063	268.664066	0.829628	0.896748	0.906426	0.940911	0.832277	0.928659	1.026225	523.566199	244231.024072	36.605433	973.015024	1074.409891	97.162238	1783135360.897789	0.000000
132.000000	-1.839840	46.310404	28.885431	-8.318661	125.561133	59.911593	8.686368	195.197956	92.056514	-28.541336	533.683168	131.727888	-54.152045	408.386746	164.309195	-0.880869	0.985885	0.967729	0.943426	0.829477	0.843138	0.935364	0.927738	523.014120	228867.492730	36.595750	1005.336711	964.864112	95.225713	1783135360.897826	0.000000
133.000000	-2.398985	40.758858	45.717278	-12.294814	72.477430	134.374248	-44.554178	82.907234	192.193354	31.686888	127.034204	391.254956	120.802366	34.367113	489.842288	159.381663	0.886961	0.913708	0.984195	0.808250	0.885745	0.816067	1.070400	537.010897	254130.231928	36.591190	979.078089	923.834949	96.821086	1783135360.897866	0.000000
134.000000	-3.855992	34.608255	59.781340	-4.624796	33.871714	164.605744	31.373242	16.912155	361.738792	147.494876	-33.170265	127.529385	712.588185	-4.658265	89.978190	777.751660	0.943856	0.808749	0.982053	0.879071	0.851578	0.938335	1.037682	466.845796	274344.213253	36.599863	1005.681519	935.772111	92.709909	1783135360.897899	0.000000
135.000000	-3.255980	28.893225	72.134893	10.229669	6.288553	111.862980	135.591508	-20.969340	116.181959	193.460636	109.712169	-79.898929	211.734111	673.287300	112.023317	29.544752	0.855467	0.963841	0.882767	0.887849	0.802509	0.965110	0.989667	454.139088	232491.344268	36.600981	1015.154780	1007.602688	80.222695	1783135360.913096	0.000000
136.000000	-3.805758	22.206271	77.144253	34.356958	-25.466286	69.948569	161.956310	60.405124	-114.723746	118.337486	299.885396	68.032335	56.722292	370.515113	440.936386	174.036841	0.918114	0.965306	0.852785	0.873802	0.989882	0.933959	0.914003	509.418807	241953.517622	36.596603	919.058885	992.993965	96.729373	1783135360.913170	0.000000
137.000000	-3.673610	14.770192	74.092608	60.039466	-4.466364	14.849966	121.122429	189.708121	47.664803	35.439347	150.530781	215.031261	117.421362	-248.729021	139.966426	366.100359	0.854715	0.807921	0.887385	0.835926	0.969006	0.851877	0.921412	529.391966	232225.948507	36.597612	915.865361	1057.215561	84.349041	1783135360.913204	0.000000
138.000000	-4.228112	8.852188	62.613620	76.677615	27.138659	-9.431731	65.339842	169.269591	162.860834	-37.021389	44.416852	168.337422	238.959161	157.968112	-175.760611	94.860621	0.885144	0.906884	0.865760	0.845483	0.828850	0.882183	1.023779	509.083633	254547.504545	36.608506	1045.300231	975.544284	89.046121	1783135360.928887	0.000000
139.000000	-3.391602	2.765674	54.253362	85.738455	65.921813	-11.890549	8.912079	116.893548	224.532555	141.119096	59.492616	-28.388992	137.339116	243.907276	350.170206	124.998928	0.883319	0.977925	0.879515	0.962959	0.847381	0.803876	0.923190	510.304912	230759.728127	36.602768	914.023856	1004.458094	89.338559	1783135360.928950	0.000000
140.000000	-3.240891	-2.952031	36.455026	86.127644	104.008597	36.569912	-77.539302	21.618802	121.401041	256.812205	189.227890	109.331155	-142.162249	-3.340875	256.185739	374.241305	0.927831	0.825501	0.969459	0.901857	0.976193	0.974699	1.009924	453.834199	251398.369474	36.594457	1051.003761	905.361714	87.889945	1783135360.928976	0.000000
141.000000	-1.476785	-4.155027	20.871200	70.267291	133.872796	88.728391	50.140924	-70.962479	-35.875317	131.113013	205.655957	592.000337	141.378797	6.878889	-210.267578	20.920048	0.862271	0.830548	0.977681	0.800249	0.938905	0.843991	0.933508	540.833613	229380.133551	36.601780	1051.283037	1018.773650	85.887593	1783135360.928998	0.000000
142.000000	-1.098231	-6.777257	3.980623	52.818510	108.819037	128.302917	113.879563	44.686245	0.608073	0.499035	59.002473	172.649932	238.357470	287.293420	160.608473	-77.596596	0.952009	0.817708	0.918271	0.802514	0.938661	0.876692	0.961724	489.827662	248643.650408	36.604371	1043.420264	947.856109	94.187633	1783135360.946256	0.000000
143.000000	0.533402	-8.832733	-2.830274	27.019791	76.238354	157.297124	192.166119	145.251187	72.780531	-18.387622	0.997225	24.986146	80.088943	220.168947	652.732343	336.224724	0.934196	0.954381	0.914363	0.984998	0.842547	0.960561	1.047731	501.050121	251292.945228	36.600747	905.884825	936.621109	91.491165	1783135360.946372	0.000000
144.000000	1.316077	-6.679895	-17.163405	2.840581	36.494804	96.451869	171.161153	213.320028	184.258555	189.519070	93.302115	-31.539718	-58.666929	22.769220	28.501543	136.789197	0.970854	0.810231	0.814055	0.966988	0.982333	0.984624	1.005982	532.242987	240837.572989	36.601871	993.649194	954.661874	81.966307	1783135360.946406	0.000000
145.000000	2.913329	-3.158870	-16.724484	-17.483787	-3.102571	35.107341	78.493649	134.981415	198.369552	300.452527	291.552385	218.336853	154.518302	118.877988	55.864922	39.916265	0.858092	0.800490	0.809528	0.805192	0.964901	0.905451	0.977570	457.432546	234341.047649	36.590903	1077.659122	915.231361	88.414950	1783135360.946425	0.000000
146.000000	4.733986	0.996516	-5.446666	-13.306304	-22.051222	-16.289636	11.937986	18.127361	76.098875	121.924363	216.181261	285.781336	230.811453	350.367913	230.088206	480.053319	0.989330	0.850860	0.984695	0.852922	0.808982	0.935309	1.051392	499.570091	250632.418519	36.590742	1077.689847	1038.505604	99.327672	1783135360.946445	0.000000
147.000000	6.574738	8.277944	4.060323	-5.319852	-23.057042	-11.728103	-53.347312	-9.893530	-53.709165	15.086632	-3.471573	6.677611	32.347316	123.170142	131.429756	205.917606	0.857506	0.811103	0.862145	0.875084	0.894602	0.836082	1.066860	472.925141	243109.645020	36.606495	1084.965144	1093.504954	97.599807	1783135360.961694	0.000000
148.000000	8.154508	13.858488	17.957710	18.639217	21.961067	8.253374	23.089959	35.352709	32.458560	-13.637126	32.203557	-33.102890	-70.125881	24.155748	-157.852175	-64.031653	0.939143	0.861029	0.838873	0.906078	0.810484	0.869528	1.061392	516.488570	261566.471423	36.608243	1049.919152	1091.736797	86.009855	1783135360.961739	0.000000
149.000000	10.000000	21.435766	34.849460	49.870614	60.703444	75.679331	93.535847	117.875497	123.056154	328.818985	156.632101	194.786211	298.795533	233.492662	191.235253	721.058909	0.833546	0.839557	0.819587	0.896649	0.867905	0.852744	0.944546	547.120113	272311.625612	36.605098	907.969851	1021.184669	80.862320	1783135360.962142	0.000000
150.000000	11.788262	28.622321	51.514490	73.074574	90.313608	117.728980	154.698952	225.089876	199.446930	497.217121	212.885119	346.925595	210.545575	220.258339	227.426928	454.579381	0.923528	0.900031	0.843383	0.811929	0.826308	0.841190	0.913203	500.770434	246985.062781	36.609979	1007.291621	1019.312795	84.319767	1783135360.962162	0.000000
151.000000	13.370381	35.251841	60.949311	99.277204	117.870284	166.470379	129.945452	156.359745	156.177643	267.520392	89.268564	21.094813	81.284611	-133.552796	-183.665464	47.090117	0.948532	0.834691	0.890793	0.805597	0.891293	0.998942	0.924505	496.661963	252596.063177	36.601528	1015.598467	1004.758485	94.950171	1783135360.977554	0.000000
152.000000	15.127526	39.951141	71.811786	90.218098	122.281808	118.118921	96.472277	51.487422	20.233391	-10.772266	-66.637958	-81.309832	-7.858410	193.252980	163.114341	195.843188	0.846092	0.925485	0.877511	0.976521	0.964045	0.887099	0.961890	521.105220	235208.901785	36.599286	1006.479052	1038.076162	84.991831	1783135360.977617	0.000000
153.000000	16.711031	45.710647	67.941559	80.413315	84.187359	52.393390	5.475581	-11.100188	-26.689994	-1.431572	146.361323	164.089610	629.429041	571.306517	309.252367	193.026414	0.912376	0.974256	0.854832	0.986999	0.877820	0.944961	1.050363	527.887174	254162.824768	36.594974	915.602218	1068.922312	92.934565	1783135360.977644	0.000000
154.000000	18.521131	46.140392	72.511786	62.478399	38.361651	-10.124706	-22.248976	5.647084	68.007324	178.445624	493.580562	333.087675	282.934419	289.861496	-41.684483	-181.610833	0.866035	0.823824	0.953196	0.912694	0.975003	0.990893	0.989700	513.158418	277723.399445	36.592014	927.543369	936.149224	81.157375	1783135360.978047	0.000000
155.000000	19.244179	50.030786	63.198794	38.691889	-6.128408	-35.359020	-9.390845	192.534500	199.200609	221.516339	374.856821	89.921868	-93.816118	-116.183540	14.751880	230.383102	0.983406	0.945344	0.892082	0.878497	0.915208	0.961449	1.043514	531.854140	240232.145957	36.596428	1061.956056	903.269935	95.331192	1783135360.992632	0.000000
156.000000	20.980038	45.386487	45.621763	16.834290	-23.180793	-2.985665	82.647622	359.667720	186.738943	132.163684	0.789800	-101.293258	57.739802	200.582999	348.285095	462.413330	0.895488	0.935806	0.967359	0.894642	0.977946	0.834242	0.955560	468.214939	258073.447009	36.604787	995.174190	902.677807	82.765918	1783135360.992716	0.000000
157.000000	22.012878	45.473885	31.168622	-15.186308	-19.468290	59.903419	177.061432	148.531944	88.186553	3.020259	25.553666	127.477743	235.165662	200.582528	145.581460	66.524456	0.840331	0.836677	0.862150	0.820305	0.898565	0.877218	1.005720	489.956402	247802.456765	36.609622	938.876787	986.016968	81.776545	1783135360.992758	0.000000
158.000000	22.299982	40.355994	13.453382	-16.304083	19.675987	106.288832	135.300590	81.997830	-59.770265	-43.836299	185.408117	256.604118	244.799544	48.249194	-156.306132	158.603013	0.804661	0.988852	0.953185	0.800183	0.853947	0.867705	0.915769	477.127455	262827.820876	36.597125	992.818824	908.768534	96.768892	1783135361.007970	0.000000
159.000000	23.826483	34.977152	0.280041	-2.181861	62.585307	135.195754	107.533040	-42.745305	-20.468753	164.494293	230.771393	297.583058	-6.542659	-8.456142	585.498252	361.034421	0.992341	0.946188	0.999484	0.910436	0.997062	0.878928	0.942666	489.090154	246373.624201	36.608566	920.027169	1057.132307	84.193566	1783135361.008197	0.000000
160.000000	23.675974	29.166054	-4.888393	12.678136	93.690792	139.720627	23.872369	-49.167937	121.393717	294.803610	110.494174	-52.250759	78.452722	239.398169	480.645253	-109.552295	0.814364	0.978323	0.861377	0.813152	0.837901	0.848797	1.070299	474.056895	254674.848962	36.594464	1022.449501	999.425163	99.369066	1783135361.008247	0.000000
161.000000	24.673649	22.174955	-15.347939	33.299903	133.654825	68.695244	-51.262302	68.349435	340.795150	121.837950	2.623875	195.381584	302.846402	182.212061	-112.304504	101.575964	0.977354	0.938326	0.981643	0.807923	0.817599	0.985624	0.945534	509.771310	246833.333673	36.598692	921.657796	971.770285	88.429729	1783135361.008303	0.000000
162.000000	24.132632	14.768648	-16.188909	60.582086	103.885504	19.885925	22.277767	138.414777	326.246716	-5.351355	71.046262	320.230155	143.815412	-74.312955	164.639165	243.213139	0.920668	0.834920	0.845425	0.910206	0.879050	0.934627	1.097646	516.793592	265040.344748	36.596537	962.628949	951.391541	95.607135	1783135361.022616	0.000000
163.000000	23.676183	8.764097	-4.020494	88.406787	83.106261	-15.198561	73.452265	209.740161	68.800396	-39.374896	272.278306	196.206360	-106.503096	171.796041	361.727138	132.762689	0.868911	0.894657	0.818774	0.865908	0.900219	0.860773	0.951108	502.710904	264453.042618	36.605035	1064.566355	1084.259401	94.439090	1783135361.022660	0.000000
164.000000	22.910392	1.299975	7.853673	100.540057	33.682947	-6.816385	126.134560	116.479412	-66.487262	170.504848	197.029551	-46.407504	126.077090	202.127527	2.754400	37.698333	0.971152	0.997809	0.906114	0.854916	0.990547	0.888719	0.980550	477.058139	231562.308999	36.604608	962.880109	969.018836	88.841950	1783135361.022679	0.000000
165.000000	22.157366	-2.261235	23.551609	91.229496	-2.529672	32.731614	140.758517	18.363710	34.790841	261.183402	-5.273466	78.479091	334.106971	38.458170	-1.984316	658.484633	0.885129	0.889350	0.837674	0.937068	0.943797	0.812556	0.931593	480.977227	247807.008329	36.599983	1013.083268	1045.614979	90.137466	1783135361.022696	0.000000
166.000000	22.502077	-7.142387	40.818392	84.514649	-4.343728	102.075721	122.205652	-62.473652	197.506515	115.519438	-88.480498	272.480197	118.754787	-56.211878	255.763517	134.845523	0.986816	0.800132	0.814235	0.808147	0.849857	0.822827	0.983944	517.673348	273830.769767	36.598532	1097.721740	1097.671963	99.875900	1783135361.037666	0.000000
167.000000	21.000227	-8.711428	55.069247	53.226047	-9.019377	138.117923	29.206578	52.642278	199.370949	-57.049164	166.251428	248.189872	-159.678627	346.085763	138.008457	15.731136	0.861190	0.906031	0.830454	0.861075	0.968445	0.944834	1.030679	481.291211	257707.311442	36.601577	964.808588	921.596785	99.686959	1783135361.037710	0.000000
168.000000	19.350452	-6.081580	66.942157	21.658994	19.282835	148.162124	-0.932616	148.549083	100.089061	-51.456522	216.606846	-24.056788	183.668440	250.837400	-142.586192	427.534331	0.895558	0.883678	0.888638	0.954286	0.993931	0.985407	1.099238	508.002959	239418.485097	36.592533	1016.845963	1012.395790	93.019314	1783135361.037729	0.000000
169.000000	18.665433	-6.090782	70.450369	-1.246904	65.135353	93.137811	-30.563168	167.242698	17.026940	162.558194	130.827163	-29.844932	216.901142	-215.960783	313.117780	144.718117	0.863145	0.849613	0.925656	0.818681	0.912626	0.890567	0.916947	512.084883	272167.382797	36.597637	1005.125209	1091.196018	92.491564	1783135361.037746	0.000000
170.000000	16.615149	-1.772585	71.568979	-6.015049	91.290578	34.976614	63.210129	158.710551	14.271468	172.070120	-12.551806	217.362372	88.331788	256.212221	191.202236	-128.799140	0.868074	0.877468	0.907448	0.996383	0.925283	0.976245	0.998140	533.777517	228725.769734	36.603295	1010.595846	1049.260207	91.815841	1783135361.053513	0.000000
171.000000	14.976206	3.433969	71.498672	-9.269486	124.037612	-13.565407	141.962001	20.966948	114.562904	124.468814	-2.824789	231.048405	6.720517	775.184109	20.155261	489.009726	0.800885	0.936772	0.903995	0.837457	0.817797	0.958123	1.012063	548.582937	237346.030084	36.590694	938.676660	984.211907	94.680694	1783135361.053568	0.000000
172.000000	13.408794	6.585809	53.474788	3.912127	112.971619	-1.059647	175.587432	-75.349046	171.527979	-18.936938	291.736492	44.123008	423.568178	66.808690	163.909425	201.007887	0.965407	0.979793	0.943660	0.998658	0.896921	0.915637	0.998485	549.451384	230201.822984	36.596234	929.061990	1073.510985	83.627178	1783135361.053600	0.000000
173.000000	11.753673	14.205135	43.080096	18.956866	72.976567	12.081884	116.600010	-14.671389	197.036131	-26.058208	282.877804	46.496350	351.859293	-134.638636	256.319058	31.841412	0.828241	0.924913	0.928405	0.897176	0.834932	0.867879	0.982787	468.897588	274866.166321	36.603036	929.233890	1045.192022	90.045693	1783135361.069354	0.000000
174.000000	10.000000	21.284874	26.059454	50.091304	33.094756	80.706592	82.344991	122.135960	18.559533	272.419769	63.414851	237.631202	-16.387302	224.375786	-55.347863	424.088545	0.869777	0.878417	0.846012	0.996436	0.857805	0.865606	1.080373	540.872561	252084.576389	36.605597	1028.235551	1074.469874	82.481145	1783135361.069525	0.000000
175.000000	8.189936	29.160293	12.379931	74.195751	-6.361841	140.727437	-72.637414	190.545288	-89.802286	585.846206	-66.980703	256.737892	-102.954858	196.592831	125.938893	192.750605	0.968297	0.855907	0.946215	0.980673	0.870664	0.810166	1.067278	547.214733	236235.319776	36.605953	988.113355	1015.871388	97.269884	1783135361.069558	0.000000
176.000000	6.431219	35.521895	-4.427146	97.028006	-35.045845	156.309031	-26.429312	156.496707	46.637546	241.344218	256.264389	91.009135	296.898181	-92.581391	819.629134	-237.454868	0.845692	0.841135	0.862733	0.878698	0.803077	0.809688	1.016207	472.161843	232130.884980	36.602425	904.643489	1036.429081	84.441104	1783135361.069619	0.000000
177.000000	4.950980	40.580742	-13.171386	86.678903	-9.912038	97.559167	54.407335	52.689251	143.861025	-2.182164	584.762675	35.422789	281.818844	85.944910	262.243946	185.703520	0.801121	0.829390	0.934399	0.895847	0.972770	0.932077	0.994269	465.848142	252878.844782	36.608756	930.430437	1076.330202	87.777295	1783135361.085323	0.000000
178.000000	3.248669	44.281465	-11.249724	90.215859	15.371919	48.969936	150.242583	-27.449828	254.200500	-32.940960	144.298250	171.298233	63.240651	448.280141	-144.634159	247.997685	0.871867	0.837816	0.917911	0.899626	0.869474	0.829253	0.960786	457.869816	237514.769226	36.591148	906.184006	1047.326642	81.187766	1783135361.085365	0.000000
179.000000	1.425617	49.860155	-8.041391	61.778467	63.007698	5.669588	192.550657	19.497414	114.189285	169.259982	9.122930	622.119691	49.780340	135.655448	254.277371	-196.132931	0.944330	0.991051	0.831403	0.845177	0.948737	0.976760	1.041534	513.827455	252114.773218	36.605790	1005.559645	996.422060	96.197645	1783135361.085397	0.000000
180.000000	0.701331	50.654245	1.458057	38.415631	112.845059	-17.515251	124.285536	91.448741	-30.725016	218.045207	-20.702300	170.080159	291.376391	-28.951990	261.659592	483.966320	0.801633	0.924930	0.837106	0.956110	0.824218	0.818613	0.947182	510.581868	232906.161224	36.598192	1053.483159	993.435729	98.981736	1783135361.085414	0.000000
181.000000	-0.986491	48.659068	14.318724	8.537304	119.402727	7.449733	48.141046	217.448948	22.100701	130.154372	186.169785	0.930321	243.016337	236.201003	56.432366	593.250139	0.986037	0.984352	0.869578	0.890705	0.962466	0.915027	1.073438	496.909833	232941.298959	36.594063	1004.383545	981.788847	99.887141	1783135361.100893	0.000000
182.000000	-2.199384	42.930406	28.982956	-11.185315	118.540414	59.912377	-6.013695	205.693443	92.235471	-7.467604	195.709844	125.609970	8.226719	259.053079	165.890585	-4.748557	0.986239	0.895825	0.952764	0.995490	0.940921	0.821293	0.902865	458.889413	275597.923928	36.605300	921.328331	941.691006	96.693935	1783135361.100933	0.000000
183.000000	-2.913206	39.691524	44.681624	-25.009209	86.415229	132.764472	-11.378810	82.072913	207.685423	-34.707389	83.582008	357.077770	49.657589	-91.758450	285.121143	158.960331	0.947541	0.811511	0.812600	0.859275	0.833645	0.934205	0.968640	462.169810	231273.830073	36.591006	967.903447	1089.824659	94.287986	1783135361.102754	0.000000
184.000000	-4.035717	36.660326	60.677581	-6.620659	34.573620	123.003735	30.762270	0.478117	185.736873	181.009484	-6.408764	127.747161	367.026718	49.488314	47.603481	526.156101	0.859669	0.829423	0.857998	0.854058	0.917992	0.967139	1.033100	497.081353	264062.171172	36.599301	918.826638	1050.573069	96.714243	1783135361.102775	0.000000
185.000000	-4.284372	29.796943	66.346573	3.470589	-8.670806	116.095511	105.072185	-65.556018	53.929131	198.294092	109.758252	-24.057488	160.057518	342.702343	79.853586	-116.317648	0.838463	0.875144	0.811533	0.973229	0.917610	0.945211	0.952655	471.857667	233377.704083	36.591540	963.652212	994.316678	85.087196	1783135361.102840	0.000000
186.000000	-4.814135	22.041551	75.330088	34.663424	-37.290686	71.144731	173.512009	141.677815	-72.244793	117.638314	271.955048	67.212806	-163.496756	369.255212	484.395619	126.024044	0.901585	0.846855	0.842275	0.856782	0.977944	0.928328	1.088843	541.256607	240400.005882	36.593366	1048.478904	1068.680587	94.000824	1783135361.117595	0.000000
187.000000	-3.948374	15.231696	65.796242	64.166379	-4.481687	14.088625	167.641119	375.729243	-2.106622	-15.056058	139.680583	230.514024	88.984813	-23.120121	124.894184	424.026701	0.912372	0.835133	0.834373	0.961932	0.983004	0.955012	0.945668	453.382467	252310.808334	36.597132	1078.831022	1022.813180	80.032992	1783135361.119111	0.000000
188.000000	-3.608491	7.769766	63.107041	89.169260	18.977819	-42.375951	65.463630	203.513789	325.697302	36.700183	-46.370649	147.189484	196.844560	315.319444	-61.967210	-53.964245	0.832419	0.883501	0.952088	0.974932	0.999333	0.865741	1.083469	507.626614	230489.291271	36.596809	1019.893751	1058.246679	99.919196	1783135361.119157	0.000000
189.000000	-3.625003	3.344457	51.654723	86.096622	67.260206	-7.320654	17.196034	123.261263	382.055283	137.628535	34.376505	-93.477896	269.999500	317.549448	340.711168	-34.603986	0.983143	0.819931	0.895362	0.881562	0.875640	0.834159	1.074783	463.118710	235242.414048	36.603234	961.507748	1089.342579	90.627074	1783135361.119194	0.000000
190.000000	-2.366627	-3.726316	36.742396	88.157720	96.929588	41.787925	-18.896596	-2.596179	286.833923	178.702260	177.961827	6.985577	-190.315894	64.569898	231.241433	377.597489	0.976790	0.868614	0.901068	0.821071	0.976737	0.860948	1.067746	497.283817	276849.345984	36.606719	919.196103	1082.318601	89.980364	1783135361.132632	0.000000
191.000000	-1.624217	-5.679001	21.097794	70.499356	130.687377	90.613851	37.910271	-4.646841	-30.835369	133.961534	273.933269	268.950608	295.786079	54.631751	27.554411	128.396360	0.906968	0.924129	0.971011	0.806438	0.984780	0.907412	1.041933	465.807470	237515.639778	36.593710	911.754034	1025.150981	83.523759	1783135361.132667	0.000000
192.000000	-0.750372	-6.932997	3.047799	52.644770	118.950637	116.508761	112.710287	48.134687	-55.225447	-26.241683	59.352703	263.662663	203.750041	325.512820	332.577936	-102.605150	0.845026	0.911824	0.926244	0.958695	0.919516	0.882979	0.916504	543.025035	254692.944885	36.590883	1014.785252	951.457609	94.078039	1783135361.132704	0.000000
193.000000	0.324746	-10.465593	-9.884996	24.137499	82.500583	149.861605	148.087855	146.313528	76.904431	-39.983632	-87.195649	51.642055	69.673182	210.744861	671.249384	482.193100	0.896022	0.805899	0.940186	0.946611	0.845047	0.899929	1.087232	509.660799	270616.472641	36.592111	981.625613	1003.329702	99.187726	1783135361.148455	0.000000
194.000000	1.373091	-8.627028	-9.356634	6.134727	33.406466	97.769153	129.887987	180.532141	174.613108	189.992523	87.016354	-45.487019	57.350926	-117.901048	-54.413410	269.411100	0.867710	0.919415	0.813653	0.926838	0.946257	0.989412	0.900977	536.166754	270342.314106	36.599905	1084.705126	913.387121	95.577659	1783135361.148524	0.000000
195.000000	3.363587	-3.106857	-10.521462	-8.983349	6.290507	30.132300	80.232328	136.583470	202.164490	188.425573	338.962959	240.450084	190.270683	128.958571	77.148372	21.234468	0.929372	0.953625	0.930183	0.857639	0.947952	0.927086	0.984803	475.521253	228751.347149	36.594594	992.075327	1005.102078	88.891978	1783135361.148552	0.000000
196.000000	4.726000	2.801770	-7.534198	-22.804362	-23.056997	1.781824	-0.534239	18.806529	78.772336	133.703325	163.286147	223.525982	227.316012	265.845174	303.792756	760.361685	0.995895	0.838129	0.919773	0.863419	0.934249	0.835405	0.961492	533.120793	233722.521025	36.598851	974.843132	917.642437	90.836889	1783135361.148577	0.000000
197.000000	6.631996	6.840558	5.285337	-4.098203	-20.951280	1.871415	-31.050592	1.326609	-62.744791	-85.009928	-8.084647	-23.953873	70.882761	116.957000	135.410875	205.843000	0.973463	0.807261	0.876967	0.928989	0.830108	0.815537	1.053468	489.468054	237888.626923	36.598887	1086.760701	1093.488906	83.363263	1783135361.163309	0.000000
198.000000	8.143485	13.913153	19.114128	21.629199	27.705767	8.069000	19.655446	33.960852	-7.729118	-51.349958	-68.513319	-66.684602	-98.343109	38.591971	-44.854090	-184.406928	0.903467	0.968597	0.925975	0.936236	0.907092	0.882502	1.065109	454.314462	253692.410905	36.601907	911.413494	1017.129635	81.794268	1783135361.163356	0.000000
199.000000	10.000000	21.517088	34.502353	48.585526	66.115379	77.970545	102.737070	123.235091	133.714380	321.685039	346.907028	361.056372	221.963527	343.116617	374.220760	194.922504	0.892261	0.826650	0.917598	0.930934	0.891647	0.920608	0.901554	459.536307	262373.129791	36.598064	971.180184	1026.212608	83.418556	1783135361.163383	0.000000
200.000000	11.794358	27.642073	47.502488	81.165960	110.668949	141.777156	161.903083	182.111874	233.865967	384.027948	228.344722	557.754161	319.556805	225.938928	182.962383	189.833489	0.980959	0.969296	0.952981	0.900143	0.998547	0.973509	1.010115	476.810568	248405.991890	36.595217	1042.943948	901.557882	84.024671	1783135361.163407	0.000000
201.000000	13.466083	34.893843	59.063251	87.717117	130.587805	143.424891	146.954885	144.916789	156.381609	243.918372	99.560363	114.356850	-3.270497	-47.084711	-28.979093	-111.999284	0.810871	0.816071	0.976346	0.918964	0.917374	0.883013	0.902240	542.918007	246562.678507	36.590519	976.801139	1018.411473	90.189762	1783135361.178878	0.000000
202.000000	15.322975	39.185277	73.631133	95.477474	105.673361	123.210025	94.806192	53.997761	-4.442593	-53.935017	-81.894007	-46.394475	14.100232	73.690848	175.732103	339.215741	0.973238	0.978930	0.923619	0.977270	0.852178	0.986720	1.073086	476.858875	255832.836490	36.593999	1061.655669	1020.378092	89.400482	1783135361.178917	0.000000
203.000000	16.682817	44.325044	73.231461	95.285801	86.200645	52.620586	-1.940484	-49.874166	-64.284980	47.614035	77.190694	184.936530	310.787225	646.634798	427.450243	397.835639	0.847430	0.945763	0.827191	0.912990	0.847689	0.981030	1.060735	529.215086	256638.376833	36.600970	970.950876	1007.319141	91.788828	1783135361.178935	0.000000
204.000000	18.401953	45.857608	72.250964	67.212258	38.564912	8.245008	-58.444871	-21.721455	69.017707	179.334630	296.518942	299.973088	292.608683	271.290667	-7.609479	80.635721	0.873594	0.936910	0.847883	0.833881	0.881664	0.843951	0.938054	540.471353	255686.689488	36.600520	1069.048498	982.503277	96.689008	1783135361.178952	0.000000
205.000000	19.571606	50.662617	58.353310	38.350050	3.833586	-25.680788	14.962826	92.633083	167.139333	270.931799	205.233056	102.476406	-36.431267	-80.201366	-43.553692	235.275886	0.869258	0.808904	0.982355	0.931732	0.915132	0.826280	0.919114	499.002627	242747.411872	36.595305	933.344912	928.825142	96.742191	1783135361.194516	0.000000
206.000000	20.946708	49.029804	46.991890	8.973246	-32.756012	12.872586	87.036527	180.458344	228.613476	129.320127	-4.595929	-120.359599	55.587888	186.055901	405.165631	375.821845	0.937864	0.947227	0.909409	0.867961	0.909768	0.927909	1.085018	535.088440	273605.927973	36.600582	1007.537429	1018.676327	89.679499	1783135361.194569	0.000000
207.000000	21.786150	45.575003	31.006325	-14.256567	-20.892958	59.882246	178.266939	209.125399	87.491557	-11.658259	45.357520	124.281331	252.719449	199.577318	242.220640	-162.472126	0.839903	0.889575	0.833689	0.800389	0.852217	0.955224	0.951725	539.300868	251650.136537	36.607357	981.132179	954.336027	93.497110	1783135361.194590	0.000000
208.000000	22.179562	40.149757	16.582840	-9.129071	19.047439	126.926760	162.187425	83.550478	20.384766	-35.003390	137.633026	257.993543	435.856257	-23.743388	-12.614562	159.716135	0.955352	0.944604	0.984986	0.948849	0.922023	0.903914	0.925164	454.199139	228637.259594	36.597076	1052.212637	903.331155	82.711656	1783135361.194635	0.000000
209.000000	22.787604	36.888604	4.739160	-13.077498	65.631247	147.137896	198.049028	-33.249192	-16.033835	157.468460	271.753355	127.199776	11.058948	-29.412863	679.713046	877.976379	0.884232	0.892363	0.862927	0.968810	0.976091	0.910109	0.984402	473.074860	271642.744997	36.600573	1080.166643	951.011088	82.591077	1783135361.210248	0.000000
210.000000	23.925091	29.859254	-6.215777	10.573370	103.021280	142.056013	52.088514	-7.017994	132.802280	229.771910	110.442258	-66.822027	148.102910	362.364740	195.027916	-152.373724	0.995612	0.981552	0.952904	0.803388	0.999554	0.810839	0.956514	528.324633	230592.723137	36.605579	947.067791	943.624419	80.682843	1783135361.210295	0.000000
211.000000	24.029714	22.084728	-10.662026	33.616395	110.010760	70.241030	-65.714235	67.468754	237.794508	113.467139	-16.029090	86.137755	221.603025	166.762432	-208.415455	197.040862	0.815331	0.899675	0.839627	0.966107	0.865211	0.863079	1.020805	456.585954	278528.687233	36.601955	1026.490981	1041.449217	85.894018	1783135361.210314	0.000000
212.000000	24.603645	14.565705	-6.411585	64.463718	122.478730	-2.542544	3.981860	184.411226	131.081330	-57.026742	80.388803	193.307116	173.134294	72.628415	159.665394	250.614947	0.812791	0.892245	0.975962	0.851234	0.970094	0.978505	0.989808	527.271334	245504.016595	36.604945	1016.415486	1080.231598	95.613830	1783135361.210330	0.000000
213.000000	23.912298	7.140959	-4.879125	77.820289	78.280647	-17.085364	76.419921	203.205000	11.346406	24.376896	256.585257	207.439152	-171.639952	150.858102	479.152084	8.882545	0.857318	0.826170	0.877588	0.951027	0.981423	0.867706	0.988969	453.801394	255625.783828	36.609432	1035.523161	1071.836269	81.202204	1783135361.225768	0.000000
214.000000	24.060791	1.511800	6.792403	97.505332	37.478457	-21.243726	171.403419	116.300818	-79.052022	163.633270	176.131000	-115.442683	125.996886	454.440124	24.303741	-11.817036	0.917095	0.857228	0.814177	0.808892	0.949491	0.859682	1.074712	542.645135	257937.478572	36.597806	998.839942	981.296121	93.526028	1783135361.225831	0.000000
215.000000	22.574129	-2.430622	24.100025	89.641699	-7.263209	36.267778	163.561932	-4.675302	72.931532	264.207599	10.184580	32.619736	203.920112	21.774370	-31.973047	233.846452	0.887871	0.847166	0.990401	0.844668	0.883194	0.955508	0.925849	495.385343	242037.516499	36.598590	1052.062057	1033.310677	93.451229	1783135361.225856	0.000000
216.000000	22.113568	-5.084337	40.163360	77.192768	-13.183844	94.822079	120.764719	-92.317503	336.710200	137.206320	-22.730910	204.565442	114.271432	-69.102506	371.036533	60.850723	0.975328	0.933459	0.903016	0.800536	0.968726	0.870174	1.008995	529.350769	228760.112798	36.604390	945.207053	1042.194925	90.691720	1783135361.225874	0.000000
217.000000	20.419490	-8.485257	54.215131	53.799102	-0.760728	154.348691	22.556920	76.511790	421.506623	-40.391852	154.974886	187.383498	-104.430961	333.644540	139.165398	39.460050	0.903499	0.898029	0.923740	0.813902	0.890739	0.874185	0.935783	479.830868	270467.709246	36.604686	901.504063	930.264816	92.826916	1783135361.240268	0.000000
218.000000	19.915301	-8.134616	60.258098	22.618637	22.025017	117.241125	-57.374525	253.769989	100.143394	-17.991317	179.908027	43.105143	168.922708	251.101309	63.834584	422.198972	0.994141	0.938644	0.815660	0.946873	0.995542	0.947283	0.922891	537.248447	258742.809907	36.602540	972.154656	1051.106006	90.873650	1783135361.240314	0.000000
219.000000	18.505201	-8.631262	66.871575	4.848772	61.178368	85.527418	0.807283	148.047116	27.263988	184.626079	271.121020	4.084337	308.232969	-22.444969	337.098716	116.686388	0.961667	0.853268	0.803634	0.834179	0.853356	0.861534	0.936338	536.639878	242615.480955	36.600096	902.710456	997.140796	88.583874	1783135361.240336	0.000000
220.000000	17.073040	-4.119727	67.404658	-17.017606	107.355047	32.567315	61.676644	128.518638	20.901207	272.077990	-65.602971	418.291365	83.817847	239.283124	336.701328	84.825998	0.815124	0.943444	0.888023	0.802678	0.846660	0.933057	0.995803	489.248229	228871.327014	36.605479	925.022428	1011.080259	80.562588	1783135361.256153	0.000000
221.000000	15.335519	1.754543	66.965536	-15.485691	111.797479	-7.435703	159.738469	46.904398	109.615486	134.125865	47.196365	523.578021	6.495875	774.292039	15.814152	478.240644	0.828366	0.820292	0.860048	0.888862	0.950474	0.851397	1.015074	481.544754	240968.406451	36.604948	1030.614902	1076.069915	81.400092	1783135361.256215	0.000000
222.000000	13.598343	8.680888	55.687023	5.279756	102.672459	-39.853730	184.365602	-14.822741	202.050687	29.581331	187.081713	61.015069	232.630948	168.422255	159.525501	206.566881	0.937343	0.856145	0.961509	0.884588	0.982214	0.927604	0.933268	503.203690	232635.402121	36.609035	1088.891836	1064.793999	94.437879	1783135361.256251	0.000000
223.000000	11.801267	14.178092	41.003715	24.358476	83.668155	24.899208	138.340067	-10.219854	182.152910	34.203672	206.033257	55.816061	342.032249	44.216551	690.357177	23.064398	0.917696	0.914841	0.895770	0.826722	0.910652	0.998042	0.930369	457.053725	236871.414167	36.602611	915.757486	956.380442	98.948569	1783135361.256281	0.000000
224.000000	10.000000	21.294163	26.113982	49.023638	36.962500	77.739239	34.786906	109.569420	48.432919	324.377985	72.658344	240.391148	45.892747	304.014207	-65.470064	697.216605	0.808496	0.982600	0.811387	0.937686	0.941727	0.884128	1.020337	467.033384	260540.060595	36.609111	920.915439	1057.447098	84.340094	1783135361.270934	0.000000
225.000000	8.293267	28.971327	13.130708	68.033445	1.995598	120.897996	9.812235	166.832181	-91.028531	493.579942	-69.385236	271.720558	2.987630	204.589577	121.745968	494.729485	0.982061	0.852236	0.927281	0.924358	0.980134	0.856571	1.069539	508.074748	256725.672694	36.598054	1074.331033	1021.116981	85.892444	1783135361.271055	0.000000
226.000000	6.636334	35.393587	-4.257479	86.473836	-20.110692	129.460825	-11.116690	147.893517	16.458671	263.833304	120.192805	16.187130	230.414164	59.306054	386.640844	-110.153548	0.952818	0.845831	0.996200	0.800195	0.976506	0.837097	1.010117	462.832048	239536.139151	36.594510	974.280580	954.685465	90.713085	1783135361.271076	0.000000
227.000000	4.606366	41.488993	-9.464288	87.428273	-14.140082	110.499542	47.244171	58.136488	178.689158	8.081969	244.966397	-39.801508	537.619667	43.356851	124.034173	268.978747	0.957907	0.902002	0.993240	0.976126	0.997115	0.835626	1.074722	508.777312	274283.770636	36.605324	1019.745437	1084.188217	94.440682	1783135361.271093	0.000000
228.000000	2.984673	44.609580	-8.578542	85.966372	26.244140	52.306762	126.352994	-26.545602	249.998205	-10.560012	147.266419	146.541106	-18.938280	202.965785	24.378000	388.314015	0.891745	0.856860	0.857671	0.828098	0.857570	0.996449	1.010471	542.091445	252641.777567	36.597114	905.225544	931.012421	83.691163	1783135361.286769	0.000000
229.000000	1.336175	46.457420	-4.138645	64.582651	67.383862	8.364142	168.419622	23.033939	118.270169	139.562243	13.500291	191.233849	83.366015	133.067346	341.850085	-62.877774	0.968876	0.806843	0.927912	0.948580	0.939788	0.950189	0.935017	457.190955	270405.691550	36.593424	1045.036047	926.541321	95.835072	1783135361.286833	0.000000
230.000000	0.724127	45.528289	3.189111	38.653027	99.589111	-1.308789	134.752241	86.855902	7.677759	287.803855	-26.330814	107.143962	278.463186	-149.673210	268.700382	176.534500	0.972595	0.823716	0.837077	0.859582	0.959851	0.930058	1.024131	460.736214	275905.180194	36.608149	1001.747080	957.333834	88.435618	1783135361.286867	0.000000
231.000000	-0.694423	48.728175	14.240334	14.524826	106.477045	4.250458	52.387225	198.307882	-22.186448	127.364883	239.945601	-148.138482	169.551930	170.885637	-141.101430	271.710167	0.860338	0.877411	0.847590	0.979550	0.977194	0.987165	0.917665	544.726424	243862.729447	36.591771	925.924503	1079.237944	93.326523	1783135361.286911	0.000000
232.000000	-2.264328	46.925912	28.923829	-16.142074	99.952688	59.908615	-6.021263	206.493188	91.926252	-84.144920	289.030484	128.112024	-59.784320	288.667819	170.228285	-143.133514	0.823082	0.881611	0.970872	0.962695	0.858687	0.920504	1.081419	496.469077	273620.851899	36.591637	1042.289648	907.369251	84.089656	1783135361.303704	0.000000
233.000000	-2.938317	41.891322	42.725346	-24.145995	73.413848	121.512191	-26.270579	82.672922	210.270601	-28.707692	45.144311	330.677766	69.587588	-86.969345	231.001934	159.555861	0.927797	0.899738	0.991341	0.967204	0.841656	0.883883	0.921331	514.675120	276615.137925	36.598159	1017.196269	1040.018715	95.069673	1783135361.303768	0.000000
234.000000	-3.993003	34.937012	55.111300	-15.332126	32.870842	137.804766	36.435756	-22.021323	205.434449	152.477415	-126.434161	139.520191	199.988954	92.632041	75.709620	498.894837	0.842001	0.843336	0.904469	0.977895	0.818506	0.918569	1.050325	481.706328	235327.604015	36.593818	1000.341375	1065.102789	97.952461	1783135361.303792	0.000000
235.000000	-3.529673	28.931640	71.469605	5.843790	1.283198	118.176847	132.027964	-52.050233	44.598368	235.884367	109.670327	24.539121	165.259895	222.592921	-38.662279	-77.871563	0.991469	0.865815	0.981806	0.995355	0.927048	0.822757	0.922127	547.052372	271946.425937	36.607634	1059.186490	903.388216	94.116327	1783135361.303816	0.000000
236.000000	-4.703733	22.042168	75.294415	34.200093	-23.809187	72.336689	161.107067	58.679869	-77.426145	133.665980	268.650042	76.061094	-40.530953	175.744452	477.951456	132.922682	0.877333	0.869905	0.944857	0.814645	0.930014	0.951487	1.091821	504.988716	259285.228395	36.597719	1097.862368	957.093149	88.181746	1783135361.319018	0.000000
237.000000	-4.420162	15.380758	73.355003	66.171755	-19.812536	9.509273	160.187858	145.441895	26.521307	24.107882	147.911920	265.040061	86.671480	-52.757517	138.072738	295.937689	0.868833	0.890254	0.890373	0.914762	0.880898	0.943285	1.025201	523.788405	253006.185682	36.599788	954.151260	994.104066	82.085197	1783135361.319080	0.000000
238.000000	-4.059353	8.063303	62.881798	83.040187	15.035617	-1.233465	66.306205	166.945844	139.062874	45.970858	-62.818165	206.758563	259.483104	291.389314	-110.319464	77.580409	0.939326	0.840493	0.806689	0.872535	0.980477	0.834291	1.015944	533.579510	234563.291132	36.596309	906.823085	1037.523779	95.683042	1783135361.319104	0.000000
239.000000	-4.015227	2.446092	48.672265	99.094276	67.157972	-3.831798	2.420794	103.477444	163.997175	153.822352	19.963693	-33.659384	134.537151	601.087486	563.916584	14.655697	0.941320	0.805488	0.810223	0.802668	0.895387	0.880976	0.924804	453.681773	277051.329741	36.590514	961.516389	952.488798	87.949377	1783135361.319126	0.000000
240.000000	-3.224540	-2.951295	36.446059	92.103451	108.966281	36.423666	-42.677761	-5.472173	130.117563	226.415507	249.390091	93.710982	-117.743927	47.565869	483.275804	743.456737	0.820524	0.843806	0.921568	0.966158	0.820436	0.974995	1.041249	507.830548	253552.621655	36.591440	1090.583163	967.796353	84.797982	1783135361.333721	0.000000
241.000000	-1.685630	-5.294928	20.641164	77.981083	119.863841	109.085809	22.571406	-62.007264	29.547396	121.939879	478.165649	539.142587	139.792614	-91.668149	-91.971228	190.901835	0.806215	0.880497	0.842379	0.921376	0.988730	0.855235	1.079965	459.626123	239360.512708	36.608350	1047.027106	1068.932311	99.905433	1783135361.333758	0.000000
242.000000	-1.200125	-10.197877	6.964099	52.625780	116.458292	126.402238	112.595809	27.569652	-82.654359	-76.864097	147.569801	164.036771	370.671921	211.161337	169.259755	14.754759	0.833796	0.988867	0.800725	0.836910	0.836237	0.902518	0.928742	465.013493	245342.601091	36.599913	1078.706974	1032.130766	88.949329	1783135361.333777	0.000000
243.000000	0.045879	-9.318393	-2.208713	23.567870	77.525720	148.773103	134.947011	162.046468	153.412821	12.052265	-8.483481	18.990673	104.071461	238.729909	473.565527	395.357997	0.927222	0.856723	0.804948	0.878514	0.845145	0.931358	1.023360	533.657045	264930.068634	36.594617	1059.584289	1026.947439	93.676877	1783135361.333794	0.000000
244.000000	1.724826	-6.324563	-8.101857	1.570406	36.212643	88.211417	301.224795	200.690854	394.328416	169.163327	94.314973	58.701707	-40.034984	59.091833	91.431025	114.636066	0.962300	0.991358	0.817127	0.885373	0.821714	0.893369	0.922057	492.363071	265148.320098	36.606199	950.475476	1018.521662	88.923646	1783135361.348594	0.000000
245.000000	3.081452	-1.081324	-11.046692	-11.493632	-11.739610	34.663307	164.611459	119.269797	225.818762	208.806431	248.234691	173.483581	223.127347	120.518042	50.092060	-1.784328	0.957497	0.932597	0.812363	0.932221	0.935668	0.822271	1.005774	457.266505	252599.248403	36.605146	1062.493375	1064.207591	82.250977	1783135361.348644	0.000000
246.000000	4.927907	3.061090	-9.943144	-7.498302	-11.881687	-4.623782	-10.575442	13.270858	65.249989	134.250773	201.030816	278.561568	502.461121	256.061386	478.235569	264.340836	0.988056	0.830468	0.834739	0.906683	0.960013	0.872352	1.092251	530.761501	253336.639573	36.608707	1089.301538	977.907093	96.006744	1783135361.348662	0.000000
247.000000	6.327913	7.048184	3.256091	0.493577	-26.488858	-22.553816	-41.738479	-82.552674	-56.792080	-79.054982	48.850208	71.446260	86.827728	92.621722	140.251826	202.827922	0.824757	0.905220	0.915991	0.865411	0.832461	0.810789	1.067008	453.357924	258868.148294	36.598174	926.328228	1036.470413	82.629807	1783135361.364570	0.000000
248.000000	8.145891	13.960114	17.596680	18.510064	23.363150	9.391038	2.769813	-6.222243	25.613707	-43.225034	-50.818440	-71.543104	-110.111357	-27.538914	-51.020650	-55.833551	0.976618	0.950721	0.851386	0.933172	0.804728	0.811291	0.970822	543.213677	259480.845129	36.594642	1076.995374	905.037623	90.896289	1783135361.364616	0.000000
249.000000	10.000000	21.474143	34.097280	48.002263	65.839833	84.462356	89.753094	238.730399	123.819945	317.797345	174.448867	199.594633	268.010201	338.010504	249.421276	271.151949	0.976527	0.896268	0.925410	0.950250	0.845541	0.817748	1.056585	479.491507	269333.371418	36.593917	1058.789766	926.977151	96.851677	1783135361.364635	0.000000
250.000000	11.795624	28.056550	49.020212	79.536921	109.398172	137.987252	163.560751	216.727642	209.888126	514.722925	192.840939	281.700842	234.802323	322.126162	254.612135	201.840490	0.830466	0.831763	0.841793	0.800642	0.936000	0.909859	0.972100	462.235988	254861.330667	36.603200	1097.777283	993.913276	92.351026	1783135361.364651	0.000000
251.000000	13.543394	34.608080	60.161054	94.691910	109.955315	148.779612	173.084223	129.892650	163.518367	271.818997	91.373983	13.585058	56.358778	-23.407105	-86.249483	-97.525368	0.889830	0.884916	0.878482	0.894502	0.955714	0.942898	0.986732	454.828372	255479.117046	36.599000	966.313952	963.428096	83.888374	1783135361.379901	0.000000
252.000000	15.279544	39.087447	74.415969	104.835749	98.673179	101.247589	86.025933	56.014878	-18.196201	-22.134463	39.625306	-18.669106	-45.241666	56.559563	169.299553	348.304084	0.916649	0.899974	0.901641	0.896774	0.845259	0.951192	1.042486	453.042204	257050.526339	36.590291	964.009918	1000.758477	92.927022	1783135361.379950	0.000000
253.000000	16.894811	43.220923	70.510305	86.430531	73.546951	49.415594	18.839410	-5.045564	-80.297653	15.932961	74.981387	157.853627	204.289378	336.663217	415.016795	228.316169	0.984330	0.971794	0.815244	0.910504	0.970623	0.812070	1.018030	508.714942	252625.581229	36.598877	983.552950	1082.445926	89.016666	1783135361.379968	0.000000
254.000000	18.323702	47.046551	64.381338	60.905254	33.310103	-3.575517	-52.794567	-12.251782	63.266530	171.824293	238.798712	220.123339	313.868972	247.428089	13.453287	5.518669	0.832260	0.847509	0.848377	0.889802	0.925237	0.935303	1.033541	484.524551	232828.472011	36.604565	980.724723	1085.399283	98.728174	1783135361.379985	0.000000
255.000000	19.846115	50.156835	63.541500	38.744121	-7.818950	-18.702193	-8.907766	91.960760	221.072332	264.554141	160.632266	98.668997	-7.916208	-103.239456	90.554889	419.692745	0.989245	0.895204	0.920483	0.931312	0.849342	0.900802	1.061186	486.821777	249485.932964	36.607555	1087.049984	1031.230592	93.449814	1783135361.396096	0.000000
0.000000	20.864372	46.408218	44.687964	7.272930	-20.194952	17.249047	172.414227	350.931565	376.454250	230.503062	-44.576297	-31.872843	18.503750	387.509113	840.967738	703.588235	0.962214	0.864874	0.922403	0.844142	0.882959	0.834377	0.976567	464.865478	246933.703344	36.600419	915.823393	1025.633778	83.912614	1783135361.396165	0.000000
1.000000	22.048146	47.006088	31.104657	-1.020257	-13.225029	59.903252	320.865618	360.973712	166.419784	-0.816729	-93.574770	278.842360	537.359230	664.633210	285.683412	-207.564034	0.920443	0.869225	0.965207	0.827889	0.803085	0.908005	1.006731	503.047628	236241.976451	36.600428	915.026107	993.357117	81.952807	1783135361.396184	0.000000
2.000000	23.229392	39.556989	15.892532	-17.446965	26.752112	102.839560	180.140862	82.920308	-1.135323	-26.731174	178.495484	256.263630	223.574856	-18.870014	-21.287546	158.622982	0.822606	0.868388	0.840816	0.939827	0.964326	0.919144	1.042826	481.703998	277466.628751	36.596953	1007.201805	997.605393	99.060939	1783135361.396202	0.000000
3.000000	23.695678	34.070071	2.653427	-9.619887	61.077813	128.825091	104.021906	-32.357995	16.844108	183.874885	234.325436	125.465383	-57.322829	56.774579	294.798539	295.753905	0.862447	0.804241	0.872583	0.957806	0.845386	0.839628	0.945583	478.077997	233184.002156	36.594231	956.543096	938.958711	94.394343	1783135361.411379	0.000000
4.000000	23.813073	28.395511	-5.067054	14.204228	92.689880	127.200623	8.129846	-48.456926	112.192973	190.150400	110.453801	27.059108	94.218354	310.578734	289.334847	-137.955724	0.975962	0.877664	0.906868	0.800872	0.820893	0.894331	1.097491	513.713532	254147.810295	36.593794	1075.994140	1065.816870	96.960419	1783135361.411426	0.000000
5.000000	23.607842	21.993952	-16.127838	34.364966	134.038771	69.573461	3.361106	62.520135	163.591327	130.570370	-75.914751	67.818775	225.666132	154.785788	-116.514374	106.984066	0.853581	0.884439	0.945547	0.856295	0.828006	0.834989	0.924702	494.773004	251780.349487	36.604119	995.728722	1016.644640	81.144899	1783135361.411444	0.000000
6.000000	23.851942	15.315962	-11.910463	62.911381	108.026753	19.079889	-24.549866	136.404935	155.094487	12.977801	47.547889	344.871306	152.998948	73.286932	156.242121	518.815220	0.833128	0.953612	0.940814	0.833901	0.877931	0.808835	1.065002	470.816095	264326.576417	36.597527	909.899446	1046.629712	91.194613	1783135361.411461	0.000000
7.000000	23.388837	8.420752	-4.682162	86.817303	78.693265	0.494929	73.293534	183.351580	-0.636288	25.131441	300.508465	159.747376	-100.068083	185.128050	391.948899	-1.135942	0.888243	0.813279	0.836396	0.974903	0.951248	0.940773	1.029057	547.437359	247210.392935	36.599159	1009.266917	999.331384	81.449762	1783135361.427015	0.000000
8.000000	23.616737	1.981480	11.744747	86.964541	34.749670	-12.690307	134.366832	104.109444	-59.602359	142.347577	224.367662	9.538860	124.154961	335.535100	-61.587100	-14.485072	0.944605	0.869849	0.843521	0.854299	0.918011	0.932042	1.046906	515.618318	262065.810119	36.609986	1030.279561	919.649500	95.968513	1783135361.427061	0.000000
9.000000	22.823025	-3.678451	23.430050	89.784103	-14.309583	37.659557	152.570602	-20.270161	26.541138	279.628957	-11.114800	81.961714	359.894805	23.514410	-14.039043	210.529482	0.983212	0.980292	0.959921	0.973933	0.967171	0.840597	0.948610	515.133756	270922.465635	36.598695	975.144158	904.832010	98.147215	1783135361.427081	0.000000
10.000000	22.486123	-4.042407	39.396236	72.746184	-11.919349	93.864074	103.202495	-29.453363	182.218351	118.677070	-101.534491	209.565107	109.652483	-44.851569	221.879701	114.323505	0.874310	0.913820	0.851040	0.940194	0.842682	0.962098	0.900817	462.379848	274674.980283	36.600452	1073.182811	985.147955	89.180346	1783135361.427098	0.000000
11.000000	20.805561	-5.296498	51.184304	52.346401	-26.539325	140.692953	29.991164	48.380947	175.073656	21.805425	143.415259	231.644626	-57.077300	204.013935	126.719960	-33.177011	0.875928	0.804101	0.880746	0.957408	0.937041	0.857480	0.992729	542.022466	278474.974149	36.599311	1085.078840	1081.064233	87.183509	1783135361.442816	0.000000
12.000000	20.067039	-6.580761	62.383849	22.083241	21.083898	132.412772	-16.657828	136.497474	101.754954	42.579403	294.764517	-53.405412	156.148481	194.165183	-25.599751	216.012952	0.963589	0.935947	0.966230	0.846753	0.977843	0.944791	1.044959	452.588430	255639.725835	36.602787	924.075624	968.265890	84.225962	1783135361.442865	0.000000
13.000000	18.501753	-5.379400	76.495285	4.321116	60.948066	94.603735	0.382610	222.694523	25.419438	177.371355	134.710259	-9.038296	265.363705	-158.868498	192.981344	138.398624	0.864005	0.824432	0.931166	0.946315	0.885345	0.917772	1.092338	468.834349	267237.749323	36.590471	906.610296	1088.419275	97.830279	1783135361.442884	0.000000
14.000000	16.735487	-4.022067	71.921247	-11.949822	103.452773	32.164378	65.004502	134.484013	-31.368321	287.267867	-16.451414	251.571673	33.864136	108.648801	184.084715	-149.451170	0.977309	0.892759	0.896182	0.972541	0.828618	0.911324	1.040454	489.655438	257153.580987	36.602662	1062.037723	976.666520	96.095708	1783135361.442902	0.000000
15.000000	14.962189	0.365556	69.504116	-24.630034	126.413964	-22.082418	165.188998	45.278282	116.600589	136.425741	57.594034	186.207220	-124.180980	443.216391	-48.954924	582.028532	0.933343	0.937072	0.841838	0.928713	0.814646	0.988172	0.955783	532.057002	270871.264344	36.606560	1047.428094	1037.601974	98.560275	1783135361.459235	0.000000
16.000000	13.681684	7.435954	53.491193	-10.966040	99.704612	-40.905937	198.362236	-68.057488	186.569334	-54.649834	248.570587	23.758779	200.101750	190.499285	363.223872	342.163143	0.856506	0.949089	0.868819	0.935589	0.889120	0.919957	0.905140	528.920742	231002.748694	36.602177	977.372829	1025.381714	83.527691	1783135361.459326	0.000000
17.000000	11.834250	14.892771	42.065666	16.930698	78.732322	29.660539	125.498666	28.517442	208.034743	-41.743302	167.173181	11.087027	376.947895	-44.858461	784.224674	-128.900875	0.962036	0.863259	0.935954	0.833121	0.859537	0.816004	0.966462	466.573708	263018.498342	36.595615	1077.489378	906.375382	89.134146	1783135361.459344	0.000000
18.000000	10.000000	21.375504	26.015136	48.129157	35.212666	74.915097	35.478458	112.258537	44.117763	190.956184	71.811092	228.564964	102.682864	572.819067	63.328828	343.233938	0.978996	0.806930	0.856394	0.905035	0.816217	0.818770	1.004218	465.775012	253007.142884	36.601734	1066.849791	1095.131778	89.311935	1783135361.459358	0.000000
19.000000	8.177689	28.745594	8.816163	68.735202	3.034273	111.441571	-27.747631	159.077851	-4.037394	258.509035	-40.507466	649.964872	-99.655986	297.600701	-9.909623	208.888660	0.821678	0.998075	0.953603	0.912128	0.981836	0.854066	1.097302	493.053258	265779.102851	36.607788	919.379750	1099.026579	92.685881	1783135361.473927	0.000000
20.000000	6.539785	35.802822	-4.820551	97.563794	-27.059426	135.366666	-30.872903	155.625565	7.378315	118.700598	137.578925	132.777014	489.899918	-142.339494	404.899410	72.758053	0.869397	0.940383	0.819535	0.819847	0.864164	0.814718	0.935233	466.971468	250584.165235	36.592325	1023.332123	1057.997602	96.623738	1783135361.473974	0.000000
21.000000	4.766278	42.258414	-8.495981	98.250614	-10.783842	115.065947	48.826795	64.195415	157.257577	26.033874	531.122303	-1.146721	340.902667	69.933899	137.125544	346.793252	0.942849	0.980047	0.975276	0.972515	0.811469	0.934872	0.978960	526.245808	252771.757485	36.592420	1021.968647	1002.355289	85.886175	1783135361.473996	0.000000
22.000000	3.275300	43.104869	-9.801093	82.332985	21.643329	50.768796	146.172586	-54.550349	181.858959	-3.813477	324.890716	172.337381	76.150632	372.238725	47.680414	323.984515	0.948152	0.943321	0.844224	0.879851	0.961279	0.812765	0.970970	470.035991	234055.094477	36.592234	1097.335299	913.286601	86.311680	1783135361.474016	0.000000
23.000000	1.918865	49.833521	-8.031653	67.072432	67.140647	-14.784455	199.680930	-17.188470	118.358593	151.198980	-30.763964	310.274471	13.410304	135.477992	282.737616	-134.382087	0.876697	0.889300	0.925600	0.855824	0.949801	0.926430	1.043224	504.220364	239594.829017	36.597598	967.909566	933.415334	85.706541	1783135361.489230	0.000000
24.000000	0.368803	47.399850	-0.898088	38.508476	109.090241	-9.115336	125.681946	92.204841	2.720841	501.657137	52.020330	106.037414	354.926744	-94.783496	202.105575	254.110538	0.932061	0.969666	0.935802	0.887462	0.906407	0.829606	0.959316	487.802511	259843.593663	36.600627	1094.544928	925.696848	82.518107	1783135361.489302	0.000000
25.000000	-1.023179	47.827224	10.975355	6.824746	128.355262	7.154262	57.226458	214.734645	26.448149	239.647123	220.831325	-80.094468	266.759996	249.484505	19.245307	354.776372	0.851305	0.826475	0.855939	0.855910	0.800438	0.979656	0.983945	456.252055	233607.702541	36.590152	1019.201152	1048.336790	84.835772	1783135361.489332	0.000000
26.000000	-2.327741	46.712549	28.991792	-5.648016	125.202905	59.899367	-27.224810	163.010983	203.484703	-64.545262	189.945359	126.334391	-57.673244	334.903065	161.828104	-56.013736	0.853992	0.857077	0.808869	0.811265	0.926537	0.809073	1.086183	513.672248	248744.604600	36.596495	1091.397989	1086.095549	93.085404	1783135361.504539	0.000000
27.000000	-3.324226	42.300320	46.290028	-21.614401	72.170113	114.622506	4.538268	82.373122	396.997691	-42.291311	39.024156	264.402286	85.814665	-84.655887	423.823268	159.554873	0.948374	0.920994	0.972548	0.936808	0.860384	0.916900	1.019807	522.955040	246833.671024	36.597954	1072.175880	1096.789244	91.176009	1783135361.504613	0.000000
28.000000	-3.018491	34.313837	54.882150	-5.942450	36.340574	119.508971	39.875314	-23.709233	372.389328	157.709051	-78.007294	127.463558	394.310629	68.294325	82.744361	501.571261	0.890177	0.866246	0.812743	0.991705	0.957879	0.874901	0.937820	536.347110	248503.527449	36.602921	1021.585380	1082.690765	95.773586	1783135361.504644	0.000000
29.000000	-4.011452	28.795306	65.764514	2.990983	7.557735	141.838554	114.675844	-36.531599	47.009444	207.181690	109.398834	26.970026	200.870882	228.654666	-6.118420	0.942438	0.958844	0.896842	0.938570	0.850296	0.937861	0.991727	1.023331	482.634907	261815.645857	36.606952	936.454620	966.778251	86.636499	1783135361.504671	0.000000
30.000000	-3.726296	22.191653	69.849282	33.267310	-34.000814	71.069477	173.661152	127.250788	-91.684379	123.159385	241.354348	69.693185	-54.948199	214.812214	474.441267	206.207875	0.994480	0.977634	0.946715	0.929613	0.939012	0.921259	1.024327	483.760684	257516.451882	36.592298	1003.871870	907.409873	90.700610	1783135361.520385	0.000000
31.000000	-4.737467	15.319874	71.026371	61.429046	-26.818593	10.048235	127.697343	348.991485	-10.160100	32.096562	175.424297	202.113572	117.391447	80.494660	288.239381	684.654969	0.878649	0.812811	0.899393	0.851550	0.876712	0.856531	1.079084	530.439592	261679.123349	36.595511	995.545885	934.673174	84.393445	1783135361.520474	0.000000
32.000000	-4.217998	7.697969	67.730666	93.130670	16.240804	-1.115825	66.178050	371.594155	159.351509	-8.174751	-59.586361	167.751462	282.765211	185.521162	-96.167903	-39.222299	0.913277	0.856497	0.944739	0.850709	0.975902	0.967643	0.987899	486.589951	250375.484271	36.593827	1070.032720	1076.474629	83.892210	1783135361.520545	0.000000
33.000000	-3.010694	1.147132	53.857129	97.400348	64.828666	-33.191276	-30.696895	123.340916	167.166445	131.134184	46.557693	-42.678020	133.742863	644.848965	431.919619	-11.292518	0.949591	0.844841	0.914463	0.950484	0.966162	0.828435	1.005513	504.822786	278616.029769	36.597966	927.396359	956.192598	84.137800	1783135361.520581	0.000000
34.000000	-2.839652	-1.624975	36.934015	96.001942	114.369909	33.360919	-20.292167	29.695526	140.535391	202.851129	189.233897	36.315556	53.566333	114.889988	202.141580	268.097634	0.864651	0.900928	0.863683	0.950309	0.896005	0.816831	0.923074	510.543857	246634.773735	36.607886	1050.030552	965.405913	82.487385	1783135361.535214	0.000000
35.000000	-1.685270	-8.529377	21.930747	80.239365	116.375396	108.531625	61.910108	-25.769911	13.706650	123.058224	194.999055	316.064948	146.448291	-56.849340	-94.491400	135.399767	0.886380	0.862913	0.827492	0.932458	0.852041	0.882271	0.945446	542.142063	232150.575124	36.600302	1083.254511	917.824800	96.614392	1783135361.535261	0.000000
36.000000	-0.415752	-9.085821	6.096477	53.302714	112.000779	162.999275	226.321679	34.846036	10.362791	-48.429448	89.681118	251.133932	424.994027	258.786851	162.451658	-11.240684	0.973143	0.973140	0.888816	0.993206	0.987562	0.842128	0.954103	526.587905	234837.857879	36.598059	900.778199	966.418244	99.616137	1783135361.535281	0.000000
37.000000	-0.078516	-10.183607	-4.340479	27.370554	73.354075	137.312864	163.989930	150.980400	79.446708	-48.350551	11.192712	-64.493400	164.830837	255.571419	277.537226	480.003098	0.969331	0.931689	0.946228	0.833144	0.960426	0.910433	0.967782	490.322465	268269.913231	36.607597	1029.629455	977.965571	93.686426	1783135361.535300	0.000000
38.000000	1.441083	-6.389673	-5.351591	4.106776	32.965813	83.941078	168.088053	230.813187	165.572798	178.392942	99.350017	62.888316	-123.211676	-54.403940	-5.508585	143.182747	0.909828	0.972938	0.871837	0.945721	0.969069	0.924176	0.933920	464.220406	275498.240376	36.601219	958.612001	1020.955432	81.956986	1783135361.550275	0.000000
39.000000	3.405575	-1.543346	-8.653333	-4.723313	-5.528859	29.102707	77.929478	155.077199	226.425632	231.225864	190.558244	438.403032	359.349722	123.179408	10.203133	-85.988458	0.939247	0.842150	0.960621	0.971094	0.857982	0.956680	1.003219	456.885067	269584.742134	36.595354	975.917972	1015.008539	83.261470	1783135361.550316	0.000000
40.000000	4.891619	-0.115240	-9.165001	-22.666375	-13.988157	-14.877013	-22.823866	24.106469	72.744942	127.096402	194.478732	539.710950	350.761117	263.882291	219.474780	225.572946	0.987954	0.805831	0.825059	0.828383	0.981597	0.838778	0.999980	538.565809	259758.076115	36.598087	922.592047	1071.049158	94.412160	1783135361.550335	0.000000
41.000000	6.658381	7.342676	0.469096	-6.526515	-13.513910	-40.102126	-0.073185	-20.513983	-19.344867	7.479930	-38.008793	-34.874205	71.463124	93.109640	133.552032	173.942995	0.991724	0.853354	0.934860	0.897502	0.899646	0.801201	0.927924	473.924421	264341.404812	36.602520	1033.607926	941.346548	90.811945	1783135361.550351	0.000000
42.000000	8.235919	14.501489	18.170816	18.056437	18.670206	7.018938	22.808702	37.792463	-23.630568	40.350245	53.502019	-71.312429	2.075030	39.188586	14.493178	-145.904794	0.943331	0.874821	0.878676	0.994954	0.847833	0.854393	1.075553	463.356664	240191.010651	36.605240	921.868316	913.923114	88.064683	1783135361.566248	0.000000
43.000000	10.000000	21.544114	34.065579	49.574982	61.633166	79.890582	90.352066	117.953439	151.319029	167.144181	371.150432	156.420838	299.624177	184.162225	217.151154	314.076684	0.945699	0.829145	0.959696	0.888865	0.830315	0.916131	0.992797	498.462916	251352.728796	36.591141	970.220177	931.783082	99.283125	1783135361.566475	0.000000
44.000000	11.847130	29.224903	48.096733	69.746111	97.797368	133.200599	163.885624	154.968542	221.721536	284.716590	444.767330	212.840787	279.316591	304.133604	209.219081	409.217043	0.906326	0.983459	0.892557	0.850198	0.908029	0.912512	0.994430	471.164646	258438.319591	36.591309	1092.548093	1088.631123	90.090771	1783135361.566510	0.000000
45.000000	13.489417	34.204114	60.868046	89.664156	104.128812	120.490216	149.583294	143.215225	122.430433	117.866695	198.346131	67.763919	23.909710	-44.008082	-202.476603	-276.676517	0.873441	0.993903	0.974451	0.884308	0.818598	0.895883	1.021853	524.252577	262385.902533	36.592876	987.513780	998.644216	90.265088	1783135361.566541	0.000000
46.000000	15.423084	41.312046	75.907175	107.292755	99.190453	123.947334	94.665018	46.748972	42.398962	-10.934811	-20.338115	-91.696439	-5.528966	101.024770	167.653581	490.467067	0.984714	0.848851	0.828614	0.873708	0.913333	0.864171	1.015012	463.615450	233894.717926	36.605502	1011.814212	916.035661	98.617230	1783135361.581262	0.000000
47.000000	16.897003	44.843907	70.234259	92.529629	76.683050	47.759231	-10.941938	-4.577135	-9.140386	15.448442	92.379858	190.530060	272.647763	317.504813	597.158604	361.825576	0.899649	0.878412	0.877944	0.926187	0.926282	0.821809	0.903534	535.635382	245450.863778	36.608004	952.303007	1056.970556	86.592825	1783135361.581319	0.000000
48.000000	18.087412	45.720302	72.533025	63.648140	38.164619	-18.118888	-61.029511	-0.860943	73.647364	134.261211	327.775518	299.955051	240.127897	138.310330	116.536712	17.870859	0.809750	0.995849	0.941336	0.920572	0.944034	0.816100	0.911242	455.289656	232665.038010	36.604797	921.682631	1012.409892	88.982707	1783135361.581366	0.000000
49.000000	19.229796	45.809995	57.647063	38.681328	5.707734	-43.933853	25.133545	93.809793	231.952978	559.196322	227.721972	93.832395	16.957492	-107.206462	26.683213	242.540510	0.969748	0.992971	0.886884	0.956934	0.836949	0.818148	0.958449	510.921596	235950.727575	36.599422	1009.495477	1017.341791	97.123490	1783135361.597004	0.000000
50.000000	20.599842	48.145783	47.959476	11.774738	-11.519664	1.363951	88.429750	167.989018	154.134100	245.515412	-13.347968	-125.211726	93.024029	452.465936	425.860433	461.368127	0.906675	0.869107	0.811460	0.858855	0.804095	0.920321	0.911651	460.026104	269961.564415	36.601243	1069.975415	987.503079	93.254613	1783135361.597072	0.000000
51.000000	22.027818	44.951488	30.941843	-6.672909	-12.896639	59.856301	149.941903	192.470170	85.881378	-23.083416	-60.610855	132.295709	269.255541	540.637753	144.033395	-121.638399	0.803349	0.815422	0.933422	0.981417	0.948864	0.979397	1.004026	526.896265	235463.657821	36.598071	996.699450	1078.459382	98.365169	1783135361.597126	0.000000
52.000000	22.373566	40.234854	14.282360	-9.956520	19.957796	113.511932	169.573572	82.558964	-0.426805	-30.410904	167.244648	322.325732	167.351770	11.874406	-158.054940	159.745281	0.951755	0.953567	0.848201	0.995992	0.925877	0.875649	0.957520	516.467464	270696.489459	36.593158	1019.345532	968.141353	87.935323	1783135361.597154	0.000000
53.000000	23.192266	36.237234	0.610673	-8.812888	63.383972	138.308241	109.545553	-36.007152	-10.010425	168.160232	332.362975	139.484421	-27.611319	-5.623672	192.624721	462.977482	0.991952	0.918048	0.842375	0.900983	0.950810	0.996328	0.919488	493.538634	270230.306881	36.598554	904.114296	1023.655999	88.737138	1783135361.612274	0.000000
54.000000	23.552865	28.291368	-6.333334	8.157972	100.310146	134.147106	0.657582	11.820998	263.081544	233.497433	110.311171	-58.268809	82.878424	421.098761	207.560907	10.839872	0.955070	0.891048	0.960541	0.886972	0.822566	0.882887	0.975928	518.718870	228927.448268	36.590967	1082.834255	912.154886	91.981263	1783135361.612337	0.000000
55.000000	23.437125	21.947371	-10.731463	34.811512	129.201237	73.575954	-12.981505	58.933911	484.039142	118.796644	-9.490145	73.476447	321.942983	204.759405	0.967925	89.048801	0.808706	0.941458	0.926222	0.818336	0.969187	0.961158	1.054848	526.717310	245184.316557	36.591412	903.576169	1079.841398	92.710542	1783135361.612362	0.000000
56.000000	23.834277	15.323815	-13.269815	65.555197	103.543110	9.563134	-23.860890	147.828748	170.554925	-44.170833	23.936862	186.579522	304.997333	-60.915381	155.829801	556.972166	0.921968	0.804982	0.986857	0.945607	0.938046	0.920677	1.028336	463.314119	277170.989015	36.606166	1091.833151	908.310732	85.039123	1783135361.612384	0.000000
57.000000	23.846529	8.807373	0.513439	87.912886	80.137743	-42.343982	75.255261	197.181000	10.179983	11.245909	280.507387	202.513459	-68.867618	159.607633	446.376448	-55.675306	0.843752	0.853020	0.870177	0.855965	0.971185	0.904281	1.006793	533.795440	271751.207598	36.590187	910.658057	1051.606468	81.869485	1783135361.627384	0.000000
58.000000	23.341705	1.990691	7.137661	88.021963	39.214717	-26.725029	143.252525	109.246509	-20.045397	167.923852	250.179359	25.485416	237.854586	310.855819	111.940812	28.728758	0.814470	0.930841	0.927062	0.897455	0.884368	0.914920	1.091002	465.887951	236205.277265	36.607097	939.207817	1054.878953	87.626542	1783135361.627441	0.000000
59.000000	22.404400	-0.453531	23.394329	94.217744	0.034998	43.980941	153.476677	-8.719548	55.198950	279.320905	6.150817	130.771732	426.041454	39.358446	73.389584	638.655687	0.985729	0.870918	0.924759	0.812572	0.813015	0.850837	0.917121	524.088500	251724.752540	36.590130	908.795658	1031.961318	90.881312	1783135361.627459	0.000000
60.000000	22.226684	-7.659750	38.995781	77.573121	-6.864455	112.279837	103.301608	-62.297304	164.837107	128.618689	-27.327784	445.719117	106.971638	-98.129023	399.950830	167.262218	0.987817	0.902680	0.976377	0.987733	0.856472	0.978359	0.959128	515.942254	267223.331422	36.590916	913.916889	946.695259	80.875953	1783135361.627478	0.000000
61.000000	21.280201	-6.400105	55.870893	50.287233	1.191744	142.269873	21.905056	83.813358	187.160997	7.655538	138.998256	422.561999	-82.307301	271.762518	141.043792	-77.273283	0.811763	0.936747	0.812071	0.803954	0.878305	0.827820	1.025467	490.321124	254271.892226	36.605542	916.735938	1045.601257	80.057413	1783135361.642997	0.000000
62.000000	20.060494	-8.583371	61.038301	25.053984	23.252271	133.040813	5.135958	291.402939	101.238747	-44.688835	269.770944	-49.341643	154.794721	229.689806	52.869894	216.680195	0.859587	0.979773	0.941732	0.935940	0.900203	0.931210	0.947288	547.423873	263446.699961	36.608761	955.402147	980.573080	93.485404	1783135361.643051	0.000000
63.000000	18.024053	-9.054005	70.839368	-3.299852	62.593988	89.981334	-2.531978	348.886532	-54.632228	147.131456	120.216078	-40.840936	264.338394	-12.613330	636.091196	136.141862	0.820284	0.897151	0.928473	0.815960	0.926717	0.819036	1.093942	500.358127	232788.161087	36.602194	1006.226790	903.723073	88.271667	1783135361.643073	0.000000
64.000000	16.709698	-3.734231	66.962756	-20.608247	109.490482	32.963059	61.890851	155.643352	-44.587322	250.643297	31.409564	306.968338	41.218053	118.621794	612.806185	-62.106580	0.899158	0.839983	0.874657	0.960911	0.962470	0.839105	0.975678	467.952737	260148.188078	36.595295	945.102461	1073.800216	85.802088	1783135361.643114	0.000000
65.000000	15.460042	2.261110	67.234140	-23.577375	132.323693	-25.627674	122.641439	29.120541	101.122140	131.210808	53.742441	313.777929	-142.864382	451.179877	-85.165427	473.655522	0.965261	0.819647	0.800718	0.847388	0.818235	0.838228	1.085460	464.619851	259686.523300	36.609946	924.355209	1085.947765	89.414706	1783135361.659386	0.000000
66.000000	13.562533	7.431419	58.402008	5.295005	106.716007	-42.245894	159.108030	-76.741415	206.431538	-76.879708	486.366341	15.635131	171.021591	75.527992	167.815009	206.183089	0.929280	0.877900	0.866919	0.868169	0.817425	0.894524	1.053002	497.015707	275095.337338	36.607370	989.297655	1061.870212	85.979051	1783135361.659435	0.000000
67.000000	11.728332	14.502507	41.985711	22.348161	80.986285	29.710641	114.727948	26.845761	188.795380	40.596685	536.002752	-20.964617	221.085135	26.364808	224.914188	-90.826494	0.842160	0.887169	0.897406	0.986729	0.998162	0.933053	0.929760	466.615968	255660.444018	36.601418	909.241752	926.250961	94.504803	1783135361.659457	0.000000
68.000000	10.000000	21.404126	26.358315	48.150941	33.531566	78.614318	40.655723	107.740978	44.018380	187.169541	54.194970	250.367562	-37.580368	495.321916	-32.240482	340.853741	0.825987	0.820607	0.923251	0.900291	0.991381	0.871465	0.908670	545.993659	275314.416889	36.591497	1002.594325	1035.486161	81.313415	1783135361.659476	0.000000
69.000000	8.196699	27.667354	8.919101	76.863858	-9.269886	119.652830	-17.550231	220.270300	9.688761	261.697648	-59.574795	332.771825	61.533110	633.277341	-23.181445	202.567663	0.891576	0.999181	0.917415	0.849178	0.867415	0.947028	0.983403	486.470741	238214.042525	36.606718	903.941081	1004.678409	81.444628	1783135361.674699	0.000000
70.000000	6.428178	35.069848	-1.058753	93.582354	-22.007937	151.407904	-26.606068	131.563463	18.356607	130.178630	125.815469	77.500270	255.323593	25.800549	337.667241	28.597949	0.988839	0.847400	0.986367	0.936066	0.990518	0.942760	1.092667	452.842325	241127.800952	36.594762	1090.939744	1054.062387	82.434531	1783135361.674748	0.000000
71.000000	4.705949	40.076627	-15.320145	99.621226	-23.790172	96.818561	99.334040	54.244888	176.251328	18.087378	345.489880	-89.860637	257.410371	66.943738	124.387840	307.512269	0.838659	0.825411	0.987037	0.803619	0.890119	0.877551	0.928497	498.853840	251875.549230	36.607024	952.331022	1039.138701	91.559957	1783135361.674773	0.000000
72.000000	2.882896	43.562417	-12.942081	95.411165	24.635406	48.166881	125.069265	-31.042872	160.152518	-3.328665	165.376649	169.269062	-4.529236	323.427048	-13.902374	325.825863	0.835787	0.942168	0.815005	0.925139	0.962234	0.949797	1.005012	479.647524	249292.348943	36.602997	983.959117	959.812094	87.345225	1783135361.674794	0.000000
73.000000	1.999454	48.814981	-10.647777	61.011744	63.543826	-0.957186	146.870901	21.868139	109.121919	169.170112	-83.656069	245.441020	72.929586	135.484055	334.226082	-72.725883	0.824952	0.911074	0.985229	0.935003	0.968522	0.903168	0.997636	547.078074	277814.400417	36.591399	1059.480065	1081.512087	99.648012	1783135361.690478	0.000000
74.000000	0.514114	50.269895	-4.045267	38.440984	111.110247	-4.962820	144.846937	92.650878	-15.090046	513.972641	46.179578	89.769125	256.468736	-162.323687	254.487196	421.681585	0.815327	0.965604	0.846830	0.854378	0.866188	0.842236	1.004333	540.180474	229818.840355	36.597655	919.596610	933.470135	92.117090	1783135361.690550	0.000000
75.000000	-0.896127	46.912577	13.644283	6.962158	110.503049	9.778028	47.153634	163.647215	21.923581	240.866793	242.616798	-141.869132	402.861326	249.944638	-100.983690	652.618138	0.958542	0.983589	0.990425	0.969676	0.820716	0.943738	0.998750	516.892830	245917.627918	36.597625	904.931188	1006.736750	92.166049	1783135361.690579	0.000000
76.000000	-1.525437	44.714761	29.016190	-13.444345	106.743609	59.913562	-8.008920	182.481156	92.528182	-11.946441	199.024285	131.244260	-67.479387	333.851515	169.144368	44.572385	0.856196	0.830997	0.967506	0.921343	0.854490	0.851021	0.979504	539.206795	257318.495697	36.597322	975.177820	997.331088	87.259191	1783135361.690606	0.000000
77.000000	-3.361632	41.016116	45.469201	-17.800440	77.774074	132.970505	-46.876451	84.138684	164.617182	-2.268804	83.044888	370.197729	106.403867	63.583785	229.129587	158.884078	0.922196	0.987654	0.997254	0.921724	0.836564	0.811713	1.099277	540.301191	273273.145429	36.609634	971.907600	990.366076	88.883960	1783135361.705619	0.000000
78.000000	-3.794835	36.549153	61.112430	-0.643972	35.075230	133.618409	36.632463	-5.720853	227.136981	131.664535	-70.337786	128.591775	387.040459	60.075041	-54.988312	292.745937	0.830024	0.829494	0.834203	0.945377	0.864279	0.919828	0.905867	468.504299	238408.580720	36.605823	976.239339	927.687900	80.636755	1783135361.705710	0.000000
79.000000	-4.585089	28.627864	73.207767	1.720464	-3.251588	125.872837	133.531714	-60.740686	51.477171	298.879236	109.638147	-25.022585	157.333126	322.368068	36.558985	-98.648976	0.845889	0.922945	0.940744	0.817918	0.933985	0.811480	1.064287	472.339022	254477.510995	36.597823	1075.547969	943.911842	81.799095	1783135361.705756	0.000000
80.000000	-4.689095	22.221075	72.118354	33.268701	-16.992073	72.118196	180.952153	61.254076	-67.236379	133.516199	261.270867	153.270490	-149.312186	180.805243	787.367019	111.723807	0.822864	0.867172	0.844441	0.995202	0.835680	0.878729	0.923248	547.393812	258513.547000	36.606936	992.933929	1092.039230	81.714729	1783135361.721724	0.000000
81.000000	-4.085769	14.665562	75.339610	59.759601	-25.523072	13.023297	159.931207	156.446118	58.869150	-3.134533	191.238316	558.212833	91.469713	78.440718	264.899987	481.510965	0.876166	0.817706	0.968843	0.864530	0.906664	0.870025	0.918815	523.865776	246947.981620	36.593896	1059.233504	917.197081	88.334623	1783135361.721790	0.000000
82.000000	-3.429452	7.433239	66.732311	89.611691	14.434878	-40.018850	65.249378	187.851980	312.903622	6.984121	-85.016044	195.758969	216.190332	177.663100	12.555322	125.495712	0.996437	0.926595	0.851348	0.827743	0.858407	0.904882	0.963541	475.415313	231649.549648	36.601253	1028.720267	1058.376272	93.993957	1783135361.721836	0.000000
83.000000	-3.891589	2.730691	52.243342	96.880250	61.553712	-13.392096	-34.223498	101.175635	195.182773	172.407173	-35.792218	-2.903965	136.444497	231.146449	384.471278	89.311078	0.951970	0.843187	0.849095	0.890546	0.893658	0.986789	1.065892	488.757468	273665.456544	36.590208	905.721640	980.860409	89.576593	1783135361.721861	0.000000
84.000000	-2.347886	-0.902917	36.158581	87.527026	110.449413	40.518676	-37.196412	21.559764	126.993013	270.983141	169.720512	46.582500	-6.468743	45.642394	283.184685	349.708389	0.874127	0.880023	0.976177	0.849400	0.869448	0.824908	1.024215	458.470420	267538.975383	36.596923	950.097536	1090.352193	83.680974	1783135361.721884	0.000000
85.000000	-1.778736	-7.882702	19.465845	80.495826	109.402813	109.657738	38.619906	-57.934257	-29.622145	136.885880	194.589088	219.593090	144.720678	-50.773713	82.721941	17.149849	0.838789	0.954018	0.966681	0.841576	0.819117	0.967289	1.090127	514.587255	238522.927010	36.594337	1091.636697	996.672672	92.122627	1783135361.738008	0.000000
86.000000	-1.050014	-5.550584	2.512477	52.073824	124.462521	148.526085	118.352437	49.642720	-56.099309	24.139754	77.689052	266.367443	377.407061	647.414318	176.399383	-119.790797	0.865321	0.961508	0.946623	0.903599	0.927802	0.952550	0.904318	458.650471	229199.178780	36.602308	957.288395	957.106101	94.038666	1783135361.738092	0.000000
87.000000	0.656693	-6.417326	-7.768219	22.103894	74.919431	147.191448	195.499138	146.096969	81.367269	-45.267576	-125.211110	56.354119	75.276894	281.946208	447.952007	306.910344	0.820329	0.951504	0.846182	0.822861	0.893461	0.823294	1.072943	475.832800	242178.141141	36.608424	921.502606	984.927367	90.395296	1783135361.738132	0.000000
88.000000	2.020674	-4.458555	-13.489599	7.794009	36.378041	98.011543	126.087159	233.647873	158.177254	131.528844	178.757136	19.679951	45.544676	77.670216	-13.297376	119.246739	0.869247	0.983707	0.893376	0.951500	0.808583	0.834280	0.986715	548.007047	268222.365758	36.595461	945.857176	1086.334626	84.365988	1783135361.738173	0.000000
89.000000	2.848913	-2.573990	-17.167447	-22.187958	7.510979	21.625673	79.315294	119.346298	198.238917	260.633015	493.009517	204.895148	231.872770	118.177027	-16.351868	56.013880	0.995339	0.959245	0.882845	0.812578	0.824367	0.888785	1.042202	549.150778	259117.490622	36.593550	972.499566	1021.794872	93.082082	1783135361.753530	0.000000
90.000000	4.649631	2.068265	-6.505873	-11.351516	-7.586597	1.529131	-11.435234	19.122590	64.848341	125.074646	216.346647	273.509657	380.245973	365.218896	354.317537	791.918212	0.870561	0.893245	0.857077	0.837573	0.920033	0.994671	1.044249	504.518287	245712.501549	36.595272	1009.935370	978.132480	96.593832	1783135361.753606	0.000000
91.000000	6.392112	7.031882	2.751388	-7.763141	-18.672313	-18.695238	-58.221575	-6.070298	-37.751581	33.059179	-34.481171	70.826911	12.307020	91.891412	127.225517	398.752823	0.996090	0.820547	0.998704	0.898585	0.946480	0.976006	1.078894	516.593007	260858.528850	36.603498	1019.658057	1018.568522	91.624664	1783135361.753848	0.000000
92.000000	8.302956	14.775177	19.984724	18.991184	27.210025	13.391760	14.783223	8.877847	23.980194	17.838858	-56.951557	16.558815	-24.135741	-4.785613	-8.740764	-54.982590	0.896533	0.881733	0.937201	0.938990	0.805104	0.834325	0.949703	497.444275	274697.045409	36.607001	1089.414343	978.753107	90.322762	1783135361.753885	0.000000
93.000000	10.000000	21.349756	34.196105	47.994386	63.719620	78.803774	89.275650	223.283882	135.210284	192.054734	172.976793	168.542775	183.956707	233.610926	249.419090	342.268635	0.967365	0.881318	0.825704	0.966765	0.932266	0.943341	1.062609	451.016566	251927.294431	36.604633	1027.687112	952.833328	93.900856	1783135361.768546	0.000000
94.000000	11.838639	27.769798	47.083408	80.950551	107.119457	140.847363	177.423678	371.881072	187.605714	294.656741	265.983027	288.034022	562.249251	233.620583	209.095661	195.115655	0.825111	0.871074	0.875796	0.820789	0.949761	0.980917	0.976496	462.485319	271677.965987	36.595388	975.700870	914.241972	80.316639	1783135361.768626	0.000000
95.000000	13.616783	35.685674	63.001500	93.058029	112.955778	140.097366	185.856548	189.923487	172.350590	137.608789	82.602986	82.154230	-19.430390	-143.908522	-182.365238	-100.170092	0.905901	0.888486	0.966520	0.905181	0.894578	0.960415	0.991110	469.522895	262668.116712	36.602897	940.242686	1054.662842	80.871406	1783135361.768663	0.000000
96.000000	15.180817	40.176797	70.709993	106.812611	107.860143	105.635720	85.236942	49.618894	40.947032	-61.485709	-19.890358	-89.966707	37.247608	101.731497	315.750956	354.176929	0.902760	0.815953	0.946667	0.960765	0.839565	0.916260	1.088892	482.473050	274602.959605	36.592477	956.966758	1027.239432	99.916794	1783135361.783090	0.000000
97.000000	17.085580	46.693212	77.624186	78.594313	75.082563	46.692311	14.337286	-48.794520	2.898456	14.066289	71.727669	196.370129	202.638209	335.786062	822.265145	303.380191	0.990044	0.920889	0.891376	0.814255	0.866102	0.851654	0.902956	462.397341	248151.811944	36.606405	1095.997687	942.390871	96.781105	1783135361.783127	0.000000
98.000000	18.361738	48.892535	71.570468	68.008480	37.849015	-0.800510	-51.013584	9.119074	61.423931	166.734224	294.165913	376.733262	196.796387	137.383485	96.504799	1.043566	0.935882	0.850332	0.942126	0.847199	0.826208	0.931667	0.986088	472.200479	243001.615639	36.603774	961.674096	1023.965584	81.334517	1783135361.783145	0.000000
99.000000	19.224790	48.430063	55.847070	38.476351	8.552602	-23.427139	-6.661482	91.393343	228.682684	474.239647	207.280633	165.715589	53.494086	-42.572683	-28.597943	175.321714	0.875183	0.816997	0.845377	0.897220	0.805038	0.897554	1.001241	523.874935	261220.940324	36.609396	927.143697	1023.259480	88.163817	1783135361.783161	0.000000
100.000000	20.720718	47.985606	49.092835	14.105770	-35.492918	11.189015	88.169218	212.860067	173.619934	230.565228	-53.872290	-88.432885	82.047473	222.741585	379.816062	357.770251	0.802998	0.911464	0.903384	0.885670	0.842081	0.823844	0.976452	477.261910	269571.377681	36.593604	951.558902	986.119757	84.272936	1783135361.798432	0.000000
101.000000	21.730505	46.515671	30.964736	-8.310714	-5.699059	59.854217	167.658532	204.949248	87.770690	-102.270290	35.171393	253.497104	315.704365	574.323383	123.878967	-43.062726	0.945645	0.909856	0.886377	0.977514	0.858503	0.957474	1.003162	531.554710	275585.414350	36.604370	907.881177	917.938613	94.573752	1783135361.798469	0.000000
102.000000	22.569595	40.252796	17.500908	-17.865045	16.927370	128.450626	133.550110	81.860762	-14.995700	-39.368739	195.030164	359.848137	218.616836	-75.654044	-165.035381	158.703273	0.834227	0.961409	0.880420	0.976299	0.907368	0.830588	1.058967	457.101222	254894.511355	36.592508	1070.209629	920.313048	87.184126	1783135361.798488	0.000000
103.000000	23.510096	35.849858	-2.239038	-16.477134	61.790062	136.840153	107.481430	-28.525970	-42.177490	189.226909	311.635330	127.789620	4.876773	24.858871	250.797557	343.052977	0.985338	0.862159	0.880184	0.918041	0.959625	0.820667	0.901077	478.125551	254335.401416	36.609737	1074.533930	999.430829	95.019564	1783135361.798522	0.000000
104.000000	24.232484	28.744648	-10.010429	10.876782	112.834185	123.880938	35.412337	-45.191076	137.309458	205.921066	110.221196	-8.979343	85.307853	437.869968	313.005196	-71.101095	0.905987	0.977036	0.989142	0.982548	0.887686	0.930390	1.016775	545.599122	229421.920509	36.605693	986.305926	982.919037	87.423436	1783135361.814679	0.000000
105.000000	24.678441	22.038566	-9.868680	33.772727	116.321770	73.917473	-71.534832	63.281809	248.356628	128.209055	-17.538794	81.910504	201.981010	179.737530	-190.045282	213.050364	0.865360	0.969901	0.924429	0.888590	0.946164	0.901112	1.032935	508.988407	272347.324559	36.592498	1056.762175	903.729133	95.756297	1783135361.814729	0.000000
106.000000	24.256967	15.040103	-5.219593	59.559020	120.637326	-0.154411	-23.727889	147.753753	154.492280	-8.002206	72.441772	236.344736	151.432446	-193.150488	169.067581	974.526808	0.911650	0.921207	0.889518	0.814950	0.876082	0.863880	1.037154	482.800817	275898.280615	36.602858	939.487648	1005.136652	97.569138	1783135361.814748	0.000000
107.000000	23.652157	9.111560	-7.340149	93.291394	75.808141	-36.747295	74.650957	224.989852	32.957627	-48.279918	215.915508	152.280222	-0.891437	163.625667	469.614796	52.946880	0.924977	0.878751	0.814766	0.996416	0.974682	0.850117	0.986407	526.714124	267549.706186	36.590753	949.294955	1005.640230	88.211818	1783135361.814764	0.000000
108.000000	23.757231	3.877216	9.526990	88.581742	36.294411	7.882330	150.990383	115.951707	-76.311973	191.514286	274.017069	-92.437937	125.175077	233.327617	46.717439	-28.017017	0.811636	0.933578	0.815633	0.830663	0.952325	0.921141	0.976560	479.076854	274300.979201	36.594168	996.561206	909.417146	86.283533	1783135361.830382	0.000000
109.000000	22.661161	-3.928361	23.540628	98.190104	9.023145	39.256318	176.619434	17.524612	99.615610	304.708811	-8.387855	25.393410	369.111157	76.708884	49.070547	242.202305	0.870050	0.835743	0.899728	0.933742	0.890556	0.805754	1.034306	540.195079	250089.641287	36.592307	995.476894	915.768549	85.851135	1783135361.830437	0.000000
110.000000	22.203583	-7.470468	40.662246	82.533403	-32.837131	112.957839	110.318349	4.204441	197.010008	126.376865	-94.431700	313.589659	111.224630	-26.386427	278.322949	21.811801	0.908365	0.958087	0.945954	0.894321	0.916817	0.950291	1.014475	457.760330	243673.830976	36.607049	968.356315	1008.233905	83.314889	1783135361.830467	0.000000
111.000000	21.361661	-7.658146	57.301572	51.071141	-10.071981	127.763160	21.505376	38.411953	223.602462	-78.447187	330.531525	264.247325	2.855081	187.745690	278.397336	47.147791	0.895939	0.936113	0.818013	0.832912	0.897861	0.804209	0.989031	477.163194	274361.851549	36.605104	1080.910615	940.654748	89.671818	1783135361.830493	0.000000
112.000000	19.595516	-7.411376	65.733247	26.978671	26.944652	146.959996	-39.354919	143.674846	105.047214	-24.205619	232.222825	-83.363940	184.889014	234.101396	-108.989516	546.732479	0.901525	0.960186	0.832674	0.979270	0.855261	0.903374	0.972007	512.562869	271386.635850	36.607739	925.293364	988.217923	83.759438	1783135361.845386	0.000000
113.000000	18.477716	-4.461073	68.568166	-6.138246	62.421655	88.219187	-22.204758	172.203363	-60.606523	161.137394	123.891572	61.676306	590.713610	35.336127	580.576310	128.098445	0.829718	0.949295	0.929003	0.958569	0.804115	0.853014	0.925120	495.707912	265389.309061	36.591349	976.144049	1004.332287	93.618727	1783135361.845425	0.000000
114.000000	16.918346	-2.720547	73.082305	-21.547087	103.638647	24.817755	63.148724	128.361339	-24.989773	310.000097	-30.025678	244.303480	147.942303	115.145691	297.320735	-164.791130	0.854496	0.906220	0.874148	0.943535	0.818550	0.946647	0.922404	523.253266	241324.629371	36.600032	1059.910344	1091.762932	92.189984	1783135361.845444	0.000000
115.000000	15.390207	-0.035951	61.834845	-16.560082	125.910247	-1.140387	154.512657	14.907156	114.891920	115.585438	39.275905	181.088202	-173.988963	384.848577	-171.654346	470.958624	0.990182	0.913192	0.855434	0.880871	0.807993	0.932042	1.075574	452.554894	254658.656064	36.600643	1060.057998	959.361088	94.839204	1783135361.860798	0.000000
116.000000	13.497805	7.201557	55.651025	4.405683	101.460200	-34.030985	202.678486	11.157710	263.763010	35.018259	184.248249	49.886367	266.567414	94.861456	167.103665	185.305290	0.920669	0.932397	0.947228	0.939787	0.938906	0.844670	0.905191	549.424870	245009.986833	36.606412	946.634239	1029.051005	94.667811	1783135361.860846	0.000000
117.000000	11.745553	13.917677	42.478481	21.195307	86.107763	13.837639	107.417482	15.507785	146.250113	-32.413672	286.360022	-1.546744	295.275823	-6.197101	326.912433	-91.860135	0.817390	0.996549	0.889750	0.867592	0.863170	0.888982	0.929097	475.016629	267655.969214	36.599920	1044.335441	958.209414	90.025889	1783135361.860870	0.000000
118.000000	10.000000	21.291168	25.594193	47.575427	33.031556	76.022108	31.833747	113.086514	53.925750	146.344481	69.036657	164.919810	-40.198482	543.284183	-87.512482	378.376578	0.987524	0.915590	0.889002	0.807155	0.904818	0.873430	0.996896	450.359476	264285.819568	36.599917	957.482927	1061.187524	98.953526	1783135361.860890	0.000000
119.000000	8.216889	27.844608	11.863630	70.543055	-2.479239	140.832001	-23.113912	202.460040	-51.832595	295.038349	-2.458430	465.979008	-84.356406	589.996867	27.731423	462.688996	0.909856	0.910444	0.845456	0.922803	0.811117	0.955862	1.026636	472.874291	264766.913239	36.596979	914.984427	1073.727257	83.562769	1783135361.875600	0.000000
120.000000	6.308427	35.334210	-6.543398	84.112310	-10.063830	151.140178	-47.573341	136.784855	34.427143	121.033655	136.971262	73.946076	183.180464	47.735807	470.339110	-81.704714	0.847820	0.988668	0.949332	0.855074	0.986461	0.881625	1.064937	541.700077	258707.310435	36.594753	982.604127	923.488852	91.839209	1783135361.875639	0.000000
121.000000	4.874412	40.456112	-12.713387	86.082155	-14.597461	96.275153	46.042656	63.835668	171.191439	-18.909469	193.012192	-114.375637	319.168077	91.165194	129.816367	616.525286	0.832653	0.920780	0.829998	0.845849	0.978582	0.930821	0.906297	461.884989	248637.154451	36.609358	927.027398	1032.375941	90.169228	1783135361.875660	0.000000
122.000000	3.441753	45.366570	-18.351034	87.100391	27.758336	51.439001	146.702662	-19.631503	183.642215	-15.474744	160.223588	185.260530	-69.905023	467.687557	-8.815512	247.991599	0.858253	0.992662	0.862033	0.916929	0.803974	0.820877	1.076433	522.559631	276150.643082	36.592482	1017.657469	907.019300	86.207115	1783135361.875678	0.000000
123.000000	1.914554	48.396903	-8.266811	68.242137	63.749092	10.238843	157.440130	-10.505807	113.095357	143.578514	-39.179478	191.605445	56.332403	133.942620	372.280906	72.431673	0.978694	0.864424	0.881706	0.986871	0.823480	0.977212	1.099304	544.930382	228644.141076	36.592282	908.058494	1019.530011	83.634398	1783135361.891436	0.000000
124.000000	-0.073321	45.800326	-2.203297	38.511467	104.814975	-10.768763	124.338704	183.323159	8.986172	490.805646	28.182586	93.596636	232.891729	-147.779179	272.795212	236.244979	0.918127	0.892248	0.986233	0.870685	0.888118	0.827213	0.983905	496.209777	252896.333409	36.601242	921.327670	912.146788	99.823458	1783135361.891471	0.000000
125.000000	-0.541226	49.023488	15.471008	7.604500	116.833399	-2.371244	53.003484	387.511820	5.930967	286.152211	175.186060	-86.251441	171.517215	193.857943	-11.786798	469.954394	0.890186	0.894492	0.812309	0.960998	0.853458	0.861540	0.967439	548.550809	275374.897465	36.594496	1026.625230	947.274021	94.029514	1783135361.891491	0.000000
126.000000	-1.482893	45.102222	28.915870	1.180727	125.847193	59.870605	-7.627013	214.966795	93.511908	0.335145	257.260520	123.302638	29.550511	217.317000	173.833775	17.827544	0.988012	0.943112	0.806917	0.877025	0.837022	0.845078	0.962795	470.618648	274879.935722	36.592503	933.459190	992.088505	93.346354	1783135361.891641	0.000000
127.000000	-3.059934	40.758327	43.404900	-19.881779	79.921152	109.780930	-41.133097	83.438691	225.919061	-1.685724	28.008167	220.294599	61.323995	53.358755	766.666304	159.396301	0.894006	0.834106	0.975245	0.914863	0.822620	0.934244	1.046373	505.548555	262291.246698	36.593495	1012.258651	998.396502	86.959581	1783135361.906531	0.000000
128.000000	-3.290166	35.417957	54.104920	-10.379760	36.408400	122.286835	32.153730	-50.286721	145.400268	174.113064	23.447780	131.523119	319.451733	68.775176	-27.308812	277.424422	0.961866	0.817605	0.888352	0.846204	0.914468	0.993567	1.046941	502.162523	276225.023391	36.595474	1027.974560	902.227752	83.029313	1783135361.906579	0.000000
129.000000	-4.366842	29.885952	70.058270	8.781261	4.850346	107.721251	110.428294	10.705723	64.850034	301.636749	109.734862	-52.617642	165.796357	237.145445	142.012847	-150.953416	0.848427	0.852026	0.975684	0.886427	0.819701	0.919472	0.929340	501.731301	230910.096692	36.595154	1069.963770	930.538803	96.895659	1783135361.906597	0.000000
130.000000	-3.678873	21.993854	75.008560	35.060395	-25.575781	69.492639	161.319616	67.068187	-8.031452	128.439723	264.672130	76.035618	33.638869	196.402087	471.173705	74.999721	0.803264	0.829886	0.823610	0.944359	0.816545	0.939960	0.932736	546.138194	229654.892026	36.600211	921.810706	1039.076195	87.349379	1783135361.906613	0.000000
131.000000	-4.270899	15.009541	67.427137	61.673524	-15.558999	-0.300275	130.240562	140.994468	-12.012968	-63.897418	337.369523	254.906439	93.006939	-126.301033	144.425353	452.244084	0.843619	0.885970	0.809104	0.832671	0.895028	0.909619	1.026131	505.249741	274238.051103	36.591811	972.344725	1026.778289	89.614943	1783135361.921986	0.000000
132.000000	-3.738726	9.269136	60.819842	92.697246	22.354050	-30.010550	64.981698	197.629202	136.092787	38.130532	-33.584296	182.953857	480.006645	174.234888	-188.216371	-34.229468	0.915586	0.867724	0.883193	0.854147	0.836077	0.869677	0.985014	543.434249	260406.869745	36.601643	993.588055	952.582065	90.967586	1783135361.922044	0.000000
133.000000	-4.071098	1.354140	53.619527	104.502306	66.517830	-24.794792	-30.321901	110.226838	227.717845	186.379076	-21.539805	20.327126	264.769943	455.119078	259.343461	-25.655461	0.927339	0.995960	0.948287	0.966800	0.967525	0.895726	1.045451	511.395684	251092.313647	36.597779	1064.287772	984.635642	85.808847	1783135361.922065	0.000000
134.000000	-2.188429	-4.767325	37.145253	102.270318	103.871423	42.977672	-50.349848	-15.660947	246.650221	175.270746	211.831881	30.693420	-53.204019	44.304173	281.914539	831.470477	0.914417	0.842471	0.917618	0.973421	0.980082	0.806137	1.004729	512.127597	263822.605962	36.601087	994.642499	930.178632	92.220478	1783135361.922083	0.000000
135.000000	-2.100920	-5.464596	19.116516	70.288442	110.948777	106.930778	37.709232	-22.554735	29.161056	115.255371	237.527871	228.758440	139.074383	-100.754329	11.940306	156.641335	0.850683	0.916715	0.928635	0.814298	0.962761	0.999970	1.002713	487.206467	249803.646497	36.607050	944.687416	1057.977671	90.708848	1783135361.937178	0.000000
136.000000	-0.374722	-7.783171	2.830555	54.404465	106.203304	142.264698	100.162021	19.821698	-15.139502	-74.498452	76.664182	200.956565	202.057691	540.112596	175.186867	-61.320051	0.979296	0.912714	0.825343	0.913872	0.884156	0.918482	1.086765	546.299739	253011.158338	36.596460	964.409288	1033.271498	94.394267	1783135361.937218	0.000000
137.000000	-0.010511	-5.673813	-7.122557	27.170454	77.497554	141.212912	193.767715	146.035797	75.024266	-33.264335	-71.869471	-44.588813	101.753001	452.471971	467.194110	359.498776	0.983834	0.801664	0.810291	0.853433	0.812493	0.836523	0.970267	515.403184	255027.835151	36.598853	940.729797	1038.192176	91.325989	1783135361.937242	0.000000
138.000000	2.098747	-8.609312	-13.856173	-6.824221	34.945143	82.444218	178.252047	194.502918	200.434620	146.533617	97.678971	8.254632	32.935318	-145.721462	59.528193	151.258262	0.952148	0.834101	0.975995	0.815994	0.992288	0.895441	0.901708	453.769064	249893.030888	36.593920	1036.099226	1028.466392	85.144544	1783135361.952368	0.000000
139.000000	3.230294	-3.355102	-5.879398	-23.843996	10.893105	31.350219	163.392849	135.041945	199.028945	172.273185	229.214686	455.313010	162.356640	122.341957	59.494168	-126.419557	0.997069	0.849997	0.948760	0.832423	0.943991	0.862865	0.974523	503.340789	264255.215192	36.604369	1078.840101	951.172470	83.327115	1783135361.952409	0.000000
140.000000	4.794094	3.482270	-10.199498	-11.971873	-17.262534	-15.852379	-12.584847	28.587589	79.391414	136.995361	203.749694	443.493966	357.143530	307.783441	222.030749	366.262946	0.957366	0.907565	0.860193	0.958024	0.893285	0.909999	1.034236	513.792658	241667.960221	36.592728	903.950176	1000.553178	93.592355	1783135361.952432	0.000000
141.000000	6.537515	8.511047	4.472589	3.891215	3.398694	-29.308598	-65.557789	-12.358425	-38.872635	-26.709969	2.483683	-25.266348	97.371933	110.700172	127.727281	177.410626	0.924897	0.893865	0.874219	0.994209	0.951474	0.838389	0.989917	526.738112	274194.581186	36.590072	949.458101	921.479016	85.011497	1783135361.952453	0.000000
142.000000	8.312055	14.883917	16.912628	21.547488	25.761838	19.248522	9.013903	-0.717495	20.149271	-0.634584	53.318312	34.862700	-19.579102	-142.349892	-124.568528	-68.790153	0.804746	0.887579	0.942351	0.985433	0.923262	0.988660	0.961416	546.464108	257637.183902	36.606722	1014.770700	928.762908	88.036004	1783135361.968076	0.000000
143.000000	10.000000	21.390624	34.280344	48.296604	60.879022	77.538662	91.956609	112.962216	141.926178	177.752520	165.909369	189.138778	261.607741	306.197929	631.251468	284.686906	0.870255	0.896819	0.873696	0.880392	0.961522	0.847666	0.924293	522.651722	274939.608109	36.596757	1065.210609	1060.692389	85.084073	1783135361.968122	0.000000
144.000000	11.801357	28.326109	50.734677	75.598273	97.053134	120.726964	191.563566	214.988809	219.256924	244.180521	292.261044	243.222272	259.866868	257.343680	569.135207	210.221989	0.989376	0.868081	0.849355	0.982860	0.893718	0.919546	1.035004	543.518499	274300.961136	36.593142	1093.753302	999.290706	91.437533	1783135361.968162	0.000000
145.000000	13.613278	33.522047	64.299023	101.305442	110.321156	127.403818	134.785542	190.471681	127.214685	124.868782	84.224740	71.926992	-67.649204	22.395758	-232.945100	100.096007	0.854108	0.934581	0.893680	0.997444	0.894445	0.868218	1.024246	458.529674	274702.417362	36.609445	1021.777018	978.456032	93.426011	1783135361.968191	0.000000
146.000000	15.297081	40.659315	70.724056	85.984791	103.512630	101.750500	87.849641	54.510625	-8.090541	35.617701	-63.535479	28.460725	-4.364471	25.086696	165.679378	194.108323	0.888273	0.940047	0.934972	0.885763	0.848847	0.941761	1.065698	524.126838	237140.530022	36.608044	1075.217822	999.210892	89.329016	1783135361.983239	0.000000
147.000000	17.103647	43.520106	78.553010	88.845992	79.482959	46.595811	16.078589	-42.256956	-35.881098	2.913059	82.111960	140.135904	209.469189	414.008226	300.486253	364.404365	0.840236	0.873880	0.923886	0.915584	0.991281	0.971142	1.078188	482.408190	261820.320579	36.607957	956.018430	1057.577015	93.113765	1783135361.983264	0.000000
148.000000	17.927512	49.074629	71.360501	67.043774	39.077398	-20.141184	-3.509901	-20.843008	73.406925	172.131055	274.288776	344.573466	181.834496	134.362262	-21.755825	-39.627333	0.837443	0.926898	0.953835	0.850525	0.973336	0.941233	0.996131	460.450307	248279.047572	36.598106	1009.791471	979.203144	92.184237	1783135361.983280	0.000000
149.000000	19.729769	47.000946	56.794033	38.558073	-3.500591	-35.772012	24.971140	92.072261	147.394356	434.357698	191.973770	77.392974	-98.077388	-185.549474	-32.871747	480.675771	0.849348	0.978454	0.966105	0.992461	0.987687	0.827336	0.928538	498.822607	256132.139080	36.609718	1013.657247	1040.044235	92.638772	1783135361.983294	0.000000
150.000000	21.248071	46.707007	46.102835	10.394904	-22.390440	-14.208585	92.153472	210.785094	208.138834	252.912851	50.208517	-66.565674	85.308504	198.727673	239.540754	694.311877	0.894519	0.987847	0.918245	0.888436	0.890600	0.942837	1.047546	461.892358	228742.732176	36.595210	959.264619	909.491376	90.540271	1783135361.998602	0.000000
151.000000	22.288082	45.501887	31.196462	-17.087036	-15.890238	59.912833	183.321544	160.535310	86.510692	-38.975509	28.912423	129.961638	679.427224	388.700310	132.242475	-85.084870	0.920642	0.820492	0.962952	0.801506	0.949147	0.904748	1.053961	524.633915	267495.305156	36.606642	1035.121649	1029.883358	98.280238	1783135361.998663	0.000000
152.000000	22.469517	41.553261	17.017305	-26.201947	21.100481	102.634142	190.755414	84.050595	15.462500	2.265145	153.197729	255.708819	372.551971	12.025646	-155.553115	159.314759	0.900550	0.824183	0.835009	0.983352	0.846039	0.883352	0.938941	541.328458	232170.285871	36.601121	1017.100302	1096.473144	81.243899	1783135361.998693	0.000000
153.000000	23.873496	36.728561	3.733696	-14.277092	67.429563	148.854435	95.519817	-40.248882	-9.931121	153.452485	482.346037	140.185318	-183.225741	61.383372	193.955469	427.737497	0.981956	0.856236	0.876973	0.991332	0.911770	0.965492	1.066364	486.311174	251845.818383	36.596071	1081.404466	970.294075	96.517936	1783135361.998722	0.000000
154.000000	23.655423	28.385343	-10.690943	9.266165	98.251623	117.498406	18.156868	-78.160098	124.164767	291.757158	212.669595	-12.033114	96.618775	545.691399	249.678162	0.802138	0.976682	0.963518	0.845710	0.812774	0.810446	0.927502	1.094347	511.360110	254723.677907	36.602819	958.060155	912.010886	97.232322	1783135362.014374	0.000000
155.000000	24.205997	21.983490	-13.435609	35.192238	116.250604	71.267553	-22.790801	137.629207	213.406890	112.886860	-166.023831	77.744672	195.037586	171.622813	-104.839107	117.430049	0.963562	0.956965	0.926341	0.815215	0.927960	0.969452	1.048934	536.526122	241599.280170	36.605677	945.545609	909.823471	99.309959	1783135362.014443	0.000000
156.000000	24.650399	14.654382	-8.055375	57.842188	108.898376	12.310793	18.867377	312.819479	180.416637	-7.735979	62.647981	250.105724	148.034745	-103.741599	168.395715	442.329346	0.994186	0.920849	0.827776	0.965724	0.902429	0.846625	0.968794	541.573151	234348.022531	36.598586	906.400794	991.245070	94.562772	1783135362.014489	0.000000
157.000000	24.102411	8.617919	-3.374894	83.627733	79.030116	-11.166228	73.892258	189.030206	48.729564	24.168099	201.846595	142.264516	7.778116	153.344167	304.770538	82.571107	0.804476	0.956387	0.888540	0.972045	0.863671	0.860600	1.088665	468.187628	276096.658184	36.602754	964.957510	927.087216	89.803423	1783135362.014515	0.000000
158.000000	23.810042	3.622838	10.509511	104.554512	36.740797	-17.472822	149.240590	119.125064	-39.863510	183.220164	274.135161	-23.861966	123.707946	306.807964	96.510984	92.850417	0.955360	0.984575	0.926508	0.809467	0.975959	0.873340	1.010490	460.163435	269089.657055	36.594887	974.923529	1027.160242	84.028130	1783135362.029949	0.000000
159.000000	22.956289	-1.937332	23.825567	103.489245	-0.232993	44.094718	169.635698	-14.036054	29.677340	209.616162	59.311102	49.185715	365.707966	107.671051	100.679903	560.461714	0.865818	0.999040	0.985724	0.892937	0.824117	0.992749	0.939070	497.872889	265622.563148	36.607884	1053.319109	1067.857087	92.745592	1783135362.029996	0.000000
160.000000	21.499858	-6.603269	38.910352	82.477152	-33.813158	111.605083	112.372005	-36.293018	213.415105	125.961405	-27.342119	492.693842	104.740285	-16.614443	731.131976	48.108715	0.841826	0.916364	0.840282	0.914311	0.806419	0.938867	1.064484	493.998854	252413.923776	36.592796	1025.630108	973.742436	81.854941	1783135362.030037	0.000000
161.000000	20.865938	-6.471004	51.342106	50.649062	-15.528622	135.899816	28.580954	45.035915	442.961494	-31.713628	136.601624	380.350488	4.479664	389.792610	243.439603	55.718278	0.820241	0.967332	0.832889	0.938039	0.967453	0.942922	0.968497	456.496396	248687.550894	36.592690	1090.050034	1091.381323	89.928277	1783135362.030053	0.000000
162.000000	19.468268	-6.784964	64.027438	23.948089	16.306186	132.333013	-31.512841	130.707375	211.215404	-17.932346	248.429405	-76.430450	148.887415	257.090880	63.400537	218.326166	0.845612	0.971449	0.869199	0.804991	0.846442	0.823753	1.094633	475.629362	231725.165974	36.600719	998.432246	956.751098	99.115840	1783135362.045545	0.000000
163.000000	18.228874	-7.407869	66.986164	-4.023181	67.182041	87.844572	-10.744805	179.401210	-69.817988	175.489036	127.967840	51.404673	263.296110	-139.932058	252.124624	112.914104	0.984296	0.951284	0.850693	0.814398	0.918316	0.857832	1.083964	499.307418	275966.767962	36.592530	1076.162994	1027.197334	89.913285	1783135362.045633	0.000000
164.000000	17.011966	-3.597226	75.772662	-24.434608	108.662621	37.273187	60.985460	115.963546	-53.292354	282.373017	-60.107884	235.590416	40.506105	126.231206	183.410421	-131.279635	0.914606	0.890910	0.948567	0.839167	0.940988	0.828321	0.968769	535.313774	254280.085527	36.609032	1050.146973	940.884002	91.159744	1783135362.045679	0.000000
165.000000	15.324745	3.479836	64.656400	-23.735949	104.402956	-13.438932	145.721020	20.031829	111.668277	124.972922	28.454652	206.067858	-10.430317	276.913878	-87.794871	590.921281	0.890948	0.842995	0.895134	0.888592	0.810398	0.837520	1.087590	459.372772	262485.530894	36.591671	1094.617981	1058.187682	91.763859	1783135362.061612	0.000000
166.000000	13.447817	6.857590	58.800255	5.192484	106.585370	-37.828331	169.232988	-62.745185	216.188115	15.042280	253.015521	17.507835	218.052317	60.423583	158.325727	400.360330	0.834961	0.992117	0.858196	0.922984	0.846053	0.995855	0.936225	465.960294	257798.462746	36.607661	925.776395	940.573736	94.863439	1783135362.061702	0.000000
167.000000	11.703204	14.035310	41.357910	17.251672	86.419081	20.856356	125.419339	-9.731133	207.394181	-20.290521	262.848360	-82.942940	201.906238	43.649160	271.988291	-129.206651	0.887755	0.952506	0.967266	0.980728	0.931477	0.844130	0.962207	493.613375	245821.887372	36.593345	981.866498	976.924546	85.709033	1783135362.061747	0.000000
168.000000	10.000000	21.309291	25.361685	49.076164	33.363571	84.655460	36.039802	110.879094	38.629768	158.140430	75.231694	174.876037	-18.954365	312.527930	-72.945389	357.630590	0.922583	0.969481	0.868997	0.838898	0.925064	0.850679	0.934344	521.539117	274683.272902	36.603025	1039.592211	1082.786093	80.592918	1783135362.061793	0.000000
169.000000	8.295200	29.213153	9.971181	78.096992	1.736244	124.432663	-43.526753	184.341312	17.915852	262.158090	34.272418	257.257776	-56.174204	648.180084	17.621685	206.451666	0.884499	0.894235	0.842984	0.941256	0.873185	0.890150	1.032395	526.862726	264386.436986	36.595068	949.124417	909.844982	81.186803	1783135362.079204	0.000000
170.000000	6.312993	34.193555	-0.346759	101.996852	-31.184697	138.751231	-23.631255	148.957979	43.192833	133.737073	138.755612	39.443541	519.989785	12.285073	418.806416	-90.022389	0.962727	0.959512	0.948478	0.803770	0.925951	0.818197	1.064884	468.508747	267080.098387	36.599731	932.241799	902.884770	85.223338	1783135362.079292	0.000000
171.000000	4.664774	42.308123	-15.891184	106.512769	-23.044426	102.999484	44.630140	53.612973	168.615598	-14.323234	193.817001	-111.832130	546.155645	118.760888	139.720126	249.015111	0.883251	0.839299	0.901418	0.908183	0.924719	0.822973	0.989573	521.293895	257900.883790	36.593176	972.885284	912.245868	94.755499	1783135362.079335	0.000000
172.000000	2.919575	47.040846	-14.574402	78.760025	27.250158	52.370369	129.019039	-52.544417	221.564323	-51.254872	158.526003	166.259246	41.117478	426.698088	-160.028853	400.455733	0.860917	0.980795	0.962412	0.820861	0.981114	0.823017	0.934702	472.745843	268785.680288	36.598624	1057.230282	1095.295880	95.874909	1783135362.079372	0.000000
173.000000	1.503150	46.971474	-13.470781	61.270321	67.268654	-5.543667	135.839479	-38.250587	106.106986	170.960117	35.252775	336.737683	71.719201	134.090911	254.917831	-25.168348	0.874561	0.823857	0.879717	0.967366	0.875605	0.831017	1.047774	538.786520	238646.686247	36.591053	956.044856	1006.261435	91.301855	1783135362.079409	0.000000
174.000000	0.285560	50.395845	2.263143	38.573093	102.098046	-27.583245	291.396753	88.409000	2.747003	497.392712	14.624359	102.358715	286.144270	-66.010200	337.533428	227.613873	0.895404	0.817766	0.816658	0.968883	0.932642	0.823790	1.001622	541.652306	255911.666860	36.594682	1081.863794	954.379930	96.031194	1783135362.094493	0.000000
175.000000	-1.179208	48.980582	15.500265	12.786731	135.451447	18.761022	108.232823	179.822070	-32.836138	265.281934	453.146009	-61.905948	203.714193	214.985703	-110.891180	268.020216	0.801329	0.814747	0.969737	0.995081	0.960925	0.953485	0.963090	453.608320	243894.849667	36.607724	923.827205	1091.171063	96.163598	1783135362.094565	0.000000
176.000000	-2.485791	45.478362	28.761556	-0.177865	100.150699	59.861130	-40.052755	163.882938	92.584360	-71.246481	514.732370	126.606160	23.396948	218.619905	308.413178	-76.791878	0.993235	0.856929	0.847723	0.863710	0.811360	0.884828	0.910818	508.327382	256018.535652	36.594120	942.451167	1050.443089	84.718069	1783135362.094616	0.000000
177.000000	-2.207463	39.381939	44.364955	-14.295008	79.860873	124.398894	-52.536385	83.486080	214.996904	4.294982	103.318269	311.849226	42.285042	-29.504514	660.901428	159.735960	0.998693	0.892383	0.853428	0.886524	0.912806	0.870815	1.002478	458.847259	256601.801942	36.603946	952.956551	1067.042613	81.073571	1783135362.094645	0.000000
178.000000	-3.461768	36.213163	60.605656	-2.317013	38.146919	132.453433	48.925448	-0.248562	193.024564	191.020658	-72.855588	133.519264	328.277943	-18.427026	33.677453	353.323473	0.895008	0.800403	0.921589	0.991447	0.865379	0.878945	0.931624	475.848924	237527.715759	36.591287	993.755589	1036.233173	92.980808	1783135362.108588	0.000000
179.000000	-3.475482	28.797840	68.292325	11.620108	7.628660	137.031494	111.260312	-29.509046	44.326194	172.280472	109.714711	-41.416079	178.109665	237.233071	33.046539	-93.288819	0.942263	0.823779	0.929383	0.944421	0.990411	0.991753	0.969331	454.361940	277980.957154	36.597947	901.206839	1098.278862	92.676323	1783135362.108665	0.000000
180.000000	-4.303582	22.256883	77.180763	35.241604	-15.063042	73.403583	188.717646	58.677958	-0.667623	124.588186	227.455851	159.924666	-8.942173	175.176032	416.695323	171.261332	0.859941	0.914602	0.967198	0.886930	0.847480	0.936347	0.981044	482.914433	277480.403601	36.591617	966.496614	1033.377213	94.548677	1783135362.108688	0.000000
181.000000	-3.743604	15.493339	76.449856	66.372436	-8.050331	5.234009	152.787895	183.505153	33.557367	31.024660	151.441328	506.874782	105.598476	-56.235918	139.608065	890.447232	0.936711	0.979722	0.976703	0.907499	0.885740	0.899783	0.952675	519.779003	254075.367557	36.596475	969.532595	1031.279138	81.303048	1783135362.124169	0.000000
182.000000	-4.482069	8.515086	67.029941	88.156719	21.960026	-31.096698	64.952706	198.300092	151.250658	-46.536683	-30.871404	178.425622	362.014386	151.903912	-16.372768	94.142487	0.936889	0.867367	0.872312	0.994746	0.968590	0.830780	1.011148	517.675706	258607.206710	36.599743	919.023264	1083.558417	94.621420	1783135362.124230	0.000000
183.000000	-2.885391	1.179353	53.927310	93.568352	61.481714	-30.589132	-34.930592	103.196948	198.252865	184.912589	52.533399	-12.579905	136.590286	306.106426	239.720086	33.873982	0.854133	0.887770	0.910214	0.991388	0.905471	0.874902	1.090908	518.485116	275825.166907	36.602748	1011.970531	930.341843	84.315052	1783135362.124257	0.000000
184.000000	-2.872868	-1.278226	36.336065	92.261200	110.597414	38.121823	-29.084567	-6.921873	117.639713	230.749394	179.732070	87.549093	-60.322335	58.037179	212.952064	350.263613	0.875813	0.821918	0.827451	0.830180	0.954237	0.841863	1.077192	538.534703	265892.463508	36.602944	1045.586211	937.191457	87.758700	1783135362.124281	0.000000
185.000000	-2.032528	-6.248895	19.744734	74.303886	115.183924	99.544137	11.458942	-46.360318	-37.164787	129.111349	272.355717	330.741790	155.979932	81.380514	-204.475262	137.845017	0.898187	0.898817	0.911747	0.963164	0.953112	0.843551	1.028300	527.399558	237001.833841	36.595995	1063.442715	918.048629	86.517307	1783135362.139526	0.000000
186.000000	-1.277565	-10.810895	2.381679	53.968943	122.436004	129.600551	119.954169	78.602327	-55.461800	-60.735307	78.078879	180.279708	223.196115	503.263160	168.119236	23.418547	0.825837	0.902070	0.927128	0.932949	0.972269	0.861615	0.975067	521.688784	267765.742278	36.591873	905.018969	989.690403	98.452336	1783135362.139563	0.000000
187.000000	0.375183	-6.937357	-2.814544	25.435901	78.926065	159.306620	142.018351	257.773962	73.238501	43.761680	-10.112600	46.454248	95.577963	461.634129	382.690018	230.510492	0.804192	0.920099	0.858068	0.995857	0.903904	0.937506	0.958383	519.286810	246297.946027	36.604677	1007.503108	962.923778	81.217045	1783135362.139584	0.000000
188.000000	1.823873	-7.609446	-11.454211	-7.551720	34.556043	99.532033	137.004200	202.199456	355.995702	170.704814	87.169543	-53.191172	-128.677903	-208.768565	-72.904953	153.696010	0.875046	0.808930	0.819140	0.941351	0.849220	0.981432	1.046733	457.439227	257918.397005	36.597923	1077.500261	1020.499209	90.204004	1783135362.139603	0.000000
189.000000	3.141605	-5.014273	-7.342091	-4.985208	-4.637556	36.077677	80.238142	153.762767	400.136545	177.588283	223.843699	280.501831	399.885475	126.228231	77.754516	-3.797878	0.998627	0.868301	0.879921	0.893595	0.995637	0.991500	0.951205	468.770370	235607.162003	36.597548	906.849142	1030.468242	87.421005	1783135362.154898	0.000000
190.000000	5.027308	2.861342	-9.795151	-24.458859	-23.110037	-11.044030	2.610468	44.752895	143.640409	117.811025	216.824094	295.052410	472.204788	470.640383	384.777105	466.922564	0.885355	0.886648	0.842642	0.893611	0.832551	0.854228	0.990142	484.326622	273260.309427	36.598677	1054.859601	1093.297293	90.444320	1783135362.154969	0.000000
191.000000	6.608649	7.655727	3.813611	5.656388	-2.257009	-14.869756	-18.575084	-45.726534	-60.353410	19.344703	-40.971093	15.007354	74.616405	121.757162	272.117833	199.593957	0.866419	0.986901	0.913734	0.998372	0.963041	0.997712	0.939757	477.941123	260391.403965	36.599655	1048.261556	947.158859	82.231064	1783135362.155013	0.000000
192.000000	8.142573	14.110477	19.170128	20.583859	13.672895	13.347597	2.942232	28.358922	5.448953	44.132621	25.452834	53.850619	43.872509	-1.974398	-211.026084	42.396444	0.939381	0.939445	0.884408	0.973463	0.979316	0.805630	0.995646	545.743251	267692.239302	36.606157	1075.097946	1063.615434	96.116022	1783135362.155080	0.000000
193.000000	10.000000	21.272558	34.828446	47.510948	64.157304	81.588123	104.740382	106.211365	142.436819	139.442667	189.389151	200.466058	260.586637	216.591002	628.923940	198.306307	0.978403	0.953863	0.920422	0.952173	0.856869	0.864671	1.027238	455.648704	258088.691503	36.605668	972.356588	1038.235780	90.941811	1783135362.170258	0.000000
194.000000	11.799858	28.216852	49.699733	79.945406	110.058591	147.737014	167.084360	199.587570	267.181601	192.985948	275.622849	310.077508	313.219395	365.030857	238.756817	521.528620	0.924271	0.829788	0.921585	0.952819	0.863493	0.845236	1.023725	512.738402	244935.184363	36.603888	1045.042214	1079.362342	82.421255	1783135362.170299	0.000000
195.000000	13.482499	35.552771	59.474669	82.838357	135.417500	131.658130	182.849858	184.635030	148.592814	128.522818	92.557283	67.804307	42.599959	10.553214	-129.050386	-13.068279	0.896400	0.818164	0.883966	0.875666	0.874047	0.891421	1.021532	529.621733	248530.936178	36.598116	1008.649133	916.439347	82.625333	1783135362.170322	0.000000
196.000000	15.392097	41.226743	72.442631	87.253243	116.497850	121.129562	86.433483	53.188985	-5.242615	-84.501255	-18.790412	-64.369551	67.769548	111.636187	169.190204	474.736768	0.921604	0.944377	0.831632	0.933416	0.998037	0.993704	1.034384	454.210620	228284.947730	36.592302	942.023164	933.340158	93.030201	1783135362.170345	0.000000
197.000000	16.958997	43.590409	66.703974	77.961075	80.938963	48.612096	25.450923	-5.100198	13.341024	-0.708229	134.208770	194.494113	192.759756	408.283495	396.988409	235.545142	0.913771	0.988056	0.995018	0.854748	0.870135	0.913176	0.991256	541.241573	267875.494504	36.599436	1023.141558	1026.741063	89.718304	1783135362.187719	0.000000
198.000000	18.488192	47.339511	64.096468	65.203792	35.674903	12.438016	-25.964192	-13.235344	63.105867	142.127993	410.684344	265.999000	256.836873	136.474607	91.896342	-100.498357	0.950386	0.942993	0.852319	0.856045	0.867137	0.937761	0.983733	453.504962	252630.253163	36.595040	1079.176439	1074.644242	81.672713	1783135362.187778	0.000000
199.000000	20.045658	45.940693	62.725214	38.435969	3.963661	-15.900903	-5.825449	90.766857	176.346056	556.736001	390.837969	170.282522	24.352814	-48.460515	-44.075778	220.307834	0.857441	0.817242	0.999203	0.969809	0.839268	0.977129	0.913854	510.664961	270226.248320	36.608734	929.344000	969.351950	93.676698	1783135362.187802	0.000000
200.000000	20.710144	47.358016	44.170461	9.406913	-23.068739	-7.732642	83.150682	208.894622	193.550773	286.632440	-7.405108	-145.963597	42.673399	249.124877	325.318709	442.213902	0.816601	0.984418	0.802458	0.885510	0.818897	0.800682	0.973215	516.992303	244556.743963	36.593631	922.461305	1052.522471	92.440239	1783135362.187822	0.000000
201.000000	21.944010	44.707806	31.238331	-6.336779	-3.168620	59.913728	151.463101	147.436156	86.853996	-40.547872	-48.665045	247.480537	332.864687	375.288793	132.987986	-180.730764	0.850693	0.829079	0.996298	0.858893	0.807326	0.853790	0.918679	547.444586	257842.188589	36.602311	906.222730	976.444541	97.640104	1783135362.202494	0.000000
202.000000	23.103537	39.883348	15.481405	-21.980556	23.792346	126.291616	145.007475	83.048650	-14.401319	-46.456236	163.688838	234.660920	235.872140	-87.427096	-28.333147	159.567345	0.951651	0.937456	0.906126	0.977796	0.877338	0.913825	1.049655	511.371768	233610.497565	36.593834	998.760047	939.663738	93.750334	1783135362.202554	0.000000
203.000000	23.433497	36.854195	4.235199	-19.753271	66.401552	151.612207	95.754828	-13.636443	-46.494963	183.051927	286.484808	138.445221	-14.769815	120.821406	276.728241	234.303497	0.994652	0.819025	0.899758	0.840139	0.853971	0.802513	0.942052	514.043263	263646.168313	36.592328	920.656867	1041.138160	94.679899	1783135362.203799	0.000000
204.000000	23.438693	28.501394	-7.329951	2.844719	107.469058	124.578298	12.966512	-27.535289	115.395054	246.454210	110.370113	-103.034604	102.736527	753.890774	333.383995	-52.238220	0.965740	0.998287	0.892636	0.992941	0.964870	0.931703	0.986218	529.969533	270522.380340	36.596075	1002.082519	960.664965	95.525354	1783135362.203833	0.000000
205.000000	24.727385	22.172295	-9.003676	35.211576	123.439890	68.786787	-31.360624	68.697980	168.678312	123.917716	26.829974	103.146493	337.744311	358.805938	63.925560	67.761436	0.867924	0.838167	0.882776	0.831320	0.930488	0.810372	0.965628	527.703223	264254.609548	36.599931	1052.023872	1088.540194	97.933869	1783135362.217916	0.000000
206.000000	24.303446	14.699692	-9.746862	61.314423	112.782777	18.559632	20.928620	154.249148	147.192255	-26.928341	63.995694	297.399138	163.346090	53.128300	154.622414	550.796226	0.908272	0.977187	0.870162	0.812916	0.931904	0.862126	1.032639	477.590887	259978.638928	36.594385	985.483352	1069.371790	91.094606	1783135362.217962	0.000000
207.000000	23.973037	7.949381	-2.572942	76.803891	77.862870	-36.418626	75.669249	193.987276	30.890004	8.910665	299.281628	192.686285	-13.412948	180.932975	544.964449	-1.582466	0.858887	0.946942	0.888035	0.924253	0.837529	0.823622	0.931593	479.867641	273583.297791	36.604465	982.344407	1042.871317	99.930138	1783135362.217983	0.000000
208.000000	23.336821	3.809596	8.402929	88.532714	36.166337	-18.007136	175.658018	116.428374	8.008762	161.239167	259.996930	-126.886006	227.952662	433.812899	65.040005	111.502098	0.981158	0.832240	0.990337	0.822950	0.972255	0.821189	1.050480	496.643483	251430.402580	36.599704	951.213129	1086.782623	95.994374	1783135362.218014	0.000000
209.000000	23.267361	-2.173127	23.373837	97.796216	-10.118849	37.833019	324.288832	-20.789385	53.005518	293.472490	6.132575	16.084189	666.433563	91.520479	124.337659	816.242108	0.802801	0.837723	0.801506	0.941599	0.953899	0.863668	0.991455	493.266174	264409.038821	36.597214	1050.059585	1095.353271	94.393202	1783135362.232892	0.000000
210.000000	22.474729	-4.569536	40.838600	75.817530	-10.619712	101.054136	225.275251	8.112390	161.520301	122.198082	4.929854	192.253167	236.623742	70.962412	506.827654	205.519218	0.846220	0.866241	0.941640	0.849093	0.804794	0.814559	0.916146	519.650233	239141.410836	36.605547	966.651281	1078.544299	86.893623	1783135362.232928	0.000000
211.000000	20.455709	-5.414612	51.844538	50.519867	-17.975942	129.721279	72.559482	42.334255	200.061430	-63.062512	143.130210	197.009845	-147.997926	192.539211	142.981958	-30.526263	0.884463	0.992270	0.899557	0.928008	0.841586	0.871413	1.074709	523.527370	256663.216583	36.607075	1057.389033	913.097187	87.943310	1783135362.232949	0.000000
212.000000	19.975546	-7.226498	67.589085	22.158423	21.374081	135.786389	-10.674387	135.269292	104.835617	8.295437	224.675334	-93.157346	183.080207	277.613752	23.994575	304.525149	0.976293	0.934325	0.970194	0.863575	0.825580	0.930187	1.095669	545.729719	238741.124427	36.591609	986.774597	944.228318	84.441894	1783135362.248058	0.000000
213.000000	18.726357	-6.057060	65.557771	-4.893890	63.581223	86.512574	-32.968230	217.842398	-51.723282	170.929765	130.320270	-22.975202	222.801100	-115.324855	327.541846	120.787774	0.948351	0.859909	0.934322	0.864711	0.919807	0.898097	0.981109	508.744148	266265.659233	36.599407	1069.023025	1011.999775	83.841315	1783135362.248113	0.000000
214.000000	16.724525	-4.869411	75.636579	-5.792380	110.509298	26.388622	62.427235	151.648886	-60.213860	293.917211	-36.749228	310.315613	107.279663	109.601164	217.469316	-124.498245	0.851527	0.900794	0.909886	0.842982	0.879450	0.861202	1.072065	503.487716	263580.001857	36.598490	1055.082668	1031.792895	82.364383	1783135362.248180	0.000000
215.000000	15.161913	3.101828	67.140743	-9.725301	126.832478	-29.938458	160.021978	35.927261	222.159691	116.681788	67.552894	220.204536	18.427672	287.902545	5.740720	299.274889	0.967245	0.883686	0.943955	0.854915	0.828083	0.992264	0.995764	450.879255	256338.924404	36.593197	1046.478080	939.033029	82.494015	1783135362.248227	0.000000
216.000000	13.391800	8.598620	52.809231	-3.079731	112.293662	-4.302498	146.188696	-97.299809	389.924771	7.393801	168.231713	37.490941	192.608646	62.618415	162.140491	205.683917	0.860505	0.983775	0.960368	0.802775	0.986788	0.828321	1.002793	473.402680	232534.039900	36.593076	1075.541689	1040.597589	89.699014	1783135362.263056	0.000000
217.000000	11.791349	14.246246	41.348107	23.304132	84.708527	24.548869	124.246752	2.184468	378.951042	3.898973	275.932512	-26.515027	215.099758	-118.591716	210.132291	-43.263371	0.986460	0.867947	0.942675	0.844950	0.921438	0.924429	1.038043	500.615199	269678.108235	36.598912	1058.967219	1033.091518	95.649818	1783135362.263156	0.000000
218.000000	10.000000	21.300242	25.724367	47.004396	32.799112	76.091231	48.150253	234.726823	60.097141	185.903218	35.572224	213.274850	51.234120	240.607380	-48.048724	396.523101	0.835052	0.918667	0.897282	0.875016	0.960229	0.944238	1.080808	541.813927	249965.464601	36.606724	969.910364	1009.667857	86.652630	1783135362.263186	0.000000
219.000000	8.190638	28.103684	8.812632	79.869926	7.609110	140.806048	3.315144	221.018052	-48.411281	263.122121	-142.312977	522.740097	69.325617	300.357415	105.440229	237.666807	0.984339	0.859035	0.933590	0.954516	0.931548	0.982194	1.040637	462.463861	250493.859146	36.593037	962.109341	977.158692	99.119554	1783135362.263207	0.000000
220.000000	6.391130	35.255382	0.992822	93.346598	-31.867538	132.421812	-3.756172	145.694885	27.724341	117.058161	258.127565	112.185581	184.289399	27.598241	302.163704	-195.992067	0.845300	0.889710	0.890476	0.978045	0.946520	0.921307	0.957695	531.290009	232060.208386	36.605612	1003.050890	1020.188868	85.066626	1783135362.278729	0.000000
221.000000	4.831295	40.669804	-10.046242	93.727880	2.229980	96.265334	56.630316	58.972528	188.999041	10.805707	523.044294	-23.245161	207.681818	100.273233	134.518930	303.928608	0.966900	0.854466	0.990364	0.878626	0.937355	0.884173	1.000800	513.551978	270597.420147	36.607045	946.772485	1031.148750	80.040259	1783135362.278772	0.000000
222.000000	3.009401	44.013154	-10.927714	85.880585	19.214361	46.843168	152.738497	-40.381100	208.134724	31.813224	129.173974	196.343955	-18.949940	660.878934	7.391883	301.954684	0.848723	0.890074	0.914239	0.991117	0.858951	0.860033	1.055230	482.227609	269182.241959	36.590545	992.798199	1037.018724	98.096460	1783135362.278791	0.000000
223.000000	1.352821	49.293630	-3.239596	67.377847	66.491987	-5.773357	186.051108	-10.486667	112.957197	141.832596	-18.835929	297.507773	17.246490	136.090268	487.928825	-101.896440	0.933063	0.900871	0.866563	0.897572	0.840592	0.881534	1.055846	548.079345	248051.567114	36.590023	1069.765521	1063.670447	97.699664	1783135362.278807	0.000000
224.000000	0.322694	49.157917	-0.425047	38.690264	92.502067	-10.814044	128.088248	86.746510	-36.572812	562.179462	-31.125163	84.536651	206.226972	-9.570172	494.864521	432.365047	0.866232	0.960308	0.881195	0.801077	0.804700	0.940955	1.021463	497.753774	231905.241856	36.594352	1079.468389	910.177207	93.535322	1783135362.293790	0.000000
225.000000	-1.318835	49.351997	12.703572	13.078817	119.252600	11.719225	48.773955	164.448982	22.470639	256.053781	174.835924	-37.476876	265.584840	167.663132	-168.064830	525.952751	0.908299	0.819492	0.973411	0.970050	0.852065	0.898643	1.018259	471.945917	247577.595736	36.594725	1022.920566	919.250206	90.613806	1783135362.293837	0.000000
226.000000	-2.334064	43.751389	28.874483	-0.127761	115.742883	59.893805	-46.062728	163.578240	91.788704	-99.375523	244.776562	129.755143	36.875055	317.256870	166.762580	-111.603281	0.888702	0.806995	0.933637	0.905439	0.985011	0.837023	0.968251	477.636478	268901.376847	36.608821	1077.450977	1051.420124	84.613608	1783135362.293855	0.000000
227.000000	-2.942419	39.744803	43.589000	-18.120468	75.888003	121.564152	-27.082584	82.949975	177.858190	39.171442	44.436555	347.968981	134.820949	65.970693	393.254649	158.562422	0.832281	0.992270	0.864890	0.940778	0.923399	0.971415	0.943972	536.092107	265213.140672	36.596016	1051.245321	997.334666	91.165861	1783135362.308837	0.000000
228.000000	-2.794248	36.281344	59.943629	-4.518958	32.839615	152.133720	31.130165	-14.160975	212.146371	163.915731	38.598275	133.642937	631.960413	65.438425	107.466042	409.952968	0.855461	0.949838	0.938440	0.992550	0.881703	0.850326	0.995510	533.435783	243332.636637	36.594448	1001.941213	997.562573	96.086125	1783135362.308886	0.000000
229.000000	-3.926707	28.501444	72.224802	2.743576	-14.633173	142.749544	134.305303	-0.588986	44.652125	250.068878	109.482026	-114.697196	380.652712	292.581695	41.000477	-137.280432	0.993601	0.871773	0.956411	0.876196	0.801504	0.983965	0.919030	535.343326	235270.526498	36.605740	1060.463281	937.433063	83.534659	1783135362.308907	0.000000
230.000000	-3.808183	21.986751	74.610749	34.406485	-5.549489	72.949300	188.857193	67.773286	-78.754380	136.958626	281.245332	89.678556	-102.373131	162.867197	285.961063	73.650767	0.923470	0.875804	0.960933	0.957614	0.825125	0.850081	1.048049	529.669359	272916.882581	36.606666	943.621400	1075.925506	98.146259	1783135362.308926	0.000000
231.000000	-3.914071	14.721837	68.833332	65.009935	-25.208059	23.200594	123.636928	176.641896	18.786307	32.281806	165.356260	323.128093	98.305095	-74.794252	130.629965	351.602980	0.807551	0.933420	0.812624	0.870451	0.838379	0.916465	0.944493	525.601438	268438.512366	36.609276	1006.861372	938.683179	90.326733	1783135362.324289	0.000000
232.000000	-4.404978	7.589217	58.393035	86.035365	25.746252	-46.012893	66.652572	221.241516	125.385670	4.803991	-44.529953	197.944105	288.950020	157.218095	-14.830310	-56.361398	0.877420	0.909803	0.833710	0.922865	0.975873	0.894008	0.959692	522.986896	275212.388124	36.607375	915.726163	1024.129257	99.964939	1783135362.324339	0.000000
233.000000	-3.125626	3.291597	49.378430	102.235804	63.036614	-6.407320	15.683481	104.868038	273.152196	133.911274	58.331865	-27.286683	136.930995	445.187824	195.051141	136.700309	0.969383	0.910243	0.817476	0.951323	0.928007	0.930211	1.089559	477.058104	262470.918434	36.597797	1066.146351	1058.443009	88.271898	1783135362.324358	0.000000
234.000000	-2.515461	-4.554770	36.816028	85.852919	96.506987	41.684059	-42.551561	28.410498	130.426979	198.201312	173.507561	32.117506	-34.094103	-10.303112	268.959731	518.463879	0.967932	0.973821	0.817515	0.996718	0.837250	0.805965	1.099177	466.940707	264333.632001	36.594217	934.557050	901.433765	95.980212	1783135362.324374	0.000000
235.000000	-2.113895	-4.691567	20.566290	74.390842	106.481825	97.591409	19.189410	-55.552967	-35.531792	128.580446	267.773070	264.353372	150.583592	32.759438	76.304903	72.111730	0.959236	0.944899	0.947738	0.926364	0.946295	0.916793	0.920393	472.634201	239459.657336	36.600181	921.192482	1050.907583	90.561312	1783135362.339384	0.000000
236.000000	-1.399174	-5.324621	5.081299	51.698293	124.163574	131.856252	119.610289	31.205471	-45.450917	-47.523792	68.527567	167.663257	336.774291	186.677768	157.751497	16.640635	0.861798	0.816767	0.857228	0.892951	0.933114	0.948878	1.033021	534.837771	278363.461231	36.603198	929.039090	1087.104029	90.744878	1783135362.339435	0.000000
237.000000	0.014029	-6.310085	-5.783363	22.873296	80.817673	148.181301	150.893685	143.866742	71.324859	-49.641469	-125.294056	-90.176921	63.228066	511.410321	285.527795	336.440068	0.899364	0.945125	0.899089	0.934564	0.905541	0.856904	0.998880	484.288468	246937.079587	36.596594	910.484125	1033.564605	87.073660	1783135362.339456	0.000000
238.000000	1.517918	-5.787869	-6.077679	-6.222335	37.747838	85.984243	125.073175	154.105960	237.422103	148.291424	88.134729	11.475090	-84.077621	-137.963997	97.344778	132.838660	0.833211	0.807122	0.962225	0.801988	0.848142	0.844170	1.006446	515.348887	249847.456242	36.599852	985.477388	1097.461721	98.821681	1783135362.339475	0.000000
239.000000	3.282688	-4.364251	-14.135383	-12.074952	-10.884183	23.052023	78.970215	126.296873	208.578512	299.471480	276.085605	432.528517	215.560695	244.741567	7.111275	66.785438	0.841790	0.916378	0.976875	0.879398	0.954970	0.990088	0.914649	535.993751	232084.608134	36.603165	959.357520	1033.499205	82.669942	1783135362.355116	0.000000
240.000000	4.942796	1.169287	-9.063816	-21.378508	-10.972053	-10.295624	8.271669	19.343731	74.322605	135.932661	193.854133	478.123479	347.339152	227.582535	601.729897	525.534220	0.818485	0.866657	0.849545	0.850082	0.858460	0.918901	0.902783	542.485245	272918.049808	36.601718	1058.794474	952.483343	94.243360	1783135362.355194	0.000000
241.000000	6.464516	8.319801	4.771904	-10.060076	-10.089391	-19.225605	-30.992037	8.476733	-52.488414	-55.887602	-20.216583	74.049024	60.319690	83.703121	284.779432	405.363235	0.830916	0.896799	0.847204	0.907621	0.804490	0.833633	0.996204	496.032126	229326.046934	36.600996	1002.378612	1005.966425	84.868137	1783135362.355217	0.000000
242.000000	8.245838	14.607525	17.282800	24.351838	18.607703	19.037766	2.273133	34.595846	19.156673	-49.131607	-9.050629	-55.869860	-15.039175	72.016938	-25.856217	108.741980	0.923150	0.954542	0.800859	0.917540	0.986712	0.824517	1.050540	544.548823	260167.226064	36.603968	1067.002612	918.664925	93.868904	1783135362.355237	0.000000
243.000000	10.000000	21.341616	34.416403	48.805629	67.281790	84.079812	101.020682	133.659577	312.400970	173.279762	415.085461	261.757843	297.451129	312.344951	239.624825	245.688143	0.843288	0.847903	0.809638	0.903219	0.946947	0.880816	1.003596	459.545217	239222.792165	36.604164	1058.228133	1028.491882	86.421210	1783135362.373394	0.000000
244.000000	11.738911	28.374423	47.251284	74.419578	98.636406	128.384565	337.642093	167.127150	454.290575	192.480314	198.705440	253.680651	256.568579	245.191941	229.966105	271.224812	0.851607	0.951890	0.935502	0.863244	0.953882	0.990711	0.945699	458.622949	259839.875795	36.598766	921.091865	1036.283779	80.827488	1783135362.373450	0.000000
245.000000	13.596080	35.043760	57.343623	93.138341	119.208622	126.495105	310.208167	185.037711	156.298854	133.068630	85.011609	37.998083	39.513134	-73.523556	17.125663	-183.177377	0.846665	0.866810	0.970801	0.986646	0.988724	0.934956	0.949708	533.501710	257210.760827	36.591015	945.722207	941.423469	81.516074	1783135362.373475	0.000000
246.000000	15.158869	42.239359	75.011993	89.639168	110.811754	124.425983	197.449896	55.655030	38.635291	15.714419	-98.081971	31.660356	71.120519	51.741874	170.431661	296.513925	0.852699	0.945783	0.877424	0.957788	0.982357	0.965751	0.936336	480.483006	267088.264616	36.599605	984.445637	1001.902623	90.471702	1783135362.373497	0.000000
247.000000	16.734120	42.154037	75.295026	82.293835	72.353453	49.614470	22.662106	-80.314535	-82.236379	-26.761331	82.526696	179.003379	594.183340	408.283423	436.692715	195.728019	0.986855	0.888433	0.805100	0.997924	0.879101	0.822894	0.967799	464.033049	243711.117120	36.608663	934.130287	969.849937	97.050084	1783135362.387968	0.000000
248.000000	18.588919	47.651360	64.447581	65.082738	36.602601	-23.247331	-28.624623	-2.168240	67.023361	156.722818	254.647236	291.826087	414.372116	136.824787	81.696110	-228.446059	0.972203	0.856032	0.960338	0.813851	0.946894	0.990110	1.080404	533.435273	230292.247217	36.593772	970.188800	1054.651726	84.535315	1783135362.388018	0.000000
249.000000	19.976584	45.996671	61.015807	38.586345	-0.853290	-36.470862	4.771379	175.643053	206.262420	498.773984	225.508426	107.839450	-43.467486	26.214025	-9.176553	210.505985	0.845720	0.994119	0.810632	0.947065	0.817838	0.872850	1.042235	471.062312	271822.622772	36.607977	1052.512304	911.286395	94.551300	1783135362.388042	0.000000
250.000000	21.308508	45.404751	46.842640	7.606451	-30.688472	11.780799	90.432571	146.820107	200.376485	240.535906	9.102158	-42.054392	-8.074455	172.672027	296.913131	225.604436	0.894719	0.818749	0.886821	0.973714	0.820863	0.936542	1.023583	457.451325	278398.849229	36.607329	971.263517	1030.901551	86.131186	1783135362.388064	0.000000
251.000000	21.952416	43.053501	31.134360	-9.794898	-14.010374	59.864046	185.642507	199.718519	85.901105	-14.509684	-58.487860	124.043092	342.720843	247.468896	133.074730	-73.184991	0.985294	0.848405	0.846991	0.882969	0.916048	0.879993	0.970394	496.876658	265044.078763	36.605730	1088.314239	931.842449	93.924484	1783135362.403884	0.000000
252.000000	22.536910	40.767871	13.235089	-25.816269	23.660835	128.215285	176.128298	82.619705	11.916828	22.310220	155.159297	379.265787	220.616785	50.326943	15.416445	159.676248	0.999767	0.891886	0.971115	0.921076	0.903768	0.896813	0.984697	511.163732	277975.062757	36.593497	1041.411831	991.609216	99.654728	1783135362.403964	0.000000
253.000000	22.873013	36.237591	1.715875	-19.122725	62.683230	143.932749	96.365413	-48.769085	-7.426529	161.689500	288.576072	130.238465	-33.918092	23.973050	254.416309	227.980838	0.975692	0.874061	0.958761	0.870558	0.873498	0.847162	1.001338	547.527838	251382.508903	36.597343	906.085316	1034.539793	87.113785	1783135362.404053	0.000000
254.000000	24.374161	29.662226	-6.405383	14.102903	97.112734	120.599466	11.113673	11.172161	116.268584	238.936126	110.546690	-7.172531	100.436434	709.901054	285.374332	-158.978238	0.852043	0.971369	0.818832	0.970084	0.846970	0.831696	0.951936	531.238725	247431.013531	36.591126	935.514442	954.762397	94.818849	1783135362.404100	0.000000
255.000000	24.662119	22.181869	-8.046763	34.217345	133.504754	70.169365	-37.284141	68.382984	180.363032	131.729247	40.626661	91.435451	281.077581	326.558195	-50.054541	173.766814	0.984886	0.966072	0.820068	0.825646	0.807935	0.917340	0.904604	514.978608	260974.236723	36.607850	937.863387	979.038850	98.753623	1783135362.417201	0.000000
0.000000	23.441860	15.385347	-5.515895	58.288772	116.963689	3.512305	-6.711960	315.570251	335.658693	-22.313887	121.330171	482.592845	301.205600	-219.714595	344.250263	661.008418	0.833171	0.898983	0.833421	0.825669	0.834011	0.975790	0.904594	471.734278	272436.059432	36.605081	1004.361745	912.298768	83.598128	1783135362.417246	0.000000
1.000000	24.464522	8.698336	-2.577252	77.341347	84.618449	-16.349126	142.362030	369.085139	67.507423	-49.183844	460.442952	340.910006	-174.722013	297.406476	703.804648	68.902329	0.824887	0.873902	0.828483	0.999305	0.822159	0.969047	1.012303	466.110366	266712.020298	36.604087	1065.117648	1004.253722	87.194932	1783135362.417265	0.000000
2.000000	23.237537	3.811509	8.167771	91.339062	33.110640	7.048221	168.300469	99.923818	-39.742459	187.071729	158.453904	-119.381124	125.995874	409.024712	-0.995812	58.537773	0.932695	0.848447	0.927357	0.800004	0.973133	0.961077	1.070276	454.414429	242285.425791	36.602847	917.482067	1039.970202	82.482950	1783135362.432599	0.000000
3.000000	23.329164	-3.512012	23.823232	87.139314	-3.165371	45.082462	154.354269	14.722373	55.272642	236.818274	-18.099724	49.589519	203.958672	53.530968	4.070757	443.744941	0.872127	0.983391	0.898749	0.977100	0.863060	0.826865	1.038788	503.568685	271258.182306	36.602275	1076.345492	937.993518	92.903231	1783135362.432652	0.000000
4.000000	22.351205	-7.620706	39.061178	71.796201	-24.256654	95.554051	104.823482	-25.374238	165.181894	135.061297	-23.159571	204.934299	116.251048	-90.141764	493.281939	74.357648	0.939083	0.987367	0.860367	0.865325	0.954405	0.850763	0.964296	514.977886	230257.402226	36.601978	1029.330720	1012.299015	92.273084	1783135362.432674	0.000000
5.000000	21.105980	-7.049436	56.740691	50.450059	-15.220443	121.070907	39.671957	27.392739	227.402628	-6.107116	160.359122	238.251959	-159.788252	257.003122	135.306653	128.566983	0.883332	0.806750	0.816838	0.902136	0.860921	0.975370	1.078235	518.368759	228880.795776	36.596529	1082.236346	1013.774476	89.112508	1783135362.432695	0.000000
6.000000	19.389012	-8.646957	66.234342	27.010223	27.080856	156.377195	-40.263274	128.402100	108.461849	47.290728	263.172775	37.554886	172.131248	206.344619	-35.194063	528.070711	0.978894	0.892783	0.820757	0.938066	0.897299	0.853045	0.974009	510.051444	230450.355949	36.602546	990.526454	980.889438	95.106896	1783135362.448399	0.000000
7.000000	18.111752	-6.811726	66.527985	-2.868280	62.243284	87.956375	-7.759477	151.603811	21.700860	190.331784	135.802655	-8.093905	346.566177	60.224862	242.418712	146.667403	0.949649	0.935494	0.961993	0.972257	0.936916	0.843217	1.080107	481.267554	276907.649694	36.600799	1086.027763	1006.439569	81.431442	1783135362.448466	0.000000
8.000000	16.862631	-3.960951	76.810920	-6.401964	91.275944	25.656226	64.811031	136.543040	-26.325428	228.713892	-13.078561	203.487647	38.174668	132.857312	185.849066	6.363406	0.850508	0.838917	0.830291	0.930937	0.979291	0.883091	0.923203	495.235447	232413.227421	36.605550	991.604951	963.895800	90.271508	1783135362.448496	0.000000
9.000000	15.152203	1.195299	69.886989	-13.207117	130.998784	-18.569480	153.398006	9.186127	110.690261	121.291785	5.707661	174.724573	-132.036749	364.656851	-39.403459	464.809641	0.832143	0.963906	0.985352	0.885190	0.966971	0.801398	1.068946	506.178617	272966.507956	36.608794	1084.079773	963.826249	96.594000	1783135362.448523	0.000000
10.000000	13.348441	7.364600	56.455074	0.165423	109.357386	-24.760431	138.359023	-46.387649	245.946902	-17.437095	256.048251	20.389195	232.544649	77.496243	167.470490	195.328078	0.874579	0.854524	0.857880	0.973760	0.841344	0.973089	1.086461	523.576298	263495.709376	36.593882	1094.239052	1002.391067	80.054007	1783135362.464053	0.000000
11.000000	11.729332	14.683408	41.072670	19.472309	82.147216	16.839628	126.696183	-14.207094	153.200515	-19.171678	258.231570	-45.136794	346.559609	33.575453	418.465086	-33.429278	0.986299	0.947590	0.916058	0.991492	0.853523	0.872099	1.081294	482.167665	238886.958855	36.604063	905.941889	910.413445	91.455157	1783135362.464116	0.000000
12.000000	10.000000	21.411819	25.164572	47.649427	39.009832	85.676585	32.957048	103.304974	32.728678	175.475897	50.282250	253.461800	-18.256350	286.073117	-80.570734	401.684912	0.907693	0.864758	0.976359	0.818083	0.974285	0.910525	1.048559	467.972801	255999.364673	36.594069	1025.329347	982.174769	92.842227	1783135362.464147	0.000000
13.000000	8.154610	27.899079	8.730056	71.474194	2.253140	140.453386	-47.382830	189.715997	-5.242636	233.374676	-81.634585	278.163716	-18.040498	334.312286	-21.780813	248.055835	0.835237	0.961055	0.949708	0.912477	0.936510	0.966512	0.969184	477.039011	238508.808285	36.596815	995.853700	905.498162	80.358918	1783135362.464173	0.000000
14.000000	6.488817	36.061916	1.271442	96.736331	-4.374278	166.436628	-3.700142	128.895995	11.508548	127.761491	127.718735	87.002692	204.932983	-30.845392	364.492817	-234.315356	0.981891	0.825703	0.995024	0.959956	0.878274	0.836324	0.962017	477.854089	269347.854957	36.598314	1080.384835	1034.092966	90.701289	1783135362.480381	0.000000
15.000000	4.803242	39.785164	-15.341611	96.933387	-9.049786	111.591939	56.851001	61.150801	135.162902	-49.438241	242.232469	-120.920518	325.569736	48.695023	262.462558	506.314939	0.909290	0.997598	0.978892	0.935393	0.984967	0.854873	1.067210	480.173604	230772.157628	36.598573	927.928374	1034.134367	89.443670	1783135362.480444	0.000000
16.000000	3.362155	45.690162	-7.555831	95.767425	15.886685	50.705178	120.929033	-10.432772	183.771583	48.239452	146.787049	141.822672	-46.667645	601.049462	48.810211	645.564047	0.855362	0.881181	0.823026	0.816860	0.924118	0.816797	0.925306	493.457891	256396.406125	36.596432	1055.845148	1093.101654	99.647958	1783135362.480469	0.000000
17.000000	1.529355	48.116698	-9.392171	68.865844	65.847918	-1.542945	169.662496	20.621562	129.754268	185.437436	23.518631	382.896676	-40.761252	275.715599	509.031336	-139.832504	0.868488	0.960182	0.877937	0.915889	0.911213	0.887881	1.012815	517.418449	259742.616753	36.603560	959.134729	919.992033	80.377643	1783135362.480492	0.000000
18.000000	0.425627	47.186565	1.222328	38.891665	97.829107	-35.823937	144.639220	87.810723	11.561955	255.942538	-3.976172	88.373321	456.113512	24.612787	225.120216	249.557010	0.923658	0.904115	0.803235	0.988888	0.838448	0.947378	1.034455	473.839218	275226.022953	36.604670	1025.907465	954.990430	96.308952	1783135362.495445	0.000000
19.000000	-1.147875	47.946906	13.565199	13.920223	124.592401	17.131382	50.208909	150.015765	-39.852692	114.550848	264.950913	-193.212090	507.759018	204.306588	50.185021	279.377844	0.939060	0.817139	0.886948	0.802983	0.854702	0.978892	0.994906	507.304318	228633.814643	36.594288	920.742418	1056.921572	90.852617	1783135362.495498	0.000000
20.000000	-1.735318	43.406741	29.021237	-1.253803	116.641477	59.875532	14.037549	194.848059	93.988422	4.268732	235.629876	243.448496	-122.874198	345.236593	163.745218	-20.246826	0.840855	0.968102	0.893796	0.929943	0.872229	0.992214	0.944165	523.450202	273242.911786	36.608006	999.878304	1045.583641	92.938580	1783135362.495524	0.000000
21.000000	-2.892740	42.062873	43.749986	-7.878213	79.406825	108.358053	-46.006672	82.000498	190.789601	-19.275718	119.061626	594.366154	28.396652	-49.856938	289.764496	159.189154	0.900581	0.860116	0.923563	0.944856	0.825039	0.810213	1.065987	476.573153	265551.927149	36.604274	1007.265927	904.009060	87.107427	1783135362.495549	0.000000
22.000000	-3.617647	34.004830	56.520812	-3.815219	36.867944	126.420677	43.831375	-3.402629	206.734296	167.503875	-166.656380	139.700789	336.051822	77.627677	51.345420	217.349831	0.843787	0.855376	0.870748	0.822890	0.993075	0.970527	0.994394	534.335506	261767.480868	36.599367	935.117036	942.218643	96.180277	1783135362.510942	0.000000
23.000000	-3.848094	29.160071	72.823762	2.832071	0.879483	136.226115	138.619410	11.090261	56.450905	212.546696	238.914165	2.380754	184.987680	437.686452	110.750871	-142.599846	0.818839	0.843925	0.914963	0.819178	0.830343	0.990488	0.902055	467.017858	261412.823627	36.599563	969.912837	975.121726	88.949452	1783135362.511009	0.000000
24.000000	-4.394409	22.328564	69.279008	33.271196	-36.656937	72.902633	166.836770	66.336925	-25.201613	225.068341	249.574621	77.380845	-136.558310	192.245338	340.894472	123.562829	0.807437	0.931951	0.939365	0.896789	0.951696	0.867798	0.903926	483.832039	259271.160642	36.609709	918.843259	960.726841	83.129925	1783135362.511038	0.000000
25.000000	-4.561886	15.255768	65.722323	58.051616	-26.788957	8.384912	153.363221	145.158240	35.171467	-2.367112	171.199547	225.453656	92.134394	27.734934	135.258641	371.396664	0.882689	0.977034	0.929554	0.870857	0.810773	0.915770	0.984413	486.124440	254607.552080	36.602789	915.235783	993.102170	93.941159	1783135362.511063	0.000000
26.000000	-4.567325	7.890773	64.602740	83.235830	22.923852	-16.756542	64.529369	203.771685	283.931506	3.884130	-27.879559	168.183305	288.598330	164.561892	-11.446181	-25.016397	0.930190	0.803800	0.949041	0.827253	0.873766	0.942497	1.093147	516.235652	266357.510763	36.598613	1082.829359	1077.842472	92.175662	1783135362.527386	0.000000
27.000000	-3.495414	3.109799	48.695922	99.617383	65.140554	-15.270256	-34.713562	120.584277	441.668179	137.004169	39.887138	-118.640829	135.745134	331.011392	309.534543	60.654096	0.971177	0.820913	0.940043	0.961421	0.852491	0.816435	0.957564	536.854475	263220.549225	36.600849	969.024885	1068.797649	92.840497	1783135362.527555	0.000000
28.000000	-2.719348	-3.879159	36.202012	92.176026	97.454990	36.655045	-45.402876	23.417191	273.138983	204.188228	218.608469	22.550304	-142.340478	29.836916	212.579215	342.662619	0.915669	0.990147	0.914486	0.946690	0.933274	0.879665	1.065650	520.608610	271235.486564	36.592740	921.865429	1026.407708	93.835472	1783135362.527603	0.000000
29.000000	-2.081486	-4.802698	21.204642	77.812876	117.307925	101.687792	28.121484	-61.160700	-20.179371	135.260833	241.045312	236.746787	140.846579	-65.585948	-18.255841	175.937561	0.859227	0.989640	0.980230	0.910337	0.842218	0.856071	0.966279	473.056728	237210.935132	36.593729	1054.226301	919.221799	86.977224	1783135362.527636	0.000000
30.000000	-0.522031	-9.176907	5.255401	53.292448	109.345241	123.611554	101.827376	75.863561	4.067473	14.411970	80.881063	207.807276	274.302962	327.652443	174.396989	-23.440089	0.946608	0.950824	0.958115	0.914210	0.802758	0.834445	0.939966	496.086764	240569.963794	36.609428	992.660709	916.083544	85.159227	1783135362.541975	0.000000
31.000000	0.549028	-5.347997	-6.367473	26.922379	81.180839	123.484000	149.051196	270.039309	77.676097	-22.717094	15.327884	-45.761469	110.345991	216.074027	583.709845	688.187763	0.822018	0.908829	0.997794	0.944740	0.895942	0.875568	1.071814	455.628491	274774.301107	36.609558	926.266113	1068.973155	83.616597	1783135362.542025	0.000000
32.000000	1.839916	-8.272674	-6.497097	-7.589378	38.710054	91.086066	134.398833	375.449913	158.905109	158.685012	86.232894	-0.958799	-59.032512	-2.757363	-33.393500	147.922736	0.948085	0.990163	0.948783	0.992228	0.928043	0.847030	0.934247	515.871880	262263.084328	36.591140	945.585092	971.147010	93.842120	1783135362.542049	0.000000
33.000000	2.870694	-1.162431	-13.418367	-23.550403	-5.772918	37.519440	76.557004	121.433317	188.038997	182.641292	279.493678	312.982902	225.324199	229.798620	111.420876	-41.824749	0.894126	0.875833	0.955247	0.931145	0.852506	0.944083	1.090075	469.849574	261589.948181	36.608487	1061.194350	1058.321075	89.720518	1783135362.542072	0.000000
34.000000	4.931633	2.568056	-2.812674	-8.439452	-24.333036	-3.993746	7.339906	44.380497	73.668006	113.563778	174.213894	267.968446	322.605975	781.585752	466.593373	467.322778	0.807218	0.861859	0.870350	0.856028	0.918436	0.882259	1.048993	525.942836	266598.333514	36.591127	1077.020487	1005.349553	87.134884	1783135362.557730	0.000000
35.000000	6.469336	7.582970	5.461777	-10.660563	-24.961979	-17.111431	-27.244730	-44.621070	-47.100767	-78.148878	-19.778715	30.151159	15.601755	200.030041	129.086149	208.567633	0.986178	0.839680	0.876383	0.871855	0.843804	0.844274	1.017115	514.277724	267347.083174	36.603835	1054.984963	1075.720684	94.941712	1783135362.557793	0.000000
36.000000	8.249294	14.711043	19.572773	21.763620	19.517424	18.671621	45.110405	19.032621	31.137718	41.938581	22.734059	40.675484	0.229177	36.553593	-103.803462	-109.510490	0.880516	0.990315	0.809750	0.949888	0.912721	0.817684	0.956602	494.986195	240831.654002	36.602207	1056.831942	1048.552337	93.075637	1783135362.557819	0.000000
37.000000	10.000000	21.402592	33.927960	47.600697	61.233098	82.155441	103.797097	132.965680	149.165549	186.803416	216.290237	229.925098	480.369849	330.639537	328.603213	419.705048	0.948124	0.906760	0.977356	0.854154	0.938432	0.861724	0.982365	474.776487	276100.238831	36.594924	1022.801624	1059.955530	85.409254	1783135362.574043	0.000000
38.000000	11.721171	27.595902	47.694912	71.789823	105.910378	148.621945	133.439198	190.582397	271.400554	236.759775	296.126022	253.358669	574.189535	292.788835	242.814211	275.405404	0.982954	0.844264	0.914486	0.840927	0.947572	0.906752	0.967496	543.237342	266895.790305	36.598369	1096.547673	936.977055	97.494418	1783135362.574110	0.000000
39.000000	13.622755	34.424886	58.403881	86.050698	114.180241	145.933226	162.282211	181.101583	157.619911	124.194811	93.567709	128.387738	13.258922	-57.236070	-23.934522	-151.014576	0.898670	0.869243	0.920864	0.891663	0.893045	0.979671	0.960192	509.445673	233838.113911	36.599305	1014.209517	972.740502	91.811120	1783135362.574139	0.000000
40.000000	15.440258	40.050903	68.501570	102.969476	97.208798	121.533593	93.758784	55.423598	-8.348148	-19.148807	-29.227715	16.315149	15.258036	67.730299	163.010686	198.245037	0.950384	0.840018	0.886077	0.904249	0.916785	0.852124	0.974678	507.146394	235606.543603	36.607462	963.504426	1027.464516	95.665597	1783135362.574165	0.000000
41.000000	16.579350	45.162006	70.094072	81.251029	73.190471	49.468360	26.655265	14.776674	-81.444602	14.017677	72.816668	375.327129	260.038135	336.933080	453.172016	254.200923	0.836406	0.889367	0.899336	0.882424	0.970450	0.857042	1.046208	489.347360	273137.074352	36.605782	1004.901718	1067.995222	94.017107	1783135362.574193	0.000000
42.000000	18.403589	47.618784	71.258888	69.501031	33.800457	11.534661	-16.671069	21.752456	50.610720	160.865300	225.968196	256.193169	293.068288	135.640225	12.958890	-222.150310	0.916674	0.927814	0.828583	0.817661	0.930725	0.885189	1.004327	453.579138	277422.362118	36.591045	1093.080293	1095.067320	88.314665	1783135362.588952	0.000000
43.000000	19.549413	47.535424	57.456364	38.480227	7.964957	-48.684030	-12.070923	88.912826	217.497339	176.026526	332.332191	80.893558	-92.377033	-28.898713	119.013144	210.072579	0.997253	0.979494	0.859338	0.885796	0.805974	0.881964	1.066530	467.773762	273066.329488	36.594642	1016.894883	984.997127	97.392545	1783135362.589042	0.000000
44.000000	21.133688	45.942987	48.953033	9.639847	-6.943622	1.328256	85.837573	168.779165	216.917338	124.452377	-10.448416	-39.922194	1.634782	172.590809	294.410199	729.369594	0.979424	0.923495	0.995671	0.965642	0.863045	0.930649	1.052949	472.730062	274191.480025	36.595649	1089.694075	996.151669	90.813225	1783135362.589088	0.000000
45.000000	21.471609	46.285003	31.189187	-3.757778	-6.701260	59.860981	153.415527	202.794910	87.792375	-44.773973	-63.864567	123.603974	387.356872	281.622154	143.175524	-25.019284	0.853501	0.935073	0.841506	0.937942	0.983238	0.970649	1.086737	506.049618	264784.472385	36.600465	1043.271611	935.504128	88.463946	1783135362.606959	0.000000
46.000000	23.114396	42.786085	16.529457	-14.107515	20.884056	112.074611	164.892285	82.265786	2.043860	-30.089531	146.578404	207.713068	209.402587	-42.563100	11.667009	291.095177	0.917494	0.872703	0.853873	0.947233	0.940784	0.963331	0.976604	523.092289	258206.809660	36.601628	943.060296	1005.292494	93.591503	1783135362.607049	0.000000
47.000000	23.124425	36.406970	-1.413201	-16.938085	66.249605	167.850854	96.897087	-28.777292	25.565165	138.705316	221.427417	132.607680	-134.805159	-17.123978	624.097983	449.587779	0.806787	0.937422	0.905643	0.806161	0.982276	0.869127	0.921976	470.188394	230612.120768	36.590844	1020.104686	1014.985669	86.583492	1783135362.607095	0.000000
48.000000	24.208165	28.647701	-11.018680	10.196132	102.017439	126.601842	30.688550	-10.269972	132.309984	197.539986	110.594561	-35.718190	59.073791	321.439020	446.125145	-30.678382	0.871945	0.820063	0.940844	0.984499	0.900032	0.884014	1.069913	488.617397	237788.740141	36.602444	1055.213785	963.102856	80.622645	1783135362.607368	0.000000
49.000000	24.245240	21.938689	-13.934197	34.417349	119.986521	69.859573	-22.135025	59.635569	237.211033	282.185285	-112.884680	101.016941	201.151964	162.665339	-44.940142	84.610253	0.916934	0.852688	0.873560	0.843539	0.805938	0.875777	1.062454	527.907498	272050.515617	36.605262	965.232653	1094.711070	82.504192	1783135362.607427	0.000000
50.000000	24.201278	15.274169	-14.853080	60.047237	109.640153	7.358744	16.707557	185.006938	176.261995	-38.397732	68.765681	375.046174	156.245092	13.855694	164.739043	325.345796	0.942359	0.943918	0.859627	0.832291	0.878199	0.843005	0.907976	536.517658	268961.324827	36.606984	1090.427387	1037.235736	93.467997	1783135362.621062	0.000000
51.000000	23.362843	9.233649	-2.827360	88.211415	74.914207	-0.484993	73.650345	182.581434	12.581042	-4.119542	214.448576	154.227988	-59.082593	327.921491	407.609419	22.718257	0.871049	0.897809	0.863131	0.971641	0.881908	0.812027	0.948174	540.519502	276779.234829	36.605398	1010.803271	1090.760469	99.300436	1783135362.621174	0.000000
52.000000	23.160752	1.301515	9.104641	97.622347	37.886233	-25.882877	164.831460	107.612412	-59.802973	153.716504	168.722742	-3.706365	127.257665	680.979704	18.663568	13.159943	0.900776	0.969885	0.825498	0.827190	0.968417	0.943302	1.012303	478.959348	236467.971824	36.590253	951.295319	976.035752	97.777588	1783135362.621202	0.000000
53.000000	23.249905	-4.604501	23.726016	91.511060	-9.244696	43.405450	163.130687	16.922824	101.949876	281.323550	54.898418	52.187823	232.318076	26.423098	-34.480932	546.098916	0.906841	0.902847	0.841938	0.907215	0.833458	0.962511	1.035772	491.751948	261650.808645	36.606508	926.268760	1082.808317	92.294806	1783135362.636515	0.000000
54.000000	22.266861	-3.906921	38.718951	84.663783	-28.920796	107.532630	100.120360	-59.355625	370.659977	131.119201	-9.229158	303.506271	114.771524	5.177490	463.253564	98.362156	0.910620	0.873905	0.857606	0.828177	0.870443	0.805468	0.969337	508.737518	237942.323715	36.607670	1097.791421	1068.524183	98.024501	1783135362.636598	0.000000
55.000000	20.897830	-10.109336	51.307296	52.712379	0.860204	120.010604	23.592165	26.007849	358.940756	-76.064288	157.466993	170.007689	-145.338641	387.317180	129.861260	-7.713180	0.938086	0.802418	0.951036	0.927023	0.858947	0.874388	1.030161	489.411104	274215.145965	36.608205	956.205806	1024.316428	84.221412	1783135362.636648	0.000000
56.000000	19.240186	-8.773185	66.993942	22.714888	26.464319	148.905801	-20.721145	168.690123	100.308558	24.685447	261.835166	-38.425033	339.049988	199.962127	-10.582749	487.476702	0.947956	0.864905	0.808112	0.839236	0.916848	0.847542	1.079311	539.644176	272598.475908	36.605129	1055.314068	1031.720867	98.899925	1783135362.636688	0.000000
57.000000	17.964119	-7.022591	65.405125	4.008874	66.376465	92.223610	2.240697	189.606306	-61.856316	185.278406	138.635796	-13.563600	616.053712	10.542383	345.775469	133.173700	0.806884	0.998224	0.982266	0.821899	0.954900	0.969584	0.902670	527.714207	264798.049421	36.601802	1034.815524	1075.934282	95.418233	1783135362.651529	0.000000
58.000000	16.944957	-1.053806	77.475480	-24.320728	106.393271	30.391363	63.423632	158.242646	-16.249831	214.015559	-98.769491	286.896122	164.123466	108.121438	257.559534	67.419300	0.962596	0.807974	0.978719	0.820465	0.889950	0.992909	0.966525	474.553665	243651.555008	36.606780	952.358269	955.124473	86.717169	1783135362.651626	0.000000
59.000000	15.295611	1.354321	63.182127	-5.349065	103.157968	-14.025507	149.300207	34.941147	102.457768	127.326147	-5.035248	472.126126	14.291822	313.443343	-163.398505	765.494169	0.932087	0.855907	0.963610	0.896780	0.966088	0.930600	0.947573	457.009148	254553.863011	36.607918	1074.586212	1038.972221	81.472839	1783135362.651671	0.000000
60.000000	13.354995	7.340451	57.844891	3.345179	104.903925	-43.327569	149.187051	6.374103	171.543516	-13.608343	205.947957	-31.570849	185.076090	122.406182	171.191983	400.136730	0.878884	0.826162	0.893543	0.977336	0.835046	0.973301	1.082967	468.145960	228605.138851	36.601340	1046.056435	1027.980305	81.015007	1783135362.651713	0.000000
61.000000	11.762744	14.792853	42.434299	19.868707	86.086125	19.794488	106.551222	7.152767	141.843507	32.816168	168.927578	-42.510065	193.984880	0.673869	212.663931	-147.773157	0.998594	0.965866	0.884095	0.871090	0.956251	0.914357	1.098838	486.217868	244474.040138	36.604230	953.864343	1016.220144	93.419804	1783135362.666950	0.000000
62.000000	10.000000	21.492343	25.846883	47.375988	32.969286	83.804841	39.909880	224.316207	62.257008	189.550007	21.657478	223.720996	58.118932	328.538947	10.558411	404.084654	0.964556	0.881975	0.854975	0.876717	0.957488	0.905320	1.086053	505.396004	270836.528429	36.598018	929.554495	911.913179	81.286286	1783135362.667027	0.000000
63.000000	8.142632	29.016230	7.784637	67.609630	0.488464	145.112338	-22.089145	357.347168	-64.940740	245.883283	-30.034036	244.159862	-79.150563	247.416346	29.192527	196.582233	0.946332	0.917434	0.994436	0.972311	0.892941	0.839817	0.910728	482.674133	270082.775364	36.603118	949.067876	1016.567725	98.470325	1783135362.667061	0.000000
64.000000	6.348270	36.091271	-5.651867	93.624710	-30.486620	142.289945	-7.122970	163.261490	19.755414	121.317908	128.110360	85.196641	246.279414	2.987315	738.724164	-148.263094	0.919280	0.998905	0.872633	0.918500	0.878377	0.978315	1.096634	484.962341	232750.933025	36.609303	956.289128	1023.760702	90.685140	1783135362.667092	0.000000
65.000000	4.793202	39.014161	-6.468050	94.785052	-12.805537	121.925371	44.323502	50.565451	136.844078	-39.514531	597.844200	-86.803397	186.577693	93.775425	290.868670	286.032989	0.841902	0.816056	0.839895	0.967863	0.941502	0.862250	1.095241	533.288196	245126.609134	36.600266	1050.149996	1038.880239	93.954943	1783135362.681784	0.000000
66.000000	3.021558	42.448841	-11.995479	83.526116	25.314213	51.687997	143.782978	-6.582678	268.338803	5.733486	314.713001	197.787709	-55.468322	221.594713	-190.558269	365.172227	0.964983	0.929514	0.866041	0.921749	0.858396	0.838220	0.917257	519.501935	269121.504817	36.608091	1092.755060	917.676610	97.614646	1783135362.681832	0.000000
67.000000	1.886472	47.970167	-4.652318	70.570366	62.607995	-8.693773	136.730859	4.132533	125.355227	178.189990	-10.347786	236.792479	81.940378	271.436980	353.876695	-21.790933	0.884126	0.842604	0.979092	0.941848	0.871990	0.830404	0.985756	473.016281	276665.925250	36.597102	1059.035149	923.146446	86.613392	1783135362.681851	0.000000
68.000000	0.548140	50.001969	0.183771	38.655122	89.690522	-40.497599	146.137127	86.996452	-43.301308	212.219850	15.542240	87.236049	301.241510	-51.598529	205.830866	258.883210	0.988841	0.804169	0.975167	0.809491	0.929838	0.880365	0.991342	476.697198	244581.668617	36.600742	991.618077	1048.703163	83.352457	1783135362.697627	0.000000
69.000000	-0.809130	44.872368	12.876474	11.039784	120.784510	6.160599	110.126995	162.772145	-54.024912	120.797466	168.735805	-31.157800	172.877977	371.189125	-67.830059	382.283077	0.989608	0.901546	0.824084	0.897520	0.941663	0.948003	0.989441	501.331924	264779.701534	36.593446	1009.575122	1082.634635	89.102224	1783135362.697677	0.000000
70.000000	-1.844784	47.445552	29.074163	-1.425702	106.627168	59.911005	-22.366660	173.553907	93.049062	-12.550528	297.971141	123.826812	-121.470839	189.768905	156.337350	-60.371177	0.977723	0.973977	0.991027	0.868397	0.906851	0.921212	0.973002	453.162625	237937.980614	36.596948	907.978478	1021.921237	85.546511	1783135362.697696	0.000000
71.000000	-2.379679	42.520434	46.500976	-17.380729	79.755403	118.486078	-23.309385	82.368457	155.183022	30.017660	25.730960	237.872790	54.532480	39.696074	450.646570	158.715816	0.989804	0.805178	0.887160	0.855867	0.996250	0.877170	0.955188	469.671558	232084.655430	36.601376	1051.411477	1084.855287	81.211078	1783135362.697712	0.000000
72.000000	-3.204822	34.287085	57.883177	-8.336333	35.885229	128.360590	39.953779	-15.500800	202.145877	149.131044	-40.438660	135.500709	276.871841	16.752817	68.369985	431.677519	0.865189	0.907422	0.869960	0.809066	0.937468	0.886168	0.987917	504.894407	244395.541193	36.590534	1051.574079	984.236433	89.965898	1783135362.712633	0.000000
73.000000	-3.212863	29.928951	71.954872	2.235576	8.815896	106.790731	136.506741	-34.858345	57.092741	198.517275	109.696501	35.259525	148.129286	257.472652	-42.887464	39.104726	0.963760	0.911002	0.819600	0.984932	0.972061	0.834214	1.004215	547.628353	264762.919512	36.601021	1071.994656	972.938480	88.960081	1783135362.712679	0.000000
74.000000	-3.690913	22.226630	68.244628	33.477681	-4.901781	70.684957	137.056643	65.240484	-10.996893	268.751131	328.336676	94.436120	-109.252524	189.554676	422.118026	214.343298	0.987521	0.917021	0.828671	0.935196	0.937934	0.892468	1.048103	492.348578	272992.953311	36.600737	1092.079751	1068.607429	91.408974	1783135362.712698	0.000000
75.000000	-3.832671	15.451467	64.711456	59.362860	-17.912250	-4.527130	125.745579	195.619125	43.850127	11.513262	177.604295	236.582993	196.328034	-68.105836	135.565917	848.602767	0.866555	0.812771	0.954822	0.963980	0.940246	0.864477	0.970701	499.949329	274125.822025	36.609260	1038.439425	987.577731	91.389720	1783135362.712715	0.000000
76.000000	-4.123916	7.996448	66.217131	78.631476	23.186335	-45.306873	66.219744	222.163915	126.243651	-37.699388	-55.526568	181.018597	526.011254	174.881373	-39.315847	-12.573376	0.962963	0.942407	0.812969	0.969125	0.875632	0.897319	1.087384	540.806919	257921.000624	36.605558	1054.126014	1037.305275	86.913344	1783135362.728471	0.000000
77.000000	-4.025012	2.690797	52.972209	89.235757	66.657272	-29.139185	2.171918	100.175732	211.756896	176.068740	-22.828793	3.578911	293.984021	416.761772	330.097507	37.158971	0.810514	0.869077	0.989808	0.851711	0.960832	0.841545	1.001868	492.476676	250980.347854	36.602139	933.049195	1069.229290	80.455758	1783135362.728506	0.000000
78.000000	-3.141778	-4.474789	37.249224	103.117541	113.585060	39.243254	-17.239512	26.751630	142.211910	299.707933	186.538232	30.638848	-74.024402	-24.642037	237.819009	518.632378	0.896420	0.970892	0.918819	0.867905	0.897387	0.940263	0.959520	539.549671	263691.584380	36.591668	1021.555160	973.270379	82.361601	1783135362.728524	0.000000
79.000000	-2.026244	-5.383070	21.649864	70.591776	105.300325	89.784082	30.445899	-69.813198	24.619374	129.915809	308.523880	555.944676	146.148239	-3.428338	-51.043039	113.492676	0.935182	0.862383	0.950470	0.833857	0.820489	0.839868	1.016545	520.040447	266953.232903	36.593669	1087.240179	952.402289	94.154195	1783135362.728541	0.000000
80.000000	-0.739766	-5.249759	6.861692	52.811001	119.820421	134.501806	111.935332	52.628273	-87.134309	-83.566396	82.365095	442.777691	383.023553	265.360637	338.286452	106.161408	0.908317	0.832215	0.986987	0.988343	0.847097	0.950519	1.032130	537.691476	236221.725336	36.604430	999.200672	1022.127347	85.113923	1783135362.744649	0.000000
81.000000	0.152728	-5.792297	-5.912086	26.163219	81.954525	138.193434	138.399686	125.775287	142.600180	-18.873161	-113.266966	5.641357	65.207281	216.285631	779.100514	264.726491	0.847761	0.876344	0.895107	0.987192	0.888861	0.966225	1.078300	490.460701	236598.829924	36.597733	911.589385	944.905496	97.721387	1783135362.744691	0.000000
82.000000	1.678080	-6.638355	-8.592909	-2.586007	39.432574	91.476207	124.882186	154.145306	382.855545	133.681956	89.038084	-48.461745	-47.695456	-66.912359	-22.818549	142.861054	0.846055	0.865472	0.950454	0.860369	0.881640	0.888232	0.980134	501.925933	239931.731856	36.594101	938.921897	1097.142650	90.468298	1783135362.744712	0.000000
83.000000	3.080957	-3.274133	-16.182865	-18.762441	0.649926	23.266435	77.611189	144.289702	205.834133	224.986893	201.695762	222.256660	197.506809	122.792470	-23.555837	8.698549	0.910990	0.804702	0.864177	0.809372	0.834784	0.984034	1.029659	523.100816	237818.986543	36.607811	938.818302	981.791283	80.734285	1783135362.744730	0.000000
84.000000	5.018060	2.711547	-2.628570	-22.373634	-5.213793	-36.302870	-2.999372	10.261702	77.629668	132.003902	185.626292	247.180019	278.555568	658.049994	408.898136	210.762029	0.946083	0.840383	0.965992	0.983605	0.911698	0.898498	0.990612	474.470464	276743.169778	36.590943	974.365489	1044.920877	97.145990	1783135362.760487	0.000000
85.000000	6.317833	7.268386	0.644061	4.877880	1.893302	-41.126255	-5.755128	-13.476311	-53.901709	7.969925	53.266248	28.721851	52.442782	170.941239	131.516731	167.829574	0.920424	0.818735	0.804518	0.849551	0.920743	0.819301	1.053087	532.695380	251284.555061	36.600663	1064.222234	949.049442	90.836245	1783135362.760555	0.000000
86.000000	8.175506	13.909449	19.327855	16.692342	17.016029	22.099099	11.357556	13.401332	19.725414	-25.584056	17.233475	51.966256	-94.229530	-54.601063	-133.911297	42.918573	0.883787	0.988198	0.839431	0.895148	0.822914	0.807193	0.914499	544.033002	236263.761487	36.600213	1058.124987	1070.601639	89.623174	1783135362.760586	0.000000
87.000000	10.000000	21.430558	33.923962	46.800752	64.231610	78.484770	107.120348	122.787521	153.697388	174.614595	343.427983	258.839941	279.215540	258.797583	209.293802	420.433267	0.990283	0.958228	0.896160	0.829131	0.851836	0.881114	0.903529	535.585572	234971.977657	36.604011	1084.923941	1030.483274	95.891490	1783135362.760614	0.000000
88.000000	11.760679	27.973926	50.514375	72.320048	105.939841	141.633012	169.994210	183.770883	177.710117	228.699860	446.751281	186.189034	225.940139	355.594824	208.453388	251.135968	0.949033	0.844522	0.986113	0.952558	0.840914	0.869093	1.086283	545.914651	238894.626254	36.601514	1018.569580	907.903396	97.084296	1783135362.775165	0.000000
89.000000	13.576870	35.728051	58.218696	84.878142	132.483059	135.447320	149.332478	172.753523	124.358415	132.959546	169.044813	15.040276	36.230689	-1.810734	46.894794	-315.446842	0.869514	0.990317	0.940783	0.994905	0.813453	0.979093	0.901862	488.523582	267021.425392	36.590817	953.555418	1073.204277	82.215189	1783135362.775216	0.000000
90.000000	15.333898	39.035045	69.616254	85.922529	108.221843	97.639269	83.138475	58.713365	10.116629	-75.949837	-117.186663	-115.331883	67.748475	61.386305	174.273526	488.192107	0.975943	0.995444	0.858667	0.814859	0.871012	0.885263	0.960948	466.357387	257784.397441	36.603609	1018.396940	1080.010522	98.480753	1783135362.775239	0.000000
91.000000	16.509629	43.702986	74.955197	81.269730	73.828958	49.304465	6.603365	-32.775141	-31.010933	9.691448	80.492924	179.299084	243.659085	413.911226	351.204605	542.726338	0.906675	0.940561	0.923414	0.889199	0.875115	0.912296	0.999359	549.986678	268481.403570	36.599757	1058.685025	1032.595726	86.696830	1783135362.775259	0.000000
92.000000	18.717088	48.292716	67.246800	71.146124	36.046647	9.545767	-46.313467	8.809859	50.976537	138.219851	281.376679	261.937702	183.969671	133.473099	46.347038	42.890935	0.880664	0.935290	0.845574	0.849123	0.948256	0.998476	0.982597	515.623807	230167.238864	36.599714	1019.256099	1088.719488	89.495487	1783135362.791704	0.000000
93.000000	19.983733	45.704577	56.537297	38.632067	-5.434810	-47.972416	3.550123	174.156913	183.779319	235.072416	203.188996	99.225019	-74.930507	-176.473072	19.700629	174.863366	0.843356	0.801984	0.895257	0.921115	0.806490	0.831176	1.009382	500.772316	276580.860499	36.596632	1086.051622	1080.064346	85.940338	1783135362.791771	0.000000
94.000000	20.579456	49.667352	47.315924	14.207566	-6.498176	-9.282918	82.469424	339.423589	222.922985	118.113444	30.313594	-96.652471	133.307770	199.417551	307.018919	298.861319	0.815278	0.944777	0.882153	0.809152	0.979791	0.880635	0.952347	496.411619	240572.468272	36.591068	983.884668	1081.655621	88.217604	1783135362.791815	0.000000
95.000000	22.154577	43.809965	31.209876	-9.924354	-23.581958	59.879796	149.136344	196.951128	86.208445	-47.539007	11.047337	127.156702	529.848008	338.221080	277.079388	-207.154397	0.836422	0.872861	0.943466	0.870597	0.926120	0.935473	0.904810	548.992472	264647.578383	36.609173	1098.008211	949.678759	81.764953	1783135362.791840	0.000000
96.000000	22.753516	41.965582	16.471663	-25.093146	17.992239	120.193200	161.839713	82.925692	-17.312347	37.198929	153.326739	334.142093	354.717149	8.590215	-224.069755	158.813150	0.906600	0.981699	0.837451	0.970418	0.976300	0.871193	0.937269	549.785032	252278.315773	36.608542	1083.484689	1074.272359	91.001460	1783135362.805962	0.000000
97.000000	23.346959	34.190998	4.238124	-20.104251	65.647229	144.298490	112.462819	-39.530955	-12.472319	172.231510	230.492741	129.954772	-94.070585	33.038103	532.538232	384.577441	0.893586	0.831825	0.938960	0.983427	0.926924	0.835014	1.072555	541.518325	273611.801098	36.593856	937.073535	971.606272	87.464970	1783135362.806039	0.000000
98.000000	24.419743	28.349391	-10.228966	1.962415	103.626562	125.380336	14.559751	-49.807474	121.486083	197.149005	110.309453	-8.374544	96.274365	367.493434	317.752123	62.020431	0.814003	0.908692	0.849870	0.820152	0.817741	0.803478	0.939540	548.624958	271804.540233	36.605815	972.579393	944.899299	99.795910	1783135362.806087	0.000000
99.000000	23.675230	22.127418	-17.787786	34.312382	113.741772	73.596191	-30.810613	61.254613	191.355442	268.393709	-90.251800	172.905376	255.890734	207.959396	-122.185481	79.980167	0.944382	0.804137	0.891688	0.933841	0.855163	0.941546	0.923726	499.553483	232715.989676	36.592431	906.073719	970.713627	80.915174	1783135362.806129	0.000000
100.000000	24.357251	15.346883	-16.053241	61.790822	120.053682	22.850730	-13.141952	180.901008	185.250129	-48.464030	44.851413	570.579056	169.535162	44.817584	172.969380	213.815164	0.971455	0.985204	0.806490	0.943813	0.944042	0.900762	1.073465	523.103900	252414.186676	36.607324	991.256433	901.712891	97.340654	1783135362.821726	0.000000
101.000000	24.133576	7.475323	-3.274807	91.942624	84.595104	-9.480403	76.436152	168.097854	38.875462	17.348005	310.918761	342.715840	-123.994269	294.527029	374.666905	82.332765	0.961870	0.830660	0.933069	0.966312	0.944794	0.962044	1.090593	453.717206	259881.273453	36.598565	1059.641204	1008.839981	89.951869	1783135362.821903	0.000000
102.000000	23.056433	3.440544	6.280712	95.319761	33.899148	9.316640	163.891937	112.317631	8.991442	140.641890	246.150054	-5.671162	126.332750	728.982439	-42.018835	55.661821	0.949919	0.913655	0.896698	0.957760	0.802653	0.867451	1.008417	471.272857	258940.122108	36.609346	1035.744207	965.456199	93.315565	1783135362.821937	0.000000
103.000000	23.293935	-4.058851	22.916377	97.448833	-11.397422	44.586080	168.978674	7.604592	40.359961	217.884934	44.568633	49.283514	404.039718	79.205069	69.206362	280.623926	0.921606	0.972892	0.834652	0.843042	0.876719	0.906492	0.985920	486.029123	272734.175503	36.594566	1035.236378	1000.728174	97.503462	1783135362.837004	0.000000
104.000000	22.446328	-5.574442	40.647727	77.124847	-28.998215	91.305634	224.245445	3.707925	161.077646	136.010921	23.638320	290.412122	122.165739	56.679871	345.397299	231.176675	0.898827	0.913219	0.948847	0.923531	0.817510	0.823782	0.995903	510.326624	258089.225904	36.595119	958.836150	1009.989730	97.831798	1783135362.837063	0.000000
105.000000	21.266930	-6.290121	56.089597	51.075959	-13.877918	121.961462	64.338712	18.781871	228.951115	-18.885797	168.932094	222.924619	25.134578	289.799872	130.175950	17.303046	0.863002	0.837789	0.852495	0.987173	0.817683	0.891718	1.075356	538.333934	253925.018631	36.603854	903.275232	957.845241	90.093772	1783135362.837090	0.000000
106.000000	19.661168	-5.718962	68.474300	21.577973	19.044292	133.540907	-35.602865	156.022652	103.567841	38.691599	269.575799	-38.862823	149.132088	237.445510	-141.327442	791.375785	0.935839	0.952584	0.984183	0.829045	0.853618	0.878630	0.979367	525.396245	277046.593137	36.597544	938.555308	1099.350158	89.863812	1783135362.837112	0.000000
107.000000	18.628279	-5.236696	69.798145	-5.359117	66.938824	96.833162	15.075793	187.859330	-7.710010	148.556777	122.450386	-46.515643	367.464656	-160.276727	293.715275	125.714539	0.868680	0.942640	0.989994	0.967265	0.937869	0.997720	0.933428	460.524314	262189.467935	36.602040	1025.849192	1060.778214	92.627347	1783135362.851808	0.000000
108.000000	16.577076	-2.230590	76.227981	-23.829137	99.004846	24.695390	60.416126	137.496543	-19.975128	200.787285	-56.020966	170.246274	29.585739	115.540605	261.637861	-46.970390	0.998266	0.958872	0.880544	0.810765	0.983797	0.874528	1.024178	540.576381	237714.781370	36.594894	936.665375	1080.673738	81.937373	1783135362.851854	0.000000
109.000000	15.185031	2.577727	68.160068	-12.066569	108.271019	-39.351260	147.008438	8.445048	218.751747	128.544876	71.286536	232.469672	-65.983129	306.726578	-87.295679	262.925815	0.893621	0.842609	0.911310	0.903936	0.861357	0.921383	1.020623	463.222948	256991.637929	36.606087	918.210835	905.228123	80.182150	1783135362.851875	0.000000
110.000000	13.541441	8.294506	53.152359	-6.438531	125.278677	1.419080	151.350542	-63.852160	240.125110	20.818352	506.745153	67.951881	202.739520	80.436650	175.760066	202.298024	0.849127	0.812841	0.992983	0.830330	0.868726	0.815273	0.960803	537.032110	229589.064963	36.594651	1010.363163	1065.486918	97.098761	1783135362.851893	0.000000
111.000000	11.824020	14.175191	41.350533	23.667914	84.013285	17.981088	122.284860	35.775146	176.083956	-6.287833	449.498585	-84.254154	379.256018	-34.683477	746.531186	29.169584	0.992082	0.944751	0.895929	0.850131	0.808835	0.871152	0.912057	519.805490	244284.613947	36.591212	1016.747614	1013.594235	97.149188	1783135362.867058	0.000000
112.000000	10.000000	21.317850	25.139533	49.264017	36.942938	86.451266	39.069196	123.320788	35.936263	144.873948	71.791921	169.633585	-11.125091	209.022541	-61.256785	300.289615	0.972849	0.915099	0.919875	0.997819	0.814148	0.842408	1.073010	474.182309	275053.319248	36.597410	915.364255	1071.640386	83.032351	1783135362.867099	0.000000
113.000000	8.163815	28.141244	10.164093	71.064072	-8.293353	112.017319	-8.038229	155.057441	-36.545012	266.423355	25.297647	197.322480	56.163306	261.277539	2.169178	276.408955	0.845491	0.860452	0.816005	0.999571	0.820241	0.874120	0.927424	466.344052	264867.646992	36.601039	951.341205	1097.370349	92.174871	1783135362.867120	0.000000
114.000000	6.562600	33.453750	-4.642473	84.663630	-31.835568	128.952315	11.534727	165.928641	28.943354	123.184603	120.882122	80.852009	532.986573	-138.069877	302.314449	-95.781647	0.883557	0.809687	0.822730	0.935276	0.865396	0.972074	0.902049	524.575091	277580.764196	36.594223	1051.981784	1074.995767	95.925095	1783135362.867137	0.000000
115.000000	4.717435	38.521714	-11.815790	100.034100	-25.007233	106.964560	46.008897	58.075821	179.576493	19.748039	314.657380	7.716186	455.039379	65.197373	130.430479	337.838427	0.848068	0.853115	0.861060	0.847779	0.882717	0.867238	0.910927	486.877449	260390.357159	36.594536	963.268984	915.847320	90.318585	1783135362.889561	0.000000
116.000000	2.915153	44.024126	-11.534026	96.263595	15.693431	49.721384	147.472634	-54.638507	210.924346	-32.953473	143.935622	173.389357	-51.284608	396.186185	-155.422339	326.401575	0.981126	0.951133	0.825339	0.842911	0.945297	0.928906	0.945599	532.613796	252910.328802	36.602468	904.427847	1038.112463	86.420080	1783135362.889602	0.000000
117.000000	1.542256	48.610746	-12.036208	70.869610	66.438465	-24.155796	135.060158	-38.250440	128.927698	159.057108	-46.677886	212.330136	-10.010582	137.291815	360.210064	20.563577	0.978533	0.884684	0.913925	0.844139	0.918576	0.982351	0.929538	475.193281	255611.932387	36.602626	928.611272	1058.621689	91.234973	1783135362.889624	0.000000
118.000000	0.751167	47.757838	1.059301	38.555290	113.365964	-39.736590	128.103174	92.635520	-21.277804	246.985559	59.299447	103.497258	233.889461	-169.996558	182.606882	258.792846	0.935548	0.859912	0.823401	0.836933	0.831366	0.869804	1.024569	478.415806	253340.525356	36.606624	968.341659	972.844335	95.214144	1783135362.889642	0.000000
119.000000	-0.891884	49.180969	11.813555	16.542509	111.530047	-0.839347	51.990775	192.016365	22.394506	115.177021	262.590490	-148.562324	177.962381	412.200675	-33.473364	648.926491	0.802473	0.802169	0.851738	0.864496	0.927742	0.987658	0.985124	512.975397	250905.473318	36.599483	1075.525173	1008.386549	94.039522	1783135362.889670	0.000000
120.000000	-2.438636	45.726607	28.966773	-7.261600	120.356358	59.888473	-46.027925	212.449240	91.814763	2.787593	307.361858	231.791943	32.263070	607.939361	156.971953	-225.772898	0.942904	0.836010	0.988170	0.887867	0.822247	0.884935	0.910042	500.748909	249608.545193	36.606866	979.230764	934.797897	96.982787	1783135362.898260	0.000000
121.000000	-2.755648	41.066847	44.509182	-24.596730	80.211425	115.153030	-13.342361	82.993112	211.151386	-21.362123	44.208003	633.920764	40.338867	25.932575	293.218901	298.194596	0.877119	0.966605	0.847229	0.938629	0.891215	0.831553	0.901297	463.059153	242009.942376	36.592835	1038.181070	1034.534322	95.054613	1783135362.898314	0.000000
122.000000	-3.558549	33.930402	54.774210	-12.729461	36.564761	122.624042	30.468526	-18.425828	168.527994	131.411552	4.827598	140.095705	293.469763	41.084703	-43.357584	484.848477	0.820183	0.947825	0.987452	0.933331	0.853911	0.976134	0.975207	504.748606	262977.279940	36.597196	988.723120	988.693696	80.308890	1783135362.898341	0.000000
123.000000	-4.120231	28.924058	65.852231	10.154188	-9.535659	110.679267	105.197626	-58.007697	44.857414	176.064736	109.408115	-82.969795	148.450079	419.732132	-32.040027	-51.426758	0.826239	0.921179	0.958356	0.865723	0.915831	0.873155	1.007005	506.910123	241904.835688	36.606394	1026.474953	974.229477	97.407882	1783135362.913902	0.000000
124.000000	-4.499575	22.263442	76.042454	34.987456	-9.820688	71.464584	150.132119	136.630592	-78.714706	266.558612	192.256265	100.261455	-23.055072	193.390414	337.535886	148.100779	0.814392	0.984152	0.881266	0.919367	0.905032	0.910032	0.910454	470.864178	246548.124400	36.598749	941.434829	1090.708168	84.905548	1783135362.913966	0.000000
125.000000	-4.682715	15.547229	70.285195	62.433045	0.806455	-3.341984	167.636280	315.417108	19.537146	-40.318720	180.034381	316.091943	109.110227	16.221488	131.193012	335.846837	0.839205	0.883270	0.990134	0.939115	0.943852	0.961197	1.067097	519.629137	233788.253273	36.605824	955.046489	1072.381743	85.273820	1783135362.913987	0.000000
126.000000	-4.143553	7.377620	61.194250	83.823975	23.060822	-26.210341	64.420619	203.333794	168.254638	-10.139669	-53.726133	167.166633	402.046487	152.762391	53.642787	100.206612	0.835473	0.800827	0.835943	0.871096	0.942791	0.856356	1.071839	507.687986	266698.133294	36.605228	924.967812	941.862920	81.558297	1783135362.929837	0.000000
127.000000	-4.071872	3.442908	49.365674	93.105413	66.091868	-18.875931	-8.065328	101.612719	250.339129	174.317588	52.195475	-42.349378	138.015007	385.044980	578.252693	25.209503	0.934308	0.931400	0.902824	0.977283	0.941086	0.997973	0.973270	483.992300	247229.410952	36.602289	997.645068	942.942536	97.503869	1783135362.929891	0.000000
128.000000	-2.161055	-3.618780	36.071345	99.529059	92.659008	42.858593	-4.901972	15.810637	149.695140	198.641852	217.516800	44.225971	-36.853721	75.663410	519.974776	274.032423	0.893279	0.934424	0.958322	0.945609	0.941028	0.857908	1.091898	499.377701	239449.475068	36.590045	921.000494	1067.475175	94.998386	1783135362.929911	0.000000
129.000000	-2.149292	-3.696745	20.565867	80.051274	112.899382	105.315942	12.177492	-57.364223	17.668285	134.993895	310.932869	268.368892	139.562591	-55.540303	-84.834721	39.968925	0.899225	0.957677	0.840536	0.979091	0.848687	0.857007	1.064482	484.075971	266732.547109	36.604844	962.566049	1077.929745	91.996314	1783135362.929929	0.000000
130.000000	-1.188064	-8.870576	7.539852	54.037053	103.798823	154.786871	123.005187	30.554860	-84.021667	0.153948	53.112526	264.906826	368.846448	382.037445	173.695524	121.858397	0.975022	0.919703	0.868565	0.839132	0.808275	0.908786	1.099368	502.478407	249437.190846	36.601474	915.290572	979.665936	97.272905	1783135362.945286	0.000000
131.000000	0.543261	-6.256254	-0.126388	23.760910	79.405761	124.510164	189.521682	140.937079	75.696134	13.500100	-98.530597	-56.843796	71.666429	221.019625	301.465293	530.536040	0.835387	0.924706	0.860060	0.914918	0.825576	0.834620	0.989902	490.471702	268841.394440	36.594843	940.499364	1033.783808	90.330255	1783135362.945356	0.000000
132.000000	1.821459	-7.077271	-7.108537	4.646317	37.539230	94.831209	174.140425	151.288539	197.980287	174.520197	187.237182	11.475690	-182.619299	-181.394620	-42.638029	117.438873	0.918067	0.809279	0.942493	0.968840	0.977097	0.870590	0.980824	521.994796	247469.994088	36.595018	986.389659	993.405857	97.386056	1783135362.945508	0.000000
133.000000	3.081751	-5.214828	-6.001375	-11.745255	-6.518364	27.299991	77.444239	132.268334	212.325354	251.193808	589.537180	293.403741	397.494387	110.270914	115.801248	-103.980092	0.828261	0.871865	0.868392	0.883111	0.837512	0.878561	0.999547	488.034863	229919.771509	36.594568	958.080412	1059.462782	86.034073	1783135362.945647	0.000000
134.000000	4.936336	0.838316	-4.741957	-8.137506	-37.390766	-11.168601	-5.121702	48.255158	154.436578	120.264754	165.749372	292.305048	544.666612	331.625364	247.289822	811.395557	0.859984	0.942232	0.885020	0.994683	0.874991	0.960164	0.930805	503.404031	261091.303034	36.602752	1027.400777	1021.790063	97.886838	1783135362.959991	0.000000
135.000000	6.317953	7.060574	6.263869	-5.613744	-13.971672	3.352473	-37.776980	-65.399902	-90.628774	-63.533891	30.108428	38.761987	2.858754	199.293280	137.839663	391.288281	0.893515	0.863634	0.904943	0.977138	0.883751	0.995348	1.067078	461.675252	259125.552714	36.609727	930.453142	1048.815241	80.052280	1783135362.960077	0.000000
136.000000	8.140035	14.412034	18.108524	19.411482	13.320022	23.981053	21.761807	12.097570	34.209895	-41.523840	47.706898	51.763626	-31.012977	-7.115456	-149.461470	-102.844678	0.989846	0.822099	0.869621	0.961853	0.875468	0.896956	0.933948	533.900111	273057.396744	36.597424	1050.345599	1087.439447	86.031471	1783135362.960100	0.000000
137.000000	10.000000	21.372539	34.189607	49.951824	66.215239	75.393379	103.492452	125.423375	121.422879	143.350612	162.078278	243.997168	198.762614	545.789206	215.337865	229.543037	0.873639	0.966608	0.953126	0.821483	0.947283	0.921444	0.931414	486.198634	265301.282898	36.607760	1029.094932	962.718641	86.820377	1783135362.960118	0.000000
138.000000	11.783480	28.203312	48.463347	77.138367	100.651459	146.091124	165.475725	162.804564	181.984761	298.112150	292.238450	287.158694	311.506454	363.832497	341.398187	249.753868	0.955693	0.854190	0.892978	0.804952	0.826319	0.848210	1.071052	496.866065	232263.193608	36.590708	1030.790438	1015.124268	82.451180	1783135362.974766	0.000000
139.000000	13.396768	34.792619	63.047045	99.652605	113.980026	167.164417	282.100505	167.388431	147.932407	121.915281	93.343684	87.374383	85.591283	-88.377530	-37.060689	-38.033101	0.992773	0.993248	0.981308	0.818995	0.957686	0.830673	1.065931	543.141189	260934.772478	36.598390	962.183515	1053.179087	93.136345	1783135362.974805	0.000000
140.000000	15.372894	41.337714	69.788701	85.952543	97.844863	118.342031	186.289906	50.872943	-5.038170	-10.006232	-51.832135	-110.882034	-81.470668	30.227636	167.425165	214.211164	0.908754	0.888042	0.913539	0.908774	0.918197	0.922443	0.969346	462.950178	272427.274743	36.594417	1054.671915	1003.133957	80.689662	1783135362.974841	0.000000
141.000000	16.881855	45.647597	71.112498	83.758044	82.405826	51.947183	4.692910	-14.627822	5.245841	-20.765677	56.563979	344.391312	234.485208	303.981468	365.998653	251.339612	0.833696	0.939943	0.976406	0.972942	0.957890	0.968366	0.979646	511.652315	263323.061235	36.595963	1062.065112	935.996498	95.648351	1783135362.975065	0.000000
142.000000	18.459433	45.401567	67.415534	66.925479	37.852549	-3.233241	1.648325	12.439533	64.266429	190.677077	210.532525	259.906028	173.252203	136.688883	-66.454234	-67.334306	0.857320	0.831971	0.834092	0.870688	0.903538	0.807136	0.937401	461.483942	271048.289634	36.591607	1058.671022	1058.778174	80.438626	1783135362.990459	0.000000
143.000000	19.500593	45.600794	63.325209	38.491867	7.146352	-26.259311	-7.746932	94.962885	168.784939	177.627799	200.166321	92.337629	43.767080	81.821256	44.876635	224.474500	0.866545	0.859726	0.813860	0.828935	0.813941	0.816672	0.929018	547.254433	265625.482279	36.593000	992.102573	951.896083	88.579814	1783135362.990654	0.000000
144.000000	21.429439	45.926472	47.036060	13.278458	-12.542667	-4.383256	90.506074	156.011017	158.076535	113.591662	-34.358785	-49.417391	97.038641	194.976187	709.596392	290.950910	0.829177	0.874972	0.856262	0.956710	0.868406	0.988193	0.996854	542.942532	252141.083182	36.609104	945.530563	990.887227	95.673286	1783135362.990678	0.000000
145.000000	21.774630	45.970579	31.078249	-2.391134	-2.956001	59.903788	130.632721	170.705186	87.708261	-44.878342	30.646851	125.743426	331.900220	338.389801	267.598656	-86.847872	0.854119	0.906482	0.942425	0.961768	0.893991	0.842295	0.985369	502.865158	248670.334661	36.590525	950.921723	1091.884300	94.050782	1783135362.990697	0.000000
146.000000	23.348382	40.872969	14.056857	-8.509240	14.456386	106.254927	173.105272	83.085788	-49.559962	19.323652	182.251135	315.317777	167.441196	10.173686	100.786245	159.803392	0.832041	0.868350	0.829124	0.941783	0.857391	0.917470	1.036382	464.112535	235371.087851	36.609597	938.310622	965.922110	88.967120	1783135363.006013	0.000000
147.000000	23.571409	35.430126	-2.335387	-0.513937	62.728582	120.349920	108.163519	-43.653012	-18.920374	177.558611	294.036559	131.151321	5.007459	4.957940	347.348106	284.042925	0.919141	0.832308	0.850938	0.975246	0.855750	0.913246	0.958216	460.058446	241880.111783	36.596212	999.442991	1054.573339	94.501831	1783135363.006052	0.000000
148.000000	24.579482	29.562597	-6.783737	5.748570	104.071202	141.784901	18.205828	-9.689750	134.935626	300.866186	110.247396	-45.664724	93.894760	219.601382	219.804263	25.659906	0.891421	0.987725	0.996152	0.968234	0.814249	0.901330	0.926530	521.747049	267212.194179	36.607726	964.998496	1099.614311	99.187286	1783135363.006072	0.000000
149.000000	24.456529	22.135377	-7.044983	34.845371	129.985071	73.456459	-48.524207	65.383729	192.959464	273.895999	-42.159784	102.557506	253.146102	184.070464	-127.592863	171.051743	0.879625	0.851871	0.991210	0.859282	0.968223	0.991636	1.066249	474.225339	266348.479904	36.598545	1070.270978	915.480394	89.949999	1783135363.006090	0.000000
150.000000	23.559220	14.578167	-4.907617	57.946276	110.589553	18.612793	-20.102634	170.141757	138.148454	-68.181590	81.349125	209.801620	152.021126	-156.713419	166.157778	906.383999	0.861122	0.818016	0.946210	0.945704	0.891536	0.837163	1.018427	468.988325	249869.054814	36.607477	922.420740	1097.689283	97.383920	1783135363.021333	0.000000
151.000000	23.479992	7.687091	-6.136223	80.680696	75.591873	-23.510664	74.159210	149.579883	51.935888	1.320132	177.257349	169.491852	-164.314143	176.243043	423.519891	36.237471	0.935357	0.978549	0.951168	0.935881	0.860251	0.862513	0.944619	452.253777	277531.536145	36.599150	1024.431059	964.579803	88.205446	1783135363.021377	0.000000
152.000000	23.689773	1.349288	9.242081	91.398807	35.790188	-17.597064	137.795573	102.927293	-33.393250	166.248590	200.817516	-10.732784	227.180796	533.195779	-60.252327	-23.832176	0.910921	0.844515	0.913226	0.875719	0.867535	0.843329	1.025765	526.135008	235824.402933	36.597858	1043.935394	1011.482446	97.442665	1783135363.021396	0.000000
153.000000	22.333943	-1.254080	23.739605	91.836561	7.577193	44.140405	197.049011	-1.068627	62.949381	260.984049	-8.547284	13.702284	565.681859	86.457507	-36.838795	480.407638	0.977920	0.935534	0.961988	0.819498	0.898475	0.830359	1.060407	509.354873	240971.151044	36.593365	964.956769	1060.085848	82.988783	1783135363.036654	0.000000
154.000000	21.549042	-3.614241	38.280367	79.165946	-25.376843	107.254327	103.597902	-71.893967	171.085783	125.614109	-79.127378	244.800927	105.763166	14.593322	211.178222	105.214958	0.829415	0.809323	0.928452	0.908990	0.879647	0.892156	0.957066	534.039814	252397.681612	36.599751	1009.675612	945.864271	82.850456	1783135363.036696	0.000000
155.000000	21.341079	-10.689088	53.369311	51.940988	-20.718089	142.986236	37.252556	73.938326	216.264736	-5.888942	302.717561	226.832587	-103.025391	349.488077	136.360636	57.958175	0.971304	0.870235	0.867231	0.906834	0.817786	0.957578	0.954498	453.396667	252796.662434	36.594876	954.089710	979.488715	91.261029	1783135363.036715	0.000000
156.000000	19.259051	-10.777034	69.783734	24.648666	27.597054	152.873140	-49.466706	275.946982	104.592043	27.926564	189.006409	48.327181	192.118945	263.888198	-3.888999	388.730549	0.874459	0.880024	0.972940	0.816631	0.846306	0.856434	1.032208	470.400182	235555.983885	36.590231	958.193186	1080.284964	86.123356	1783135363.036733	0.000000
157.000000	18.584164	-7.288807	70.757794	5.242662	61.085820	100.397125	-1.457627	167.741441	-33.289071	190.058363	123.167185	51.394891	351.287510	-94.788087	188.282521	119.657616	0.953122	0.946477	0.832064	0.881666	0.995443	0.876958	0.954259	451.074017	264489.159747	36.593575	1041.109756	953.323158	88.755591	1783135363.051499	0.000000
158.000000	16.626804	-0.876768	74.524663	-23.644120	112.596722	28.185155	63.466980	116.703379	-16.915942	187.058587	2.837881	259.483919	62.376628	124.118124	305.994741	-74.813566	0.972451	0.985841	0.843914	0.992823	0.844907	0.895812	1.043554	527.333733	275426.583774	36.595076	1012.043318	1012.986673	84.460344	1783135363.051542	0.000000
159.000000	15.358425	-0.025561	68.374177	-11.806949	120.113305	-23.356861	129.759843	38.621631	113.170503	128.589480	41.726346	495.298381	-134.088236	289.303849	-192.623307	368.128231	0.940104	0.869017	0.800166	0.874217	0.960453	0.983570	1.055075	535.793206	238634.364537	36.603745	1056.496626	1089.185049	83.337060	1783135363.051561	0.000000
160.000000	13.373327	6.499980	58.454964	-10.682826	97.751204	-14.922467	152.863684	-11.348636	248.307147	-71.189332	226.028828	-21.610839	165.512737	57.294380	325.258511	192.004702	0.842477	0.862364	0.927199	0.967673	0.912586	0.878637	1.050648	494.420831	260224.310965	36.596440	1094.716670	1050.783596	81.175631	1783135363.051585	0.000000
161.000000	11.720038	14.180317	39.963660	23.473842	76.509477	8.638533	122.567109	36.608200	354.473313	-36.812526	222.641821	28.171276	277.329911	-50.520928	852.181367	-36.386094	0.838891	0.832067	0.854267	0.945151	0.896263	0.838185	0.985415	499.832734	272058.475304	36.598500	960.648709	1009.589109	97.301720	1783135363.066554	0.000000
162.000000	10.000000	21.467264	25.589517	48.618604	33.595420	75.666861	33.501148	113.103486	97.183670	144.112639	60.969103	190.882930	27.249222	301.758535	51.807216	414.747283	0.850492	0.848492	0.887153	0.956536	0.937054	0.964463	0.953914	503.421945	261074.776998	36.597915	1037.671690	1000.618634	95.172640	1783135363.066580	0.000000
163.000000	8.170594	28.071332	11.019299	75.262245	-7.892193	147.097235	-42.703216	227.222642	-21.720966	220.265435	9.175724	317.909814	52.379100	266.554227	103.035655	265.869416	0.926448	0.927088	0.990989	0.966033	0.908394	0.927826	1.035863	452.826747	228276.806914	36.598774	1008.235944	965.716700	94.283190	1783135363.066599	0.000000
164.000000	6.452515	34.035583	1.410550	100.730260	-27.086826	133.090291	-35.310228	159.591757	27.362694	120.040264	132.685024	86.129431	265.161057	5.729199	358.672433	-40.869164	0.929217	0.913510	0.887095	0.981263	0.842604	0.829718	1.026836	502.587049	266697.634713	36.590360	1045.597224	1067.920918	96.237477	1783135363.066615	0.000000
165.000000	4.696992	40.100597	-10.426486	102.879192	-26.669867	115.631347	50.531642	50.190981	135.988479	-56.631071	213.104515	42.439564	213.530806	26.105187	133.166911	644.581130	0.842871	0.861751	0.897766	0.846468	0.984186	0.865647	1.010354	452.278567	231313.230415	36.600532	1023.164380	1008.118217	84.111291	1783135363.081587	0.000000
166.000000	3.187290	43.317680	-17.447052	92.892250	14.416367	50.746989	139.983144	-23.582529	230.597918	22.791140	155.585359	152.669874	50.979323	200.383049	-134.374968	492.126655	0.855328	0.865229	0.896228	0.816695	0.934042	0.810292	0.904400	454.531310	237338.355318	36.598320	1053.205080	1061.341659	83.038081	1783135363.081613	0.000000
167.000000	1.720120	48.220652	-12.781112	70.178481	62.938650	-19.322478	172.663641	24.650178	105.907873	181.181313	-18.752020	199.458771	25.796088	138.416424	284.137705	-71.950441	0.884301	0.817163	0.914190	0.942814	0.819481	0.848021	1.048582	457.352612	234943.691602	36.593256	1015.055918	1017.952992	80.090665	1783135363.081630	0.000000
168.000000	0.460954	48.515670	-2.556870	38.397515	92.182186	-25.123983	151.405975	94.532187	29.176013	211.265671	-9.425925	107.770749	194.200746	51.567230	196.925291	243.104566	0.996192	0.916042	0.812496	0.917718	0.996431	0.962821	1.053423	485.226965	233916.920560	36.597702	1073.069350	983.235000	81.121886	1783135363.097297	0.000000
169.000000	-0.545233	48.051242	14.589276	7.245351	128.940984	15.649833	54.266393	151.327283	26.408261	119.402196	256.215341	-16.956485	218.381441	405.521160	-3.530342	397.063874	0.944322	0.966852	0.975903	0.870810	0.926587	0.865306	1.018710	480.753790	244057.912047	36.599608	1032.442334	952.934822	91.532085	1783135363.097336	0.000000
170.000000	-2.131617	46.233731	28.927796	-11.381069	106.852801	59.860772	-14.143327	145.207190	93.800505	-80.655642	290.299170	126.305647	-150.662863	616.975373	162.614006	-44.512778	0.928051	0.930994	0.983808	0.915322	0.817171	0.834018	1.065748	532.428895	270075.313784	36.609940	1052.284478	996.820371	87.445565	1783135363.097357	0.000000
171.000000	-2.888023	42.633782	45.328851	-12.083987	81.496910	105.210896	4.467475	83.342305	236.940240	8.703967	29.899645	295.566340	116.238655	-51.514091	273.300000	158.675709	0.899336	0.893222	0.889966	0.909576	0.886979	0.842129	0.999547	499.178783	255506.332323	36.590102	1086.072256	1045.699609	97.744753	1783135363.097373	0.000000
172.000000	-4.066863	36.931829	57.886373	-7.554855	33.212774	169.726166	42.871875	-9.389489	171.421344	164.509756	28.855402	139.248112	548.535320	-32.461474	-69.640595	392.413001	0.837222	0.898651	0.832757	0.889498	0.813785	0.913802	1.068293	512.654676	270390.256786	36.608388	921.219450	910.902426	88.516917	1783135363.112840	0.000000
173.000000	-4.534984	29.124810	66.726004	1.756938	-1.634695	139.232498	129.158406	-24.921306	54.075168	243.706567	109.384887	4.081425	192.998906	342.544135	43.337677	-81.002154	0.903218	0.848162	0.883745	0.929982	0.821897	0.949348	0.971367	487.888358	262113.418310	36.596299	1035.983164	1060.700806	87.356616	1783135363.112876	0.000000
174.000000	-4.685625	22.225785	75.865490	35.199282	-35.252486	69.906578	364.292628	64.008315	-66.063433	242.670978	301.278813	72.026304	-70.288241	165.800140	453.460944	131.030485	0.989491	0.932700	0.884493	0.831473	0.925278	0.936498	1.089143	491.546439	230902.782667	36.605342	1087.920998	980.892249	85.303509	1783135363.112895	0.000000
175.000000	-4.172324	14.987979	72.208613	58.687396	-4.187389	13.910814	295.438036	158.673505	38.373762	-40.306474	331.856940	355.579971	104.115583	53.279929	252.866446	491.715104	0.860933	0.954892	0.804899	0.873061	0.923599	0.936178	0.909467	539.032423	244265.658363	36.608812	980.966162	923.573284	91.469934	1783135363.112911	0.000000
176.000000	-3.507457	8.412996	58.836733	75.733899	16.962906	-41.522538	130.951990	213.609826	168.052692	22.598717	-11.761111	158.652448	337.543357	149.428595	-77.407864	-36.173565	0.961295	0.980060	0.825220	0.904499	0.849368	0.862889	1.063801	496.084448	266813.552723	36.599842	966.902618	916.963796	88.369753	1783135363.128258	0.000000
177.000000	-3.864277	2.941669	50.771261	89.003256	63.726689	-0.540578	-0.993706	102.600158	196.741980	136.433111	27.544339	-18.850913	136.254115	359.807304	528.618792	115.622067	0.971466	0.807329	0.964685	0.909136	0.840616	0.986943	0.980326	454.449160	232248.217526	36.590758	1033.816298	938.752689	92.758038	1783135363.128294	0.000000
178.000000	-3.385641	-3.029113	36.802522	101.122768	108.644382	34.629191	-38.540312	-7.290750	116.456315	287.656674	171.938099	51.065364	-102.796617	72.821422	302.433735	253.580578	0.884087	0.950720	0.909943	0.916732	0.939524	0.845864	1.018522	538.056709	248736.644379	36.607329	984.383026	961.519403	98.565171	1783135363.128312	0.000000
179.000000	-2.109062	-5.378169	21.158445	73.934999	123.034725	109.772044	32.493885	-32.534426	28.105341	123.738236	320.530692	566.900914	144.891045	-67.288149	-164.309496	117.306289	0.905535	0.973863	0.985131	0.867820	0.873523	0.882671	0.979306	491.888768	235970.265304	36.599948	1079.979082	910.095249	81.212777	1783135363.128328	0.000000
180.000000	-1.319257	-10.768256	4.289859	51.074733	109.301105	142.678659	123.980144	35.882784	-18.294210	-40.384291	52.756321	443.548843	424.190396	350.007514	166.785268	120.680488	0.993807	0.947783	0.909684	0.938486	0.830491	0.883897	1.029560	467.644557	271004.558517	36.601023	999.618367	1055.447344	94.757207	1783135363.143402	0.000000
181.000000	0.502256	-6.860017	-1.455180	24.330201	80.248767	155.221415	184.139813	158.181056	75.953276	-30.605465	15.981883	45.504091	69.251138	168.418385	274.117111	660.544384	0.974262	0.947564	0.873223	0.816829	0.923663	0.973530	0.976253	526.596609	237562.402501	36.609777	1003.395756	922.695337	85.099280	1783135363.143438	0.000000
182.000000	1.860284	-7.548998	-15.426887	4.199426	35.226420	96.150629	167.883316	190.009127	247.536275	140.637141	93.550367	39.061159	4.896586	-136.043155	94.701538	136.975089	0.857630	0.903452	0.813110	0.993061	0.871482	0.841092	0.916715	534.095956	244798.057010	36.600442	1017.413452	920.054904	81.906423	1783135363.143458	0.000000
183.000000	3.412237	-4.307405	-12.195477	-21.345240	2.209581	38.168818	80.203729	144.413006	155.267383	191.293106	182.894700	223.794801	181.916926	111.381140	-33.489944	-120.107008	0.915165	0.982811	0.982808	0.938427	0.900559	0.837761	0.935416	470.865692	277383.800176	36.608385	906.781094	1041.520307	89.681422	1783135363.143474	0.000000
184.000000	4.998643	0.702096	-9.559342	-5.943474	-26.945770	-4.855434	-19.048448	16.595093	68.803269	121.934507	193.590998	236.216743	295.896163	315.423170	284.064300	211.692630	0.868567	0.940974	0.897261	0.924563	0.828652	0.804184	1.030182	530.625299	231830.715331	36.592864	942.424116	1016.834950	99.914799	1783135363.158968	0.000000
185.000000	6.383657	8.172626	2.847766	-7.498291	-24.154475	-31.403718	-44.468667	-24.437750	-86.619483	-6.213559	-69.873037	-37.271571	95.546595	114.802700	123.963354	194.460053	0.866080	0.813591	0.953418	0.835402	0.898395	0.911399	1.097342	491.150471	267774.448480	36.609045	913.417905	1011.888419	91.749263	1783135363.159010	0.000000
186.000000	8.286980	14.031595	17.087883	16.780852	18.410615	13.020945	25.350242	-4.054552	14.900734	35.327207	-13.489736	-84.582762	-7.438595	-64.057302	-42.948575	-62.697635	0.977384	0.996313	0.871808	0.819826	0.973153	0.965421	0.994878	456.430525	237970.951502	36.598495	1056.131532	1092.596552	97.791322	1783135363.159032	0.000000
187.000000	10.000000	21.513755	34.173637	48.324488	65.760701	82.166083	105.749576	269.183205	151.310532	185.347251	194.612439	179.264311	194.868589	449.213035	317.024145	357.540647	0.999418	0.835655	0.891507	0.824446	0.969252	0.838021	0.946665	484.249598	255518.899091	36.597495	1008.760560	925.365213	89.561541	1783135363.159052	0.000000
188.000000	11.782899	27.773713	47.961787	73.823784	98.028464	139.438486	178.711674	229.062868	433.189494	273.654521	241.049789	352.899119	282.584630	430.583606	217.691844	268.359463	0.883686	0.800653	0.831452	0.901084	0.953726	0.832713	0.978184	496.507893	272521.666338	36.598121	912.738898	1092.672450	93.183939	1783135363.174099	0.000000
189.000000	13.474334	35.790009	66.582344	96.620314	130.661295	150.527810	165.765357	178.640870	329.731225	130.092912	85.509033	13.775884	92.445588	49.234918	-179.199469	-58.244764	0.878745	0.987427	0.932422	0.897363	0.991625	0.911042	1.063769	511.542594	258647.865475	36.606780	1047.516967	933.774363	82.830988	1783135363.174146	0.000000
190.000000	15.015717	40.629877	65.188770	102.649440	116.463400	106.019872	93.124670	45.851283	23.690646	-77.054833	23.268381	-123.464576	22.282355	31.588773	155.398416	271.853447	0.885065	0.816901	0.932966	0.859217	0.868387	0.995685	1.058225	544.552232	254559.810390	36.598678	1015.070337	922.630966	83.849717	1783135363.174166	0.000000
191.000000	16.556801	46.071853	67.222759	87.546793	84.673685	46.484767	6.524983	-54.163034	13.960221	-48.813376	57.762097	158.683330	615.851087	392.030262	815.576636	228.857828	0.942928	0.822685	0.857815	0.994323	0.885421	0.894003	1.049248	524.114362	233785.827416	36.593653	917.505224	1077.552157	97.185264	1783135363.174186	0.000000
192.000000	17.987963	47.007349	70.623302	67.825492	37.174081	-15.984410	-3.617466	-30.803246	50.325472	175.032952	278.919072	319.926675	301.151711	135.120428	-0.127940	92.714380	0.944574	0.998203	0.865272	0.884052	0.834354	0.857376	1.043781	534.324710	228694.072489	36.592499	982.536560	1084.717686	92.119632	1783135363.190322	0.000000
193.000000	19.558982	50.552454	56.520360	38.568903	-9.003815	-6.185657	-6.394603	88.865458	188.599408	210.351058	200.304911	88.201960	30.584819	-21.171596	156.762016	230.934296	0.878482	0.942900	0.940598	0.856647	0.856291	0.878670	1.091354	490.042932	255975.710892	36.598336	1055.345590	990.399358	81.565362	1783135363.190376	0.000000
194.000000	20.578076	47.739722	45.987417	7.916072	-29.313141	15.187104	87.267765	192.125029	156.745339	133.376152	57.592940	-21.349468	3.547870	177.993599	264.666178	529.816016	0.852243	0.800994	0.801900	0.916594	0.874202	0.845521	0.975608	547.224050	266364.550109	36.604040	953.418603	903.462780	96.713278	1783135363.190581	0.000000
195.000000	21.897925	46.583538	30.987910	-12.522838	-21.090015	59.876409	182.081371	146.808021	87.387934	-36.334191	-91.494896	129.661898	265.222660	223.963024	142.718272	-241.621338	0.930193	0.958761	0.925009	0.818112	0.810749	0.810319	0.906392	458.372850	252552.079378	36.609887	1057.560847	1009.874589	94.830547	1783135363.190612	0.000000
196.000000	22.690736	41.392084	17.179268	-11.467997	15.205271	102.011439	137.213000	83.356615	-23.801469	-25.458799	150.815543	207.495542	191.841589	-9.153937	55.527469	318.812829	0.963915	0.822946	0.999275	0.814826	0.884300	0.874346	0.918938	488.928728	247804.903742	36.600198	975.645237	1044.427754	94.146603	1783135363.205176	0.000000
197.000000	24.105645	36.740777	3.322285	-5.390698	63.265738	144.052461	98.590512	-45.630847	-2.132813	135.207973	560.174856	126.282461	58.016267	63.695383	189.291472	312.289408	0.919007	0.858679	0.902669	0.854741	0.871795	0.809302	1.098714	512.933737	241462.774648	36.594254	927.394894	1052.782625	93.379249	1783135363.205227	0.000000
198.000000	23.313536	28.904784	-9.246421	3.617701	114.507292	105.994012	24.977372	-28.613872	127.524272	298.895426	237.898655	-60.125390	67.916076	347.265653	274.574622	-134.381423	0.807880	0.852460	0.942460	0.928039	0.899220	0.967252	1.036260	534.853679	254977.751248	36.603359	1015.363855	1026.721939	81.496604	1783135363.205280	0.000000
199.000000	23.614957	21.968951	-9.544371	35.179826	116.920006	71.481507	-26.022343	68.211255	176.484930	260.220494	-90.860396	194.061823	277.003268	178.055334	20.481059	117.301270	0.868993	0.819687	0.992408	0.816670	0.883877	0.810567	0.989873	517.362023	251831.967950	36.603174	1086.828285	980.554054	98.309486	1783135363.221572	0.000000
200.000000	23.860762	14.817635	-12.824581	65.005210	103.053619	6.196829	-15.576101	140.688947	146.840436	-21.134210	39.691076	496.357075	142.870696	-77.058251	170.981189	471.500377	0.838663	0.871796	0.871583	0.942110	0.827403	0.885373	0.935116	473.243153	272669.560895	36.598870	976.447194	912.778272	98.348502	1783135363.221635	0.000000
201.000000	23.593076	8.306431	-6.838656	82.541235	81.013407	-27.776012	74.033635	202.758381	27.006457	38.271151	263.983793	298.585565	-22.502255	156.971769	381.902749	-50.711493	0.872423	0.806298	0.834905	0.988327	0.803783	0.966709	1.092167	454.437081	249891.823970	36.606617	1043.801827	1020.267815	91.769158	1783135363.221662	0.000000
202.000000	22.876961	2.039592	8.491637	95.195831	37.944348	-16.712062	139.359592	108.400955	-72.681187	167.194264	165.183587	-54.033047	123.577003	339.935831	43.953461	69.161907	0.812852	0.965673	0.877935	0.892584	0.917726	0.816690	0.953222	549.669872	252810.246006	36.598808	917.097117	975.791773	90.712032	1783135363.222121	0.000000
203.000000	22.242620	-3.963103	24.177402	94.683714	1.817735	33.281360	159.661275	10.632210	30.439350	245.188195	68.001699	53.685544	259.668630	62.030608	-42.830194	384.719483	0.947954	0.979637	0.827017	0.864668	0.806051	0.914711	1.060590	474.057935	258687.207858	36.593174	920.422041	1026.327120	80.974621	1783135363.222149	0.000000
204.000000	21.849821	-7.501016	38.805366	84.077999	-6.277985	95.950025	116.193803	-33.233581	174.567356	114.503719	-20.686888	343.652638	120.022913	23.805618	234.658034	96.701191	0.844325	0.978237	0.834290	0.821201	0.858877	0.903691	0.944540	465.534634	238104.347188	36.590795	1077.370054	956.791164	95.586190	1783135363.237590	0.000000
205.000000	20.654137	-5.559694	56.157181	52.779016	-5.883182	123.220821	15.130949	36.327711	198.788889	-30.001218	164.546522	199.171821	54.202668	613.346079	141.921318	127.929942	0.809921	0.918535	0.802645	0.939131	0.916201	0.853137	0.985250	541.183240	265046.149768	36.597435	936.971625	1080.466826	94.977309	1783135363.237652	0.000000
206.000000	19.344741	-5.543609	68.316775	23.637277	21.028882	134.328885	-57.984524	162.476239	101.105497	-46.241802	333.419368	-34.776465	166.715294	182.614411	-53.708456	485.522195	0.991945	0.919178	0.907970	0.811788	0.889626	0.907090	0.973859	521.105890	246502.180615	36.594142	1040.514186	1085.593253	85.115641	1783135363.237681	0.000000
207.000000	18.078530	-5.401941	69.624774	0.385715	60.746577	99.466404	7.705487	153.829351	-51.882590	189.504498	140.023933	0.781244	379.436438	-146.352899	477.226993	145.012433	0.824562	0.817551	0.957561	0.844891	0.999724	0.883129	1.079415	478.499446	275122.784649	36.595944	1041.457095	936.571450	86.892844	1783135363.253142	0.000000
208.000000	17.034175	-1.687263	67.383644	-5.667602	108.451567	21.453784	62.909607	147.903633	1.680368	210.875048	-95.937412	239.406485	95.199865	113.724804	541.511083	33.385780	0.820647	0.802393	0.998149	0.844404	0.906981	0.963036	1.092228	489.257867	237846.907096	36.603832	1009.548465	917.945375	97.790572	1783135363.253188	0.000000
209.000000	15.201989	3.182594	70.228953	-24.730074	124.647505	-11.653986	300.598498	34.294093	113.067429	116.976664	30.570652	290.674394	-151.714036	243.629920	-21.663376	551.087739	0.957808	0.999250	0.922911	0.838675	0.845968	0.815349	0.935224	459.106222	228534.117236	36.602779	964.388725	1087.381390	91.439602	1783135363.253213	0.000000
210.000000	13.470376	8.055089	52.662771	-0.903291	107.711950	-15.569850	366.039113	-41.548565	250.821993	25.058161	273.302373	-44.893978	441.620261	96.079888	176.225030	387.638973	0.829394	0.989359	0.882688	0.928745	0.865556	0.853810	0.926961	450.756421	258815.957266	36.598162	1042.988457	918.553393	94.962058	1783135363.253268	0.000000
211.000000	11.688843	13.931619	42.156760	17.835482	78.921155	16.880350	220.204644	-0.146890	209.622038	26.376050	289.249070	-20.284568	371.759619	6.957121	317.719954	4.390392	0.953715	0.825261	0.930747	0.974102	0.871225	0.899444	1.028980	504.283049	250859.758158	36.590057	1048.825118	906.152116	87.580367	1783135363.269282	0.000000
212.000000	10.000000	21.491624	25.943763	47.599324	39.110463	86.851778	38.588372	126.230952	31.341870	136.170209	60.474197	254.048597	45.625204	206.341278	10.976437	414.833643	0.863034	0.906617	0.840449	0.903944	0.887832	0.971809	1.016182	503.035135	278358.199138	36.608353	922.491830	1073.678661	92.021893	1783135363.269349	0.000000
213.000000	8.166809	28.116639	9.691305	75.232247	-2.900803	113.596553	-51.258035	177.062068	-12.231409	185.465935	-116.290241	278.093690	62.711220	241.999180	72.315225	297.797325	0.940842	0.939301	0.934727	0.849959	0.988851	0.890329	0.995529	547.151239	230884.197289	36.591593	939.919550	1098.145664	90.615048	1783135363.269378	0.000000
214.000000	6.345895	35.693704	-5.546555	98.246119	-17.169943	148.082531	-10.046041	183.912644	45.520244	123.208719	131.629695	81.018221	286.412777	-111.206267	396.934119	5.316867	0.902979	0.965023	0.914484	0.847739	0.900700	0.895638	0.980753	454.657789	234093.125676	36.598531	1033.221410	1015.269560	94.835622	1783135363.269403	0.000000
215.000000	4.699026	41.826613	-15.977619	102.807106	-13.778785	106.709669	55.296155	58.779947	329.596220	-86.698299	291.083205	-130.129207	211.815722	37.963278	123.956348	218.396881	0.970904	0.909326	0.882974	0.976924	0.896672	0.926672	0.999276	537.261546	267636.362689	36.607177	939.504210	960.945116	86.678794	1783135363.284110	0.000000
216.000000	3.037117	42.609055	-16.267591	89.681892	21.491355	50.305077	146.570433	-86.200471	446.688218	45.920915	165.291382	180.034592	80.629435	254.181404	-169.501584	338.873746	0.929715	0.831805	0.826443	0.945649	0.973012	0.895380	1.085609	454.471674	267873.296919	36.596913	909.784684	1094.569484	86.799415	1783135363.284176	0.000000
217.000000	1.818163	46.920250	-3.618021	62.177185	65.367379	-11.890542	140.857425	-15.903737	248.055892	159.308236	5.511851	262.053929	-42.463966	133.187270	249.195882	107.723510	0.999710	0.960306	0.866414	0.990867	0.873171	0.907426	1.045661	508.109731	239670.567071	36.596522	1019.785091	959.081352	85.174159	1783135363.286257	0.000000
218.000000	-0.063778	48.417873	-3.661633	38.529860	106.527906	-4.051568	133.262671	179.704804	-0.835664	271.650977	4.895676	96.946868	337.434472	-52.000527	302.140889	179.580283	0.915926	0.939349	0.897068	0.996272	0.850258	0.945437	1.098925	525.669481	262977.088388	36.599958	999.236399	1036.042044	92.935578	1783135363.286324	0.000000
219.000000	-0.400931	47.404207	12.073485	5.980868	110.760675	-4.370688	54.341763	176.517608	-62.966401	129.071484	500.822406	-15.253996	186.878168	208.748448	64.926328	421.779625	0.966639	0.881070	0.954395	0.916163	0.881634	0.968233	0.976798	498.838988	240968.556635	36.605365	1031.368037	917.566710	83.360596	1783135363.286350	0.000000
220.000000	-1.517833	42.637390	28.964996	-1.761633	124.705257	59.898604	8.126473	198.329086	92.398311	-18.046233	475.927950	239.484890	-45.292764	560.468374	157.057649	94.823417	0.973216	0.941973	0.955535	0.872830	0.839213	0.951481	1.046772	513.413457	240189.451675	36.607486	978.895987	905.118769	97.574934	1783135363.299573	0.000000
221.000000	-3.267502	39.094625	43.513864	-25.711180	81.467596	120.136696	-17.672782	83.177410	177.299754	-28.367690	124.105250	597.416822	99.348399	-71.524739	470.117903	159.169739	0.989137	0.987974	0.876645	0.867207	0.874836	0.970859	1.058291	526.723146	258906.708022	36.602854	1021.356154	977.195519	93.760101	1783135363.299628	0.000000
222.000000	-2.944288	36.919274	60.493376	-3.963247	35.814821	137.375898	34.237620	-28.800787	162.184332	165.321645	-13.785989	125.353340	348.339479	11.697247	68.766492	353.415809	0.968011	0.944278	0.900484	0.924806	0.932078	0.830960	1.073637	477.540115	260814.754485	36.599759	1025.300247	992.966798	90.504937	1783135363.299657	0.000000
223.000000	-4.578981	29.563814	62.338950	8.094085	-10.040114	112.168287	125.865371	-11.462352	55.895981	292.817013	109.671510	-20.121827	154.282860	323.496907	90.696278	-13.978731	0.980757	0.857939	0.988678	0.807820	0.888438	0.991962	0.974230	532.480518	277895.405602	36.598853	921.559592	1091.432099	89.649976	1783135363.314347	0.000000
224.000000	-4.708634	22.095964	69.006283	35.290300	-8.660155	72.552700	165.256933	64.886508	20.767725	255.693295	252.934825	79.731542	31.592080	210.769790	743.087851	226.850684	0.848302	0.886613	0.995366	0.891607	0.817591	0.940765	0.911682	502.578146	260211.056831	36.598361	973.231945	1065.081050	80.718058	1783135363.314509	0.000000
225.000000	-3.726295	14.668281	70.288490	61.246051	-2.852906	-4.050314	149.008187	137.929431	-13.405319	-86.419996	169.754953	218.335050	104.519993	-156.947164	298.756901	734.712101	0.903087	0.930608	0.864522	0.839064	0.983982	0.839117	0.906132	528.052032	243274.871509	36.609491	904.786886	1085.185250	94.049494	1783135363.314543	0.000000
226.000000	-3.437870	8.166275	58.604102	93.122590	14.829766	-22.404089	66.679404	201.968003	136.981079	37.072947	-83.822009	167.548412	382.580358	164.589254	-24.272325	-8.286610	0.841695	0.832255	0.850376	0.990694	0.977829	0.991790	0.998559	472.621369	260462.651969	36.599798	1039.059953	992.182929	87.255321	1783135363.314570	0.000000
227.000000	-3.269382	3.693787	52.274803	90.811990	63.301814	7.994192	8.573496	114.424632	267.276776	166.385213	-44.599572	-62.771023	284.853996	208.396947	211.259824	53.666076	0.924383	0.918937	0.862446	0.835813	0.971145	0.963154	0.976727	480.348444	245472.963799	36.603376	937.367178	933.178781	92.465263	1783135363.330627	0.000000
228.000000	-3.318840	-3.638556	35.764058	90.206248	90.377559	33.310255	-33.891504	-21.257059	141.105017	260.694092	240.047900	23.182451	-102.945025	96.783380	288.237094	390.691611	0.820720	0.871033	0.986308	0.955233	0.910101	0.922210	0.952044	484.960721	248716.554201	36.601199	980.929670	985.568348	80.314330	1783135363.330684	0.000000
229.000000	-2.416735	-6.895301	21.809274	85.109191	126.072318	102.246093	27.629482	-31.145421	-13.079765	124.738927	211.648171	288.640667	314.733420	0.468827	-185.687683	114.774276	0.908434	0.942196	0.901358	0.961752	0.913387	0.948130	1.049295	467.158127	235134.829084	36.599292	1080.705755	1016.105979	97.899754	1783135363.330709	0.000000
230.000000	-1.198005	-10.354452	8.643041	51.240451	124.123244	143.799866	111.388294	24.239309	-76.381405	37.669604	66.533366	263.470339	249.021232	290.100452	161.902051	-19.436321	0.921474	0.829863	0.914290	0.860026	0.852465	0.945733	1.084132	487.110339	273567.736831	36.598927	1081.310824	928.135759	94.066808	1783135363.330730	0.000000
231.000000	-0.057511	-8.196706	-5.216970	25.613448	78.726348	147.967612	178.582622	163.539425	77.218054	-29.279034	-80.158700	-45.899021	111.173305	192.267998	395.938445	540.980064	0.869079	0.884027	0.862964	0.846972	0.846739	0.914658	1.040682	545.728406	249760.636727	36.590978	1023.318521	970.528209	83.561602	1783135363.346727	0.000000
232.000000	1.321260	-6.157413	-16.441381	-2.770762	34.116699	96.862145	160.878319	151.663495	190.588985	184.143839	96.725368	16.334394	-74.562235	-178.402270	-62.339661	124.967663	0.876784	0.825406	0.830387	0.877838	0.858277	0.961565	0.987806	463.460305	237498.167891	36.600018	948.794731	916.780362	96.960046	1783135363.346872	0.000000
233.000000	3.473774	-4.003939	-13.440204	-22.494961	-3.077268	30.428203	79.182532	122.122820	232.851285	196.679499	185.054021	190.605957	227.997491	132.499076	40.829136	-95.881152	0.850667	0.972366	0.918442	0.811123	0.960411	0.994024	1.027091	450.846800	276626.686414	36.603627	1097.025311	990.012148	95.983458	1783135363.346898	0.000000
234.000000	4.726560	0.295162	-10.163088	-6.376694	-9.328463	-31.156779	4.327552	15.293736	69.900022	129.740553	222.240487	224.040239	357.093217	275.761862	473.859363	395.023437	0.942496	0.969343	0.999517	0.963038	0.894920	0.948584	1.053316	454.942996	240620.302405	36.600552	1082.788086	951.719256	92.462813	1783135363.346920	0.000000
235.000000	6.621850	8.321741	5.830222	-4.201362	3.590469	-19.693215	-16.619822	-43.736388	-4.943871	25.119043	18.171183	64.872076	71.263846	75.283081	141.039802	167.189819	0.854300	0.815381	0.868960	0.972204	0.927688	0.949724	1.026215	487.091694	240663.958678	36.592545	919.797187	1067.087085	95.149347	1783135363.361158	0.000000
236.000000	8.287452	13.933285	17.307900	19.501296	20.490587	25.079058	25.306496	32.747442	-27.131143	22.900173	-61.079424	-53.614142	-80.832974	67.852800	38.205713	18.700731	0.984865	0.818582	0.862523	0.823092	0.824377	0.829981	1.013066	470.605597	261960.064202	36.602339	1006.498917	1080.285946	91.218584	1783135363.361213	0.000000
237.000000	10.000000	21.494446	33.788886	49.078908	66.133855	83.168925	96.164950	118.068126	129.744119	183.439620	164.829121	204.292657	282.310638	634.802700	328.507902	398.129566	0.967833	0.835187	0.871520	0.968328	0.843837	0.895923	0.930039	533.946619	246106.615831	36.597504	986.757600	934.859335	84.706909	1783135363.361241	0.000000
238.000000	11.807990	29.022273	49.531342	79.160912	100.577711	111.163240	131.051098	176.029028	187.562667	212.651473	242.006181	351.967289	260.392425	524.597441	252.575165	261.650057	0.954509	0.881762	0.852394	0.964503	0.897271	0.894260	1.024433	505.300474	236871.329925	36.606886	1013.793758	969.371028	86.720854	1783135363.375822	0.000000
239.000000	13.473782	36.280963	64.838343	82.306504	131.068895	162.221568	183.695837	187.849146	138.939470	119.790294	96.121536	96.862345	33.139465	-6.847006	44.660989	5.850059	0.818188	0.882717	0.855624	0.877526	0.801824	0.820330	1.023225	530.413404	255381.188147	36.600682	952.675517	999.102269	98.703067	1783135363.375866	0.000000
240.000000	15.067587	40.236188	74.088481	106.336693	110.762098	107.432182	83.353683	45.583604	-21.586444	6.980289	-126.409763	-159.241450	80.926239	104.389738	314.746312	630.559161	0.989822	0.898194	0.953313	0.925644	0.800509	0.811892	0.910010	490.227461	228841.399408	36.590412	932.902547	1032.242340	99.860860	1783135363.375904	0.000000
241.000000	16.629685	46.684386	67.157368	83.634073	73.497111	52.014276	-9.629164	-13.859618	-49.892434	-25.567956	108.316130	356.075139	237.511844	298.290802	702.588884	600.743885	0.821303	0.990615	0.853182	0.887046	0.829881	0.988635	1.017424	464.360209	277530.530073	36.602714	1079.612211	995.650259	86.713514	1783135363.375922	0.000000
242.000000	17.990924	47.258927	74.305901	64.630958	33.691704	-6.381065	-55.273208	-31.102085	109.641529	168.846529	480.305880	340.316840	206.537615	135.601056	-79.158141	-159.714682	0.988160	0.938012	0.830226	0.824305	0.975723	0.887851	0.946409	528.818253	245325.681199	36.595422	1030.929025	959.070628	90.755708	1783135363.391203	0.000000
243.000000	20.107440	47.451116	56.686119	38.734212	-6.933898	-47.741792	-8.489051	88.094162	403.071873	201.322736	408.961415	76.288600	-2.138934	-181.936044	21.314096	223.712622	0.954032	0.872983	0.811140	0.856740	0.880277	0.906526	1.004766	515.380936	229857.126840	36.606501	1092.598583	969.616089	80.580929	1783135363.391251	0.000000
244.000000	21.247400	48.014969	46.996746	14.732199	-22.834320	17.721578	157.502671	213.364449	381.077485	132.416169	-26.028582	21.320177	92.124625	179.930427	373.341253	297.108249	0.845307	0.842594	0.922229	0.859215	0.922201	0.961236	1.034209	505.962249	240378.033980	36.594406	902.581034	1075.637997	87.168616	1783135363.391275	0.000000
245.000000	22.081027	45.551681	30.927911	-4.768961	-19.577932	59.860602	299.095650	167.569768	87.750458	-46.067003	-79.141900	126.091931	265.000728	339.216653	131.504528	-112.878233	0.999388	0.919545	0.875842	0.946082	0.975787	0.942291	1.050987	542.202688	241406.949970	36.597813	1098.069800	1059.954890	88.496102	1783135363.391296	0.000000
246.000000	22.589198	40.062989	16.137315	-7.914078	19.166050	135.242498	281.628146	82.904319	-53.431596	6.683404	145.460858	227.756304	348.855727	-62.649006	-65.347358	159.480431	0.887401	0.813857	0.964375	0.933984	0.929203	0.829083	0.958126	549.899336	245863.049760	36.593430	1083.180227	991.554410	83.355623	1783135363.406732	0.000000
247.000000	23.813497	35.816621	1.359246	-11.947441	65.230026	134.510822	93.317686	-42.283923	18.716964	178.816625	246.684965	134.017764	-134.349409	-21.738224	207.080667	490.400196	0.878630	0.972232	0.902582	0.972001	0.900336	0.834245	0.937792	547.934412	269753.102629	36.600456	1075.821035	942.699096	93.580840	1783135363.406770	0.000000
248.000000	23.951758	29.700319	-10.651086	14.207916	98.961831	125.014816	2.441270	-66.043493	112.841364	232.911645	110.406235	4.378754	151.004118	417.293105	256.557486	59.203644	0.842236	0.970990	0.893278	0.987574	0.841580	0.859889	1.092740	453.689737	255611.763264	36.593171	1011.426453	1007.187424	90.381904	1783135363.406789	0.000000
249.000000	24.023417	22.087768	-9.268874	35.308155	135.225986	68.885510	-7.104499	131.944776	162.042502	257.389457	-59.421122	85.828761	286.692320	161.297227	-109.570911	120.625655	0.934373	0.878232	0.827556	0.908402	0.988360	0.876974	0.967831	502.712420	266705.059075	36.593790	1052.265766	933.351093	99.072692	1783135363.406807	0.000000
250.000000	24.143781	15.269877	-11.149599	63.436267	100.610328	14.399577	21.371834	170.155327	189.378463	-73.058733	28.534996	237.349456	156.728785	-143.456339	163.448225	292.567096	0.867823	0.929387	0.852733	0.978258	0.843962	0.851119	1.065366	526.722030	236412.206842	36.604003	1058.800619	1028.281691	83.309387	1783135363.422740	0.000000
251.000000	23.918394	9.351926	-5.848486	92.558881	83.136051	-28.044248	76.003477	185.302181	25.369088	-12.971980	296.451269	189.776067	-139.423890	179.853985	219.297449	122.840989	0.978236	0.802266	0.983705	0.825763	0.811620	0.905944	0.912593	479.383139	248096.468064	36.600579	988.901586	920.435398	89.551506	1783135363.422812	0.000000
252.000000	23.504761	0.567259	6.833731	86.334321	38.301576	3.609119	168.051359	116.863385	-40.848655	153.555306	264.810923	30.871704	128.173660	407.297752	-32.356618	22.374186	0.801616	0.933065	0.853064	0.991947	0.898622	0.869600	1.006470	481.346364	269544.147742	36.601830	1081.263112	978.381735	95.409909	1783135363.422847	0.000000
253.000000	22.986271	-3.361114	24.288044	91.039759	-15.010706	40.254447	195.616218	24.830378	44.839736	268.996473	29.979697	6.508942	222.481731	20.550830	90.747084	222.024626	0.815513	0.829591	0.913264	0.868881	0.933256	0.814074	0.932487	512.973228	261472.936971	36.599141	1079.804869	957.171621	94.783749	1783135363.422879	0.000000
254.000000	21.895306	-7.885063	40.413859	72.995129	-17.865435	89.042591	121.845291	-71.597520	216.833553	127.513668	-96.207517	247.146304	109.751579	71.276409	403.169736	99.425925	0.815852	0.969430	0.904713	0.870468	0.843465	0.826652	1.066989	472.456617	250404.820321	36.601292	900.644874	1087.552223	90.272990	1783135363.438901	0.000000
255.000000	21.307071	-9.285217	55.643154	54.325361	-4.416578	138.061195	27.945633	34.939913	172.174504	27.841573	158.874397	185.297477	29.932699	689.796081	251.772203	-58.177890	0.904638	0.865695	0.829752	0.801617	0.911415	0.871486	0.944442	505.724678	239515.201160	36.604300	1075.329611	1074.416272	88.529531	1783135363.439000	0.000000
0.000000	19.556495	-5.503317	60.165004	27.263677	17.705344	116.474180	-73.813796	236.809202	195.948507	-42.396110	503.888294	-7.749119	354.854060	481.422426	-147.276832	762.355870	0.876118	0.841548	0.883167	0.916887	0.850848	0.872540	1.036249	498.952226	234269.731296	36.605655	939.160792	1092.559052	85.991370	1783135363.439051	0.000000
1.000000	18.227089	-6.857651	73.171264	2.246405	66.654029	97.218259	-31.108737	393.700927	-77.011508	308.896508	271.413784	55.619785	537.705345	16.606859	653.370930	287.428491	0.821650	0.906147	0.889323	0.937112	0.937994	0.802361	0.963240	528.549499	234541.433702	36.591994	977.873618	1095.268117	90.354845	1783135363.439259	0.000000
2.000000	16.692610	-0.969106	66.514758	-6.155283	91.853643	29.927492	62.573416	131.207455	-52.752314	202.003826	-73.854141	298.579289	94.291755	108.475652	284.097123	-36.689488	0.911790	0.997066	0.983350	0.816574	0.904493	0.806275	0.941893	510.452658	276130.263285	36.600468	968.371249	942.269184	85.797556	1783135363.454288	0.000000
3.000000	15.018342	2.529776	62.339303	-4.626692	117.561659	-10.231550	148.788931	15.519375	110.568725	119.913633	57.053417	230.450309	-61.470292	445.935726	8.144788	321.897468	0.806074	0.942320	0.868187	0.897015	0.904626	0.822546	1.093629	482.035609	253750.160345	36.592468	999.564131	1099.820945	98.003521	1783135363.454398	0.000000
4.000000	13.427278	7.825025	53.873946	-9.746128	101.443238	-13.295968	149.397543	-22.699420	158.010065	33.015458	180.831080	-48.510586	259.988987	108.949198	170.032121	184.238584	0.986166	0.919064	0.892722	0.885672	0.949915	0.971744	0.902431	459.107239	244511.227715	36.598986	936.855919	1063.322747	95.568682	1783135363.454440	0.000000
5.000000	11.860208	14.619482	40.303787	22.375020	82.122953	19.315514	122.130698	36.608491	172.792489	-19.099857	180.646347	-68.387146	345.256435	-106.846225	212.107460	-116.130207	0.861890	0.962504	0.940949	0.927309	0.907023	0.936713	0.914005	481.227372	234090.369986	36.601453	1087.170393	955.797340	99.560513	1783135363.454476	0.000000
6.000000	10.000000	21.334487	25.509067	48.586568	32.824527	85.389714	33.024223	117.911672	60.200779	131.346192	12.555798	157.797480	43.015577	320.810162	33.621837	205.864178	0.897374	0.948570	0.966399	0.947856	0.977434	0.867402	1.091551	526.987075	257772.369964	36.597957	1087.475263	914.508836	90.227344	1783135363.470785	0.000000
7.000000	8.233939	27.735475	10.758573	68.931744	0.418980	132.156562	-50.548793	218.407387	14.570888	203.985843	-23.215536	318.867821	66.429318	258.672930	47.780504	274.814235	0.820478	0.910569	0.969038	0.986117	0.955039	0.822870	1.026122	516.958746	251079.270056	36.607981	929.576078	1066.625196	86.592637	1783135363.470837	0.000000
8.000000	6.417859	36.167720	1.568401	97.190760	-29.019320	129.949921	10.190095	163.716389	43.992138	123.458812	131.629909	64.176221	280.886489	69.080810	417.522378	-169.219302	0.990501	0.916103	0.985818	0.902482	0.812805	0.981811	1.051596	503.887443	277287.577241	36.605656	918.646130	935.856171	85.785138	1783135363.470857	0.000000
9.000000	4.894556	38.920905	-8.528240	88.857275	-14.510731	108.419477	53.808774	50.802535	189.163351	-76.338809	205.175851	-100.762510	208.902187	23.744467	133.589686	259.268793	0.849640	0.939809	0.952906	0.836582	0.811403	0.870687	1.052861	506.328866	267147.156429	36.598403	939.538639	961.171627	94.516059	1783135363.470875	0.000000
10.000000	3.072426	43.910587	-14.156651	83.751974	16.401201	46.456326	138.508697	-18.006083	200.667601	-30.136731	131.307808	178.927224	-50.729888	337.467237	51.555951	398.227368	0.932571	0.907423	0.992885	0.978057	0.812605	0.956243	1.079410	511.551225	268814.023113	36.594905	948.496402	941.087394	97.684367	1783135363.485842	0.000000
11.000000	1.865744	49.368419	-11.190656	66.788886	65.294676	-9.052093	185.479316	-38.167814	125.106462	149.327923	-42.285939	282.664004	65.232955	135.991829	228.280866	59.836472	0.920658	0.844116	0.954637	0.895975	0.831873	0.942888	1.058876	496.028816	253338.437011	36.591012	1031.868626	964.872830	80.036642	1783135363.485917	0.000000
12.000000	0.694506	48.230767	0.230553	38.358712	107.916303	-23.942044	148.973747	94.792501	-47.535791	223.904521	68.623797	84.871284	355.340839	-172.592729	302.760461	172.290247	0.954873	0.968299	0.884447	0.969933	0.877301	0.862449	0.995173	478.143156	260893.263061	36.599667	967.226272	989.951340	84.933389	1783135363.485942	0.000000
13.000000	-1.264155	46.605983	14.906104	7.068930	134.020437	15.253369	55.299265	161.312447	5.103054	117.298565	171.227771	40.736399	189.689938	172.920966	-185.691207	305.580913	0.825260	0.820993	0.816121	0.991762	0.865845	0.976325	1.087504	544.313404	268836.675322	36.596552	1017.217542	1090.403868	90.419272	1783135363.502393	0.000000
14.000000	-1.694752	43.020007	29.040604	-11.171630	103.771325	59.870937	-2.618734	172.466029	94.201612	-15.254497	254.746509	123.567803	-4.251166	345.961058	168.405491	-136.575080	0.998439	0.944099	0.871850	0.868931	0.851081	0.901609	0.947901	495.244247	259335.001632	36.604420	960.861895	1060.465112	93.388043	1783135363.502448	0.000000
15.000000	-2.873565	39.989482	44.034879	-10.840624	77.537451	116.308193	-7.206306	82.816696	204.593610	-30.707273	67.769161	344.571340	54.792539	-91.019842	890.258999	300.750520	0.888836	0.852712	0.971622	0.910460	0.916210	0.990589	1.066783	496.735309	228637.488764	36.604487	1018.661912	923.084570	91.742614	1783135363.502466	0.000000
16.000000	-3.326827	35.689302	58.648799	-0.761175	38.136686	132.454065	39.004660	-26.785560	222.825319	142.065872	-44.324283	136.740257	407.760156	44.303264	-63.789890	771.330133	0.929107	0.940295	0.933666	0.855228	0.858359	0.989406	1.006822	499.135769	267778.236684	36.598083	933.294257	958.412467	98.109913	1783135363.502481	0.000000
17.000000	-3.601513	28.904084	70.195921	8.504595	-12.294794	143.603077	128.522669	-11.815033	52.594392	263.900730	109.587562	-17.908732	195.603236	544.110487	92.462800	-112.107986	0.925049	0.968521	0.813081	0.950726	0.936463	0.910931	0.914720	468.093439	241698.827474	36.597699	1076.798011	1012.325023	95.744856	1783135363.502496	0.000000
18.000000	-3.766204	22.049194	73.432283	35.019530	-12.142903	70.334287	134.053701	63.793707	-87.287905	123.211197	283.180013	88.334152	-139.802621	377.979333	492.937947	147.693373	0.947830	0.842238	0.971854	0.987868	0.917978	0.879015	1.016584	485.973365	246328.635226	36.592539	1079.118068	1075.550054	90.845963	1783135363.520266	0.000000
19.000000	-4.360931	14.938099	76.759565	61.288343	-25.892889	18.540912	125.222524	173.563717	10.752006	-19.340914	148.905290	566.794019	193.725635	-123.606114	131.851310	219.435190	0.908895	0.843802	0.854071	0.902096	0.911576	0.919388	1.036226	478.588849	265669.575566	36.604965	993.995450	1029.879766	92.265783	1783135363.520331	0.000000
20.000000	-4.140459	9.049068	61.975441	87.998911	19.203830	-12.247730	64.918183	221.746162	129.998428	24.898755	-36.429292	376.435340	535.734072	172.189991	-115.102726	18.555558	0.951194	0.970503	0.887953	0.870114	0.966216	0.968466	1.033864	477.553510	260569.387918	36.600362	900.450017	1056.159951	86.987972	1783135363.520360	0.000000
21.000000	-3.384837	2.437675	49.365509	85.593978	62.657154	-31.633054	-21.511445	100.330257	228.137158	145.681106	30.693122	-170.079967	133.001711	385.503837	286.306371	89.651774	0.876937	0.891874	0.840737	0.963697	0.952726	0.860862	1.028879	506.205453	232130.981582	36.597567	959.512779	1064.765734	98.483650	1783135363.520386	0.000000
22.000000	-2.761416	-2.205892	36.312238	89.465410	109.842829	43.021840	-20.275792	-12.445290	122.349189	271.402087	456.091993	59.476869	-108.570463	30.464945	314.454252	522.596947	0.979393	0.898399	0.909646	0.925850	0.810808	0.835845	0.918749	493.690936	275271.431971	36.594111	907.661076	985.692395	96.462519	1783135363.533417	0.000000
23.000000	-1.893216	-3.935041	19.593183	74.706922	131.914675	102.119405	38.514431	-10.603268	11.533326	118.718958	458.539125	298.157085	137.505148	87.659259	-122.731342	123.738962	0.954326	0.821037	0.821942	0.874496	0.979673	0.984125	1.045459	544.762254	235185.079569	36.597021	1001.492535	920.231310	96.947903	1783135363.533522	0.000000
24.000000	-1.014863	-7.894835	8.525292	53.928222	117.298206	155.824390	107.522384	27.591438	16.857323	-80.587835	71.274808	245.630390	328.240989	383.677869	159.463826	-63.781638	0.951708	0.947444	0.847848	0.940213	0.902148	0.838034	0.911384	487.041333	265940.508581	36.603113	995.355981	1077.986137	80.680901	1783135363.533553	0.000000
25.000000	-0.020451	-9.554979	-2.445429	25.630426	79.606584	152.894236	148.657772	140.922930	73.345055	-27.613880	-106.807634	-14.606101	106.871770	253.522485	381.094865	535.972358	0.941403	0.826187	0.823747	0.903150	0.845057	0.930453	0.920992	461.844060	262029.775770	36.605980	1008.693125	1096.024387	98.213502	1783135363.549207	0.000000
26.000000	2.101112	-4.244124	-17.448761	-6.949428	33.050859	100.349651	137.855051	233.988463	394.015186	317.675580	98.422155	64.272200	-88.415946	-126.459642	-33.976198	127.583404	0.887649	0.961575	0.805468	0.972155	0.934182	0.869160	1.003187	535.272732	241868.973230	36.600811	1018.528123	939.365784	85.879858	1783135363.549291	0.000000
27.000000	3.162406	-1.676416	-11.459361	-7.777871	-7.860592	24.328859	77.978041	140.184921	372.470506	228.960563	289.185769	182.644905	214.494964	116.874331	77.328771	-169.918063	0.873030	0.996120	0.973541	0.849055	0.857783	0.883889	1.047910	487.272527	245538.251348	36.602617	989.695216	937.831946	98.242506	1783135363.549318	0.000000
28.000000	4.579206	0.801035	-3.875105	-7.745387	-6.118584	-33.120433	7.684992	15.644730	129.509173	114.180350	172.212458	195.460304	205.372294	406.068271	464.112832	479.182769	0.987478	0.837168	0.833589	0.971440	0.945435	0.912685	0.979927	452.961103	241890.606834	36.607059	968.051972	1063.919310	85.168154	1783135363.549341	0.000000
29.000000	6.358627	7.423103	2.084574	-6.044076	-8.473264	0.155009	-42.573191	-20.446085	-19.196339	-3.437623	40.742492	72.417974	30.496742	110.343501	145.563110	349.069970	0.857963	0.949204	0.907151	0.989795	0.828331	0.985807	0.994754	511.082756	255946.250000	36.594706	1010.859253	1042.459697	84.008127	1783135363.563532	0.000000
30.000000	8.169323	14.345801	19.319042	19.678558	18.365971	12.207781	8.267266	9.700515	29.520006	39.173985	-16.660558	-49.400698	44.423925	60.189689	-16.744103	47.850886	0.840693	0.894688	0.920286	0.872699	0.976032	0.907215	0.902618	463.790110	273053.233754	36.609625	969.073161	941.755414	99.970531	1783135363.563587	0.000000
31.000000	10.000000	21.549484	34.201166	46.984512	67.331795	75.370222	107.857390	250.123699	141.369198	179.335559	205.174707	249.852848	219.280390	321.640714	558.611834	726.349260	0.910179	0.871251	0.850135	0.909796	0.892860	0.934539	0.924518	462.373876	238944.338673	36.593499	941.951820	969.388083	92.980961	1783135363.563617	0.000000
32.000000	11.832187	27.654552	46.698200	76.786713	108.621441	126.778304	137.458049	414.159846	261.485830	220.204489	208.707511	328.194330	356.377525	258.424917	557.092782	293.164495	0.998965	0.841131	0.832560	0.890550	0.914587	0.976662	0.900217	476.627094	240761.637446	36.605779	990.466404	940.154992	98.375092	1783135363.563643	0.000000
33.000000	13.501099	33.602102	64.572902	88.384236	117.256446	148.542984	159.849404	135.162430	124.834724	125.501567	84.115882	29.029370	48.405828	9.610219	-229.818107	-70.929215	0.927761	0.845940	0.967996	0.943194	0.838013	0.899876	1.031267	513.704354	259903.810921	36.590102	1015.488392	1005.469866	92.566816	1783135363.579354	0.000000
34.000000	15.113488	42.110838	67.044755	107.080794	113.400244	110.332269	183.444822	52.182372	28.757793	-24.046029	-75.396821	10.578022	42.827392	113.049951	173.678390	267.223602	0.922372	0.987069	0.820751	0.884172	0.846044	0.974066	0.920251	509.631497	240219.689690	36.607754	977.934319	1017.377149	93.992912	1783135363.579418	0.000000
35.000000	17.120921	44.775542	75.627082	84.399741	83.812587	51.108299	35.280094	-34.393798	-59.316299	11.765628	85.362503	146.765674	346.778098	562.982482	277.423692	280.275815	0.996485	0.922899	0.951701	0.867018	0.943428	0.911049	1.020330	543.950397	232503.203728	36.591980	924.781011	1098.654993	87.841280	1783135363.579450	0.000000
36.000000	18.726344	45.828549	64.006343	68.223691	35.319034	6.908819	-43.308453	16.657012	59.184011	162.024976	267.847972	309.825800	192.120738	132.769969	8.285508	-136.655604	0.804519	0.905096	0.818699	0.864860	0.834592	0.833375	1.030414	519.944935	233434.425567	36.590893	1066.123730	1093.750968	82.511433	1783135363.579481	0.000000
37.000000	19.404268	47.416870	58.998776	38.515761	4.897131	-23.644566	18.411446	94.328574	180.143933	182.323266	205.479178	101.460854	-90.941025	34.287414	20.136702	221.553887	0.870415	0.853733	0.905005	0.861622	0.959913	0.991497	1.025950	537.855783	266594.420466	36.606278	934.837809	1017.692921	84.504014	1783135363.595660	0.000000
38.000000	20.840345	47.824667	48.013739	8.311773	-20.044928	10.258062	91.573872	173.495046	168.307091	128.649942	41.262476	2.951141	23.248612	230.404880	298.624488	399.802066	0.900730	0.915962	0.849593	0.817769	0.858710	0.859515	0.927571	524.190361	247906.927517	36.593926	1058.709744	1010.434203	89.938682	1783135363.595714	0.000000
39.000000	22.443763	47.069222	31.168393	-3.598826	-13.131874	59.892755	174.212485	194.582289	87.792160	14.077015	34.146111	243.984947	597.207979	390.072353	128.809488	-10.058914	0.833967	0.928166	0.972963	0.996262	0.828070	0.913677	1.065374	517.438937	234854.957569	36.593210	993.993428	1047.791856	97.569304	1783135363.595740	0.000000
40.000000	23.210889	41.661740	13.679860	-27.257122	23.650768	119.899103	149.030263	84.238102	-48.972428	24.222652	156.992842	609.573436	162.191711	75.854823	-182.277371	159.136766	0.956327	0.892381	0.833405	0.914838	0.864254	0.919186	1.047704	499.777790	248794.043420	36.609518	1067.923219	963.291860	82.719944	1783135363.595763	0.000000
41.000000	23.190801	35.534504	-1.042757	-16.726106	61.934925	131.041356	94.736959	20.213675	14.576619	191.385651	192.597339	265.411175	22.814427	69.410311	388.645447	313.909470	0.811589	0.901781	0.843905	0.980255	0.996271	0.915254	0.981001	508.231958	235318.363987	36.597229	1097.601922	1033.657367	85.783893	1783135363.610688	0.000000
42.000000	24.012734	29.424385	-3.352490	13.760459	96.008351	110.544150	18.218727	-40.792009	123.063617	269.262081	110.317173	-26.347193	66.718805	260.100415	219.299915	42.719839	0.819358	0.838925	0.937034	0.829864	0.913971	0.807361	0.930231	462.566392	237328.996142	36.608120	1077.160603	968.157654	85.182658	1783135363.610740	0.000000
43.000000	23.468452	22.282140	-12.569404	34.286106	133.610655	68.893574	0.601819	64.596682	244.829090	128.656900	-62.665442	97.939999	228.643478	205.811254	-191.889439	121.599403	0.910344	0.903616	0.986529	0.989038	0.984081	0.846672	0.994591	497.367279	232035.405376	36.605962	1021.012654	999.315538	84.555030	1783135363.610770	0.000000
44.000000	24.061865	15.502098	-7.970173	62.524254	101.842130	23.946343	-10.056882	151.154560	194.956022	-30.623938	82.621671	358.694956	163.417279	65.380610	154.206018	780.089394	0.857149	0.940327	0.890840	0.829206	0.919437	0.830626	0.957152	472.648177	229400.395155	36.596113	972.480209	1082.348383	94.573716	1783135363.610795	0.000000
45.000000	23.552690	8.683795	-1.848047	79.944030	76.918934	-44.748442	75.709481	183.361105	5.123886	8.564274	539.817111	202.680054	50.671827	149.908935	309.772002	140.057431	0.902531	0.867344	0.878039	0.925428	0.936466	0.801957	1.053653	483.058986	252725.973209	36.600888	1068.793339	964.124588	94.005633	1783135363.626782	0.000000
46.000000	23.935982	2.900027	11.682014	86.438107	38.283623	-28.557192	153.118820	123.281618	-29.271073	178.298596	190.879937	47.370074	123.025661	285.485659	-75.626012	146.098547	0.904618	0.967861	0.983986	0.970943	0.966906	0.995841	0.920088	461.029648	239700.069369	36.603193	944.964846	942.339638	92.701807	1783135363.626825	0.000000
47.000000	23.206113	-2.348283	24.143462	96.948543	-8.823917	36.482523	188.582760	34.072537	32.479506	220.598285	68.117395	67.621794	402.233221	25.028121	55.435092	408.691084	0.802738	0.950542	0.836778	0.880893	0.917051	0.915712	1.076181	470.377270	236238.184561	36.594132	995.127064	1084.726058	80.656575	1783135363.626846	0.000000
48.000000	22.485633	-6.022426	40.835882	73.029725	-16.133079	100.349816	109.314634	-34.499879	191.133122	113.039176	-68.746604	344.860873	106.823935	42.907933	613.737714	59.766807	0.938348	0.974109	0.991788	0.948123	0.914999	0.956270	1.045335	506.123672	276174.212547	36.598360	915.006449	1008.641201	95.883827	1783135363.626866	0.000000
49.000000	21.196452	-10.625450	52.333626	53.204157	3.612001	144.491562	36.968640	22.770563	220.386013	-46.107793	153.396215	218.247096	-86.475586	252.439538	284.298937	7.419011	0.998131	0.926374	0.858165	0.861501	0.870139	0.953271	1.019352	498.949111	236738.120690	36.602110	902.323653	934.660425	90.943281	1783135363.641881	0.000000
50.000000	19.423178	-5.477080	61.708825	26.012201	14.536369	132.593407	4.656715	168.392747	98.662774	-25.989028	233.194376	-84.202741	173.681688	455.755807	3.164024	498.252797	0.968871	0.904369	0.977176	0.886707	0.902344	0.841293	0.953604	511.949523	231209.318143	36.591820	1049.336092	1069.952364	80.327169	1783135363.641925	0.000000
51.000000	18.678167	-5.064478	76.550729	5.835086	61.151060	88.410303	-19.454470	182.489433	-65.521258	294.254068	139.781278	-38.443532	366.184855	-28.828391	209.890235	125.191552	0.964184	0.982865	0.939932	0.907950	0.843338	0.966541	0.977281	531.806727	234474.939001	36.601605	1029.539369	1000.111891	96.749323	1783135363.641946	0.000000
52.000000	16.505269	-3.817105	70.478432	-11.772589	99.983158	22.993999	61.950836	156.591783	-47.887593	287.314838	-18.702391	170.996973	75.152138	247.962387	240.672265	25.948239	0.904825	0.874016	0.991321	0.992166	0.816918	0.824112	0.953411	546.306570	233811.773794	36.598216	1009.913842	917.505195	99.921434	1783135363.657538	0.000000
53.000000	15.103643	0.511114	63.312181	-21.445010	118.561501	-8.573360	120.917290	48.626699	227.690838	113.524283	39.513976	261.385360	-126.653212	289.904249	-22.485496	407.975432	0.821507	0.824598	0.896205	0.856330	0.897560	0.808038	0.926142	541.986315	274139.723636	36.600744	1056.786810	945.186215	97.361969	1783135363.657604	0.000000
54.000000	13.651398	7.474639	57.350841	-7.091991	99.098686	-15.683100	156.221630	5.770849	474.997075	-12.994455	266.240317	61.216042	201.647058	78.731663	165.798739	186.444089	0.893662	0.936981	0.979548	0.977975	0.876586	0.837756	1.074313	489.476596	250633.714609	36.601503	1062.372617	1025.045106	85.948198	1783135363.657634	0.000000
55.000000	11.749173	14.349836	40.521815	21.353298	76.540153	6.932973	119.035662	-4.457682	313.418653	32.290761	208.486956	54.029122	264.056151	47.050250	345.593725	41.139607	0.891966	0.961534	0.972199	0.913697	0.837372	0.847314	1.005690	512.104313	260497.725211	36.594997	912.189981	1080.709500	84.627501	1783135363.657660	0.000000
56.000000	10.000000	21.318037	26.128899	49.091282	35.221660	83.649143	36.219240	132.795374	37.898662	153.754598	25.610296	178.337923	52.749624	335.284932	55.902098	385.548725	0.801492	0.986109	0.903200	0.831699	0.845920	0.811737	1.071931	464.389159	241698.477105	36.594831	1076.113029	1053.328791	80.280757	1783135363.674648	0.000000
57.000000	8.295390	27.986247	7.798939	76.046346	10.144907	149.294671	-29.993295	204.136847	-62.127597	290.709190	-60.272489	306.320116	-87.067573	241.945053	-20.039985	260.342748	0.840254	0.942897	0.971073	0.908331	0.931002	0.926894	1.006067	521.786771	232842.398895	36.605204	1092.764406	1022.280738	91.529781	1783135363.674752	0.000000
58.000000	6.603119	34.036567	-3.976642	98.269985	-18.768819	144.043865	-25.927423	129.553842	7.636466	116.137456	127.913986	79.565850	444.171232	-6.327987	361.331678	-206.774267	0.902279	0.969862	0.987819	0.947327	0.895991	0.959328	1.016681	536.168226	246806.458628	36.609642	1097.376265	1053.143295	93.700261	1783135363.674802	0.000000
59.000000	4.978602	38.358324	-7.872454	94.951478	-18.339768	100.024905	47.308515	59.209898	158.194813	-68.265457	295.240545	0.887316	221.452403	110.045577	143.333225	579.964371	0.839848	0.952868	0.821478	0.898713	0.998225	0.976118	1.056985	468.311902	260685.472062	36.590844	1062.931641	906.676168	83.803569	1783135363.674842	0.000000
60.000000	3.025249	46.587711	-15.705366	89.879370	16.641658	48.452714	111.337459	12.929887	239.132108	-32.096248	164.961786	346.144426	75.284133	306.277910	55.901425	587.796630	0.851551	0.860928	0.909135	0.889977	0.886785	0.988502	1.084820	452.305259	234922.558682	36.605172	980.735921	981.938789	99.435736	1783135363.674882	0.000000
61.000000	1.280958	45.379279	-12.324088	70.685053	67.500877	-14.288761	137.801363	-43.391305	119.421087	134.989546	-93.050012	583.063757	1.482384	133.627182	255.922382	-47.563789	0.889504	0.862286	0.962361	0.805657	0.959074	0.943494	1.090354	488.891497	246985.817220	36.605346	1015.975006	1005.393310	80.947362	1783135363.689422	0.000000
62.000000	0.397838	49.381936	-2.350217	38.879435	101.589277	-4.938046	144.366623	181.518620	-45.121062	256.882915	61.941925	80.868273	255.631623	15.217295	197.890935	204.354538	0.807573	0.918411	0.964286	0.848479	0.858303	0.929312	1.092463	531.283168	229204.254329	36.592436	1098.056314	922.604684	94.207748	1783135363.689490	0.000000
63.000000	-0.473044	45.378952	13.627393	8.909329	103.439643	0.816437	50.076874	383.795318	-32.156319	122.608527	158.942963	-136.520264	223.560213	235.323033	10.965794	312.682048	0.957159	0.989904	0.862316	0.944425	0.968515	0.819474	0.907580	524.009739	262993.141097	36.601657	954.730715	1029.558660	96.110330	1783135363.689521	0.000000
64.000000	-1.882727	43.224044	29.010352	-4.408795	117.465889	59.884095	7.869424	138.967492	93.771047	-11.280128	258.702639	123.405567	68.543090	292.432841	318.544316	-196.579576	0.840853	0.892966	0.961065	0.822814	0.863701	0.899412	1.064144	452.036234	244243.638785	36.606957	1048.302450	1015.682702	81.885484	1783135363.705005	0.000000
65.000000	-3.139883	40.574562	45.246864	-14.611777	82.799578	117.579345	-9.163874	82.862074	247.623072	-31.487266	117.017030	233.637164	78.167229	-8.286745	682.892383	159.426504	0.889300	0.843486	0.997099	0.807934	0.818578	0.983727	0.930743	515.607769	237058.502268	36.595092	985.038445	916.997208	91.542689	1783135363.705070	0.000000
66.000000	-3.819738	36.785961	57.730406	-2.475691	34.545692	125.025159	30.893372	15.762615	143.822457	171.655638	-41.128924	140.186466	195.204424	1.371607	-0.317991	524.380039	0.829656	0.985898	0.808518	0.902573	0.979128	0.947189	1.024450	507.529595	264242.832514	36.609191	1009.623519	946.402955	85.699918	1783135363.705118	0.000000
67.000000	-4.293396	29.947004	64.442397	7.742387	-14.040253	129.835331	121.278582	15.538534	61.438946	275.505867	221.386932	38.643706	149.352677	583.810405	-6.083730	-50.560444	0.968150	0.831339	0.948281	0.944694	0.906580	0.954726	1.018457	504.153163	270735.389282	36.606495	1075.908042	1019.316285	89.056471	1783135363.705146	0.000000
68.000000	-3.876111	22.105307	74.561486	35.231331	-17.005079	71.103593	134.318622	63.253237	12.192525	127.046377	339.164101	75.319356	-143.581926	362.972895	274.570680	90.862149	0.816051	0.986291	0.856426	0.886382	0.963228	0.888525	0.918820	503.878033	238459.632542	36.590868	1045.968022	998.185475	92.384786	1783135363.719717	0.000000
69.000000	-3.602629	14.954428	72.172112	60.582753	-8.627014	3.476168	316.741517	185.224308	1.683822	-52.437866	163.575713	199.996800	113.681659	-138.744655	135.774912	278.825674	0.979276	0.957489	0.941381	0.860295	0.959114	0.993901	0.998046	495.717408	277909.162587	36.591862	1067.416425	1018.505348	83.263710	1783135363.719776	0.000000
70.000000	-4.462734	7.790478	67.494870	90.567166	22.080514	-26.846903	135.638408	187.902890	149.489509	-37.735777	-34.859783	206.759796	415.485598	179.638901	-108.125937	-43.973552	0.922062	0.826479	0.970081	0.947054	0.934994	0.940764	1.043697	498.350840	244219.193499	36.597056	1037.943440	1039.888207	86.954737	1783135363.719802	0.000000
71.000000	-3.937356	2.044982	50.670582	94.072656	61.528020	-26.255247	-21.187069	104.447356	202.273784	136.849748	19.323019	56.855001	132.665380	269.072886	268.973131	115.088041	0.831850	0.905087	0.923773	0.840051	0.953182	0.860083	0.940942	479.758329	250441.479416	36.590473	943.624971	987.894569	95.883179	1783135363.719958	0.000000
72.000000	-2.977684	-4.649842	36.948291	97.605021	102.321584	43.292724	-6.773950	24.588673	119.648721	182.282283	161.057472	2.338558	-105.479552	24.763191	264.235979	294.832371	0.921295	0.904648	0.879962	0.800855	0.847845	0.893521	1.011716	511.286367	253360.771190	36.599639	1066.286233	937.835341	95.456756	1783135363.735383	0.000000
73.000000	-2.531913	-4.810481	19.742391	84.233540	125.439962	92.616406	21.796024	12.804642	-12.909182	133.302891	306.410651	303.589920	153.369745	-50.321795	-93.250465	139.400799	0.948684	0.900909	0.932598	0.956519	0.905972	0.842116	0.941263	537.084978	259883.096381	36.604558	900.902659	1011.806265	93.596651	1783135363.735426	0.000000
74.000000	-1.195625	-5.341191	6.812370	51.626254	116.339482	138.576714	118.745937	34.575840	-59.917066	-18.767728	76.073360	194.120907	210.734004	304.615759	171.310052	132.218040	0.929076	0.845457	0.884051	0.850837	0.871697	0.887680	1.061115	519.842587	231076.427585	36.609558	964.258232	1085.013721	89.763413	1783135363.735448	0.000000
75.000000	-0.152107	-8.191295	-6.806540	24.305623	76.119948	119.418352	192.446638	145.450851	75.917511	20.116094	-49.890656	-79.487850	160.545398	235.181554	319.160290	838.641858	0.865017	0.970436	0.886930	0.809706	0.826152	0.916665	1.097123	541.998497	251856.091438	36.599624	954.817192	1051.025357	88.640874	1783135363.735468	0.000000
76.000000	1.847262	-5.903166	-9.670518	7.635125	33.506355	92.512451	138.251606	161.183501	221.790322	286.370974	86.749354	-15.596614	-170.656223	-66.794835	26.191446	293.508860	0.946094	0.913696	0.984820	0.985125	0.957717	0.919530	0.969078	462.109537	272490.296418	36.604336	940.537124	993.472577	95.324265	1783135363.750386	0.000000
77.000000	3.357997	-5.107033	-12.660142	-23.103897	8.525134	22.274954	76.536974	154.651390	155.354518	281.044955	222.921159	267.612199	372.470202	128.793231	51.357105	-5.846067	0.953942	0.861916	0.919097	0.899600	0.873834	0.871422	1.025238	530.497791	278090.849739	36.592738	908.030376	1019.290552	84.153282	1783135363.750441	0.000000
78.000000	4.823380	0.477641	-10.331314	-13.339361	-5.457913	1.863511	0.088799	22.529700	78.907183	114.696074	226.529949	217.984856	343.041758	393.910750	221.330193	283.980535	0.844855	0.800691	0.929929	0.892582	0.959984	0.956642	0.934971	453.389281	247899.526579	36.597842	1085.326018	1043.900607	88.362440	1783135363.750464	0.000000
79.000000	6.422391	7.958947	0.972799	-5.391345	-13.823061	-19.112819	-55.343587	-70.963417	-36.455079	-65.173526	29.707259	-14.571359	18.448107	114.069839	247.641904	195.660345	0.865951	0.808872	0.865319	0.971097	0.819373	0.961206	0.961917	460.107703	265821.962171	36.597679	958.221147	914.112060	92.464955	1783135363.750489	0.000000
80.000000	8.209066	14.238710	20.039900	23.330753	23.774632	15.338024	4.815865	20.486131	2.258983	-46.358330	38.147006	-32.320968	-20.973820	-84.557903	-150.385205	-182.225683	0.954803	0.947824	0.916094	0.964055	0.940475	0.853733	0.945551	523.200182	257934.242916	36.606252	981.010914	1056.191198	92.326246	1783135363.765186	0.000000
81.000000	10.000000	21.341998	33.611870	48.443863	61.554057	84.895654	100.215023	115.122524	246.481990	170.145357	145.112907	444.020957	232.804310	252.737943	600.581898	360.764113	0.845215	0.985703	0.887147	0.855486	0.885080	0.824088	1.013572	482.905066	238396.778096	36.590756	1011.409083	1034.957564	84.550129	1783135363.765236	0.000000
82.000000	11.728888	28.083855	48.535247	70.686358	96.190556	122.122560	131.482482	218.485480	393.701931	267.304496	236.859712	265.030073	281.537662	278.424196	259.077754	187.549707	0.811477	0.822211	0.906348	0.820007	0.981187	0.881903	0.945864	513.243895	253594.061952	36.603276	1031.078805	1046.610887	80.224657	1783135363.765256	0.000000
83.000000	13.555403	34.428330	60.745562	83.378375	111.102038	141.186772	171.995485	135.415675	141.929207	114.128565	87.854947	86.831979	-32.868599	-88.299622	-139.771887	111.476645	0.953109	0.873902	0.849512	0.924049	0.833124	0.840789	1.097949	535.019024	257340.951319	36.597087	991.686579	934.941848	96.374363	1783135363.780599	0.000000
84.000000	15.079485	40.262869	65.372662	106.136199	102.845664	100.123791	85.380027	52.462225	26.012822	19.149550	-66.740539	-39.209507	46.888779	116.549173	157.839849	284.621408	0.954925	0.927943	0.900330	0.905334	0.825451	0.805547	0.954201	458.653467	268322.362413	36.597892	1096.715499	1076.105606	94.827304	1783135363.780643	0.000000
85.000000	16.786227	46.752780	75.695847	85.567166	73.777023	50.366526	-3.659066	-40.802972	-51.432827	35.742208	79.883680	181.940927	273.700025	762.507069	217.958239	297.889876	0.995191	0.885462	0.843978	0.851713	0.966753	0.825517	0.937677	512.865876	239353.756109	36.591888	1021.661900	916.435165	91.771555	1783135363.780660	0.000000
86.000000	18.210114	46.763687	72.348259	61.995443	33.254104	-6.161602	-14.310035	12.491866	73.597862	170.649288	222.602944	292.091538	219.993295	267.828617	2.455525	-17.538495	0.938442	0.825019	0.902271	0.974516	0.982455	0.846446	0.922156	529.974466	268942.875785	36.596827	928.714803	919.491482	93.232193	1783135363.780677	0.000000
87.000000	19.732871	46.607690	62.784817	38.867357	-14.363894	-12.991848	-5.309104	89.436672	189.133460	296.737989	407.665620	92.400218	-22.922244	-141.386743	105.139776	227.674254	0.841677	0.969425	0.998618	0.939394	0.810151	0.891885	0.980785	501.252027	246892.575709	36.593430	1088.436022	1035.565654	82.390243	1783135363.796383	0.000000
88.000000	21.280293	45.763233	48.791549	12.491771	-29.021847	-2.702095	82.908402	197.241084	188.552912	115.825204	-5.847408	-42.349353	25.912899	203.418893	458.502713	361.900236	0.969942	0.810819	0.956629	0.957824	0.885572	0.854054	1.016337	542.623743	255260.470838	36.607539	945.709895	942.358110	87.058675	1783135363.796421	0.000000
89.000000	21.690000	44.640959	30.979745	-11.692140	-18.893350	59.889753	157.535292	215.662135	87.549837	13.787567	-29.173378	132.064358	229.857903	282.776007	127.681554	-107.233586	0.813380	0.971726	0.809627	0.892847	0.897003	0.930391	1.031996	486.384366	271406.997124	36.609173	1027.263356	1074.507079	88.188158	1783135363.796439	0.000000
90.000000	22.823393	41.378689	14.531149	-11.190662	17.183150	134.647486	145.075313	84.207909	13.389643	-23.665315	140.318328	235.470851	245.797975	-12.355995	7.271309	305.074068	0.848045	0.922050	0.853398	0.807929	0.857973	0.882930	0.925806	479.048583	247832.687438	36.605257	1070.953597	989.154589	82.636411	1783135363.796454	0.000000
91.000000	24.047843	34.105162	0.395987	-11.898037	65.856417	136.395042	95.122625	-27.517695	-6.451493	169.819881	255.037067	134.262340	49.226402	0.452027	324.389773	785.486840	0.885797	0.892682	0.887402	0.897102	0.867210	0.856350	0.994403	461.633905	237725.935662	36.607570	1045.534734	1082.679275	98.386177	1783135363.811339	0.000000
92.000000	23.729712	28.914746	-4.198396	9.427054	99.365325	111.466879	23.056498	-7.795772	135.736605	277.290138	110.209795	-47.091152	111.800613	357.348600	310.737663	-89.534770	0.807243	0.884833	0.851750	0.955473	0.867593	0.898091	0.968379	450.936981	238661.305206	36.609454	1059.920741	971.017579	90.745196	1783135363.811383	0.000000
93.000000	24.597122	21.939157	-12.082114	35.050676	126.955512	67.580555	-35.813468	123.646753	171.312185	116.464727	-86.153330	65.713226	242.808780	165.184796	1.781214	117.385870	0.892367	0.886866	0.858021	0.834829	0.916692	0.893106	0.948142	503.849137	260979.985236	36.601463	1070.544427	1046.101386	93.945432	1783135363.811403	0.000000
94.000000	23.498080	15.325620	-11.388189	57.979990	104.517657	5.301688	-24.514661	365.634913	173.128460	1.886091	46.164525	329.530798	316.673752	2.454280	175.682576	443.430753	0.925312	0.917599	0.866799	0.901239	0.819253	0.810306	1.044778	494.165840	247161.658107	36.606938	1075.185196	997.884924	88.299233	1783135363.811420	0.000000
95.000000	24.416532	9.103439	-1.752180	76.260833	72.095367	-12.641064	73.888623	220.177899	52.081564	20.497957	292.898716	176.745102	-12.489076	160.053781	636.389175	7.015382	0.994800	0.940649	0.954756	0.926392	0.800673	0.935523	1.038624	521.671939	252366.791129	36.609898	996.196602	1075.911052	85.517099	1783135363.826517	0.000000
96.000000	23.115760	3.088297	10.252313	92.986606	35.759906	3.013437	134.962034	101.183308	-16.650094	172.269401	170.721715	-104.221390	251.919855	344.283145	-3.644186	137.812448	0.977851	0.813159	0.942800	0.828259	0.944649	0.827856	0.963490	466.832038	255995.215156	36.596975	1001.739734	1091.491995	83.943515	1783135363.826554	0.000000
97.000000	22.928594	-2.710982	23.110691	85.825076	6.144064	37.816685	148.067141	-20.993176	53.852890	181.909079	-25.228779	24.456125	293.029485	20.169362	129.116019	388.043773	0.839580	0.858456	0.872812	0.919822	0.801083	0.885315	1.037842	494.228247	242846.218009	36.609768	919.876897	1042.877869	98.433134	1783135363.826574	0.000000
98.000000	21.387115	-7.320626	40.521172	85.178529	-37.317503	91.013416	105.990112	-61.942321	181.312464	137.618571	2.148789	314.985055	108.987185	43.270053	345.761419	76.558354	0.980548	0.989856	0.952743	0.989355	0.846134	0.903223	0.987150	517.006982	252795.551582	36.597948	1092.912565	933.497286	99.983597	1783135363.826589	0.000000
99.000000	20.654103	-8.673820	56.653343	52.299638	-21.251666	140.822875	33.521304	44.771918	216.026990	-2.945825	143.788786	442.551294	-16.334015	383.826587	132.544878	-84.884556	0.923387	0.922540	0.808838	0.901635	0.998924	0.866795	1.057947	546.015256	235082.325064	36.598436	1065.965252	988.359853	95.422127	1783135363.842394	0.000000
100.000000	19.797811	-9.083812	69.783558	23.593633	19.066855	142.421108	-46.139232	141.473544	97.232343	26.173262	268.302888	-64.756632	181.421056	237.460140	-17.201607	487.296783	0.834656	0.879652	0.821825	0.975956	0.882804	0.851943	0.982240	475.342182	267552.107950	36.600026	963.575701	995.776501	90.197654	1783135363.842435	0.000000
101.000000	17.924051	-7.198115	72.664226	5.019141	64.453509	93.674121	-2.179675	177.006200	-24.262482	348.067772	124.163462	65.570031	303.188758	-206.227701	317.137424	149.555286	0.984279	0.847859	0.807798	0.867265	0.926621	0.925623	0.960669	529.631855	235162.358206	36.599072	1089.616505	988.207037	91.339899	1783135363.842452	0.000000
102.000000	16.747696	-4.179877	77.067907	-19.457529	93.186092	28.999295	60.849539	142.562012	-54.429197	299.208054	-60.821995	181.789987	83.109558	254.888548	261.367592	80.042198	0.982763	0.965107	0.853130	0.819139	0.973107	0.880824	0.956479	460.816519	278118.288530	36.605204	1026.015509	905.463763	95.139456	1783135363.842467	0.000000
103.000000	15.160328	0.885919	67.905381	-5.735790	114.231483	-13.271544	125.174020	46.877746	113.799019	132.457058	-0.589779	258.524618	19.039789	834.224099	-12.875229	365.187808	0.883588	0.898715	0.817855	0.995197	0.968522	0.805180	0.988717	535.405088	275845.874806	36.599827	967.174410	1049.106095	97.870057	1783135363.857466	0.000000
104.000000	13.380961	7.184834	57.647291	-1.080747	117.753231	-34.015182	343.674238	-41.618594	214.711226	-53.494145	175.266413	21.672473	231.716015	89.132162	154.491284	385.631208	0.981624	0.819942	0.932970	0.945965	0.946209	0.865545	0.926684	466.119937	277437.154098	36.596997	1060.203042	925.841763	94.995720	1783135363.857516	0.000000
105.000000	11.745013	14.254390	42.596848	21.198445	75.644561	16.437723	265.502760	13.846911	169.135817	34.187553	261.099946	-15.912073	264.471770	-19.546003	299.828405	-159.830150	0.894471	0.917626	0.949153	0.962871	0.876657	0.861435	1.009385	459.711830	237128.918984	36.595100	1084.855333	992.704971	95.690323	1783135363.857538	0.000000
106.000000	10.000000	21.395905	25.648635	47.978448	33.740210	75.124399	90.779839	123.387231	50.059764	178.983343	55.848293	220.433881	-9.736662	272.039581	95.992619	685.404595	0.951511	0.806738	0.948877	0.885097	0.969851	0.800618	0.930044	480.511885	267349.519938	36.606537	905.135782	979.537516	93.075247	1783135363.872808	0.000000
107.000000	8.258104	27.613761	7.660363	74.784578	-0.597015	111.355158	-51.115287	163.271060	-21.716354	287.296805	-42.341314	301.917886	40.287194	207.816495	-16.779667	304.197332	0.898273	0.993800	0.945886	0.971682	0.823783	0.845337	0.952541	469.108628	235988.899937	36.594892	988.137737	1029.703550	85.921633	1783135363.872856	0.000000
108.000000	6.579499	34.262405	-1.218601	91.191533	-6.989630	138.865727	-36.194890	148.436776	36.477643	135.095533	127.251420	54.263114	198.674024	-50.691644	398.177189	-76.320898	0.978898	0.989234	0.878456	0.972399	0.899761	0.980105	0.990528	487.928450	277936.904719	36.593684	934.855451	1080.890321	93.419467	1783135363.872877	0.000000
109.000000	4.619983	39.134542	-7.513700	101.095247	-9.585408	107.876706	52.177031	45.365876	382.369902	21.378007	506.276266	-54.322600	216.085662	87.347171	134.001823	322.184506	0.819706	0.965122	0.844093	0.918584	0.879312	0.810428	0.900709	515.019380	267845.204362	36.604902	1012.179683	989.136983	83.821216	1783135363.872894	0.000000
110.000000	2.928334	45.292226	-12.904896	96.240233	20.327406	51.398837	131.982110	-53.711476	213.273737	-29.994591	327.609054	197.692832	-8.266254	466.718746	28.133388	358.486216	0.983672	0.943441	0.835853	0.932859	0.899719	0.980870	1.048699	469.756320	252094.531892	36.604182	997.897047	947.653851	92.265036	1783135363.889083	0.000000
111.000000	1.427985	48.423107	-12.095901	69.473122	62.061887	7.068371	182.260572	-43.037680	121.426760	185.483409	-123.266486	331.965131	57.266983	138.167473	455.287987	105.230512	0.859003	0.921327	0.949534	0.963920	0.920959	0.949601	1.096525	517.757559	278353.708110	36.607583	998.843916	1059.403802	99.197404	1783135363.889146	0.000000
112.000000	0.310911	48.400287	-2.818247	38.744954	97.083909	-21.543653	154.007655	91.146392	-52.178713	216.118268	47.663407	74.069214	263.571333	-182.734012	578.554564	200.202963	0.879995	0.990935	0.994634	0.886336	0.803176	0.886056	1.048459	518.703621	259319.377987	36.602115	919.885959	980.281730	81.832334	1783135363.889177	0.000000
113.000000	-0.574292	47.482766	15.174356	13.976365	118.963365	8.625535	47.104422	209.731559	18.758256	117.476314	190.009562	-106.469717	443.941869	201.020575	-152.513459	371.924944	0.998483	0.954767	0.986871	0.880103	0.945973	0.845872	0.936177	538.758263	252499.025416	36.608068	981.298772	1032.182921	86.096509	1783135363.889206	0.000000
114.000000	-1.899337	47.105737	28.945710	-7.928144	104.014012	59.889355	-2.634778	168.465136	92.271342	-2.658510	203.034993	126.918331	-132.544397	272.014274	165.505842	-205.431829	0.875698	0.856021	0.874456	0.963291	0.928616	0.918561	1.068233	475.917817	251645.122563	36.601567	1072.429062	944.822930	83.677551	1783135363.903623	0.000000
115.000000	-2.533246	42.144705	44.884353	-9.574169	79.596241	122.320360	-39.020695	82.706861	237.668568	0.135829	67.202141	281.800791	91.960380	-61.254074	454.829336	159.064272	0.939838	0.987160	0.991009	0.909896	0.823078	0.908862	1.018427	530.610397	257916.790303	36.596966	1002.805634	1092.041129	93.090282	1783135363.903682	0.000000
116.000000	-2.954634	34.221391	57.849998	-16.256477	38.447756	155.085193	39.339869	-34.892008	153.269655	137.305410	-73.730944	131.619882	407.619932	46.534670	100.890292	453.648184	0.924425	0.914825	0.806973	0.865591	0.951541	0.849496	0.953240	456.813320	273183.771130	36.602625	1099.413027	948.149733	95.324851	1783135363.903944	0.000000
117.000000	-3.337413	28.895931	69.400280	5.289532	7.931634	127.454953	127.110764	4.711834	44.538455	199.041253	109.452678	11.540148	180.446270	277.243539	3.091778	-58.186320	0.809031	0.924613	0.993889	0.929995	0.852655	0.943765	0.926117	450.639904	278210.942849	36.601620	1052.122773	1086.389062	99.549106	1783135363.903980	0.000000
118.000000	-3.556111	22.149358	69.068047	34.703110	-20.131610	72.876894	171.963472	63.180732	6.776748	124.391425	335.823005	71.767449	-26.212045	354.889646	386.380319	61.449187	0.950877	0.807990	0.965065	0.875293	0.873982	0.931108	0.966484	533.503680	233401.877631	36.606815	1087.751905	980.746913	99.301327	1783135363.918894	0.000000
119.000000	-4.775266	15.112770	67.354314	58.393322	-9.104487	7.941348	132.730681	193.487396	34.371392	28.596787	165.099129	657.189688	102.354096	-177.982669	139.577311	610.503951	0.985627	0.996566	0.837540	0.868456	0.841931	0.978029	1.068106	469.352098	252683.854880	36.598547	1066.979521	914.223957	92.238669	1783135363.918939	0.000000
120.000000	-4.211891	9.284010	60.703656	91.839317	25.353076	-26.484930	63.513656	217.410809	168.764246	32.096164	47.672367	370.693813	313.245571	353.832225	-1.210033	-35.543910	0.884560	0.854540	0.859975	0.971782	0.987451	0.847703	0.997145	545.444919	275440.156528	36.597932	1077.006576	914.162767	82.977508	1783135363.918972	0.000000
121.000000	-3.083676	1.064199	54.132265	106.302426	61.455968	-22.951339	-22.004443	107.972666	214.884540	134.571160	30.902887	13.202342	133.151995	227.825874	221.816479	55.312377	0.818685	0.909582	0.956881	0.893224	0.931937	0.931351	1.062784	477.409658	250823.105121	36.602416	1022.319059	938.970004	96.682270	1783135363.919001	0.000000
122.000000	-2.575054	-0.668140	36.141161	99.170125	89.658999	39.322520	-43.998626	-3.274274	126.432303	177.475252	159.826251	50.838090	15.333144	4.984645	239.877814	388.907725	0.929018	0.808880	0.969567	0.873128	0.959898	0.820636	0.964096	513.563261	272991.571710	36.596001	990.450342	953.478628	93.882771	1783135363.933655	0.000000
123.000000	-1.741188	-4.382968	21.721016	81.801389	128.562859	92.925474	27.492515	-87.395154	27.636403	132.965696	179.926203	204.964796	137.677870	50.643555	17.265950	133.342768	0.955374	0.889729	0.987363	0.959313	0.916009	0.923605	1.015123	530.107260	261060.719529	36.600524	1078.778376	904.705849	95.857633	1783135363.933692	0.000000
124.000000	-1.425317	-10.641787	8.900404	52.190121	103.885945	120.426209	97.273283	89.328261	-50.134472	-98.924935	69.126768	199.502876	273.553533	278.917404	165.028781	116.587555	0.975986	0.815032	0.874237	0.979562	0.833302	0.860430	0.938731	489.156969	238697.015583	36.594361	962.314777	906.476643	84.558317	1783135363.933711	0.000000
125.000000	0.489940	-7.264112	-3.652244	22.690307	78.186943	123.544686	150.055755	325.343416	78.895660	-32.076833	-100.020469	52.352096	101.253355	256.416551	348.729435	461.116066	0.985255	0.873213	0.921248	0.950146	0.884216	0.981481	0.908084	508.373857	267966.257528	36.592475	1069.649187	989.229889	93.785134	1783135363.949511	0.000000
126.000000	1.586086	-7.535082	-14.914776	4.529391	34.115617	82.840815	159.771470	229.713237	152.072900	322.136383	88.282288	73.895668	-77.116087	-73.051038	-66.439697	145.398694	0.804239	0.857055	0.957677	0.947121	0.877418	0.978116	0.936250	510.046170	244605.181756	36.590713	1024.087701	978.467068	80.917330	1783135363.949555	0.000000
127.000000	3.326428	-5.086976	-16.493566	-17.940942	-5.429872	35.467234	76.519121	136.972930	153.452061	246.962805	314.335096	193.851555	203.083006	126.471945	0.115900	-176.710031	0.881576	0.851839	0.900882	0.901776	0.950424	0.865208	0.995632	482.890156	278706.141973	36.593506	1010.021477	936.696835	93.361491	1783135363.949577	0.000000
128.000000	4.581115	2.331358	-4.155863	-11.783213	-24.052272	-23.970189	20.232795	41.370637	63.980203	132.093047	222.284481	182.252477	194.537897	410.015413	850.573235	439.091511	0.800241	0.964033	0.952436	0.807155	0.893289	0.844910	0.928366	542.168568	237217.515273	36.599307	1053.121966	967.396662	87.080307	1783135363.949619	0.000000
129.000000	6.512852	8.747781	3.667308	-9.994592	3.246472	-21.349778	-36.971461	11.920802	-12.086143	-40.789978	-42.626927	-41.909775	-5.522904	80.538985	283.402214	189.419813	0.800983	0.904764	0.894837	0.877573	0.988949	0.936422	0.942603	487.637942	266343.801712	36.592080	921.325231	935.190056	85.084107	1783135363.964397	0.000000
130.000000	8.209812	13.835479	18.748345	18.674656	27.019765	14.020350	24.574239	-4.595048	-26.446664	-47.178030	-24.907262	-65.922537	12.382560	-156.145731	-43.767100	-215.037837	0.849569	0.899257	0.980401	0.851129	0.990697	0.929556	0.905138	507.705739	276100.811640	36.604074	1081.152958	1002.318962	86.182991	1783135363.964442	0.000000
131.000000	10.000000	21.301178	34.059250	49.806513	61.001511	85.116391	90.244632	116.625086	142.308222	167.183786	380.489550	185.909294	296.113612	207.476361	229.268266	254.690270	0.803647	0.892017	0.914449	0.932590	0.849384	0.884617	1.072398	536.086750	230122.573000	36.604702	980.501206	929.095154	90.271968	1783135363.964463	0.000000
132.000000	11.850376	28.273627	50.541549	75.125018	102.676450	139.645590	166.879103	199.789259	236.095435	301.407579	485.637152	223.788247	412.571276	340.105666	260.363951	235.758518	0.897595	0.811250	0.904449	0.994943	0.821522	0.817959	0.915054	497.843006	256807.153157	36.590328	1065.756227	1089.319030	99.024366	1783135363.964482	0.000000
133.000000	13.370497	34.729809	64.151403	83.466717	116.350934	159.536351	185.752218	165.389180	145.855430	129.027447	170.054609	75.739654	-21.544980	19.322196	-39.136735	-0.419411	0.849483	0.885458	0.971928	0.863792	0.885098	0.988007	1.052366	487.374959	269401.571863	36.593674	913.936722	1087.939120	91.977646	1783135363.979569	0.000000
134.000000	15.413315	38.669861	72.028802	86.957676	114.885576	101.548175	83.119567	58.233126	18.036433	-35.058204	-29.781099	-48.346027	-57.868414	62.921688	158.505210	422.854607	0.983181	0.974504	0.889877	0.936606	0.813459	0.995648	0.930084	488.008618	277725.048795	36.601020	1072.775113	1002.284812	96.025664	1783135363.979611	0.000000
135.000000	16.950261	46.422634	71.227270	83.248184	77.340767	50.868433	23.894119	-59.640490	-27.287607	2.702623	54.311665	181.444962	259.558361	669.548426	379.349500	473.917092	0.999677	0.864363	0.870772	0.898954	0.836912	0.992040	0.938404	490.626554	255803.738173	36.594188	1004.017312	903.878293	91.099156	1783135363.979628	0.000000
136.000000	18.286582	46.447149	70.580637	70.314242	36.121169	-18.199393	4.081994	-18.767499	142.510270	165.826464	321.273188	249.339558	290.994104	283.736396	77.650839	-231.402277	0.965913	0.831063	0.971156	0.879609	0.816641	0.850233	0.977221	524.385366	236864.486747	36.591095	947.786695	1075.184668	99.447659	1783135363.979645	0.000000
137.000000	19.437305	50.227033	61.435262	38.590064	1.320855	-37.770728	-6.257237	89.235305	156.637417	235.410915	209.956318	105.862960	25.893422	-1.834338	89.263593	255.119443	0.873629	0.962646	0.852825	0.989465	0.870787	0.933895	1.021910	457.248031	273747.122709	36.599773	1013.241815	949.268039	98.554589	1783135363.995259	0.000000
138.000000	20.875514	45.516012	48.051632	14.229354	-27.219512	5.544271	91.410264	200.950644	217.804332	119.992002	-2.995644	18.686522	78.562602	257.293255	226.103107	303.463916	0.865175	0.922705	0.955932	0.834490	0.963845	0.988399	1.052302	476.309847	248118.763261	36.600125	1073.408422	969.237629	93.183698	1783135363.995522	0.000000
139.000000	21.461904	45.249938	31.057198	-6.577547	-25.286266	59.904298	277.204424	203.326502	86.584226	6.329879	-0.435217	262.694018	224.045231	293.424075	139.029310	116.315335	0.846705	0.973804	0.888361	0.906063	0.909890	0.988450	0.919221	482.683948	275984.996387	36.594279	1057.990320	988.747534	90.853729	1783135363.995545	0.000000
140.000000	22.812244	42.887124	13.227343	-21.228019	17.873998	103.771629	326.854403	83.157728	23.879094	-39.848271	152.996996	628.170662	165.398178	-29.604563	-41.512089	159.797261	0.836750	0.874143	0.877700	0.863995	0.908177	0.968170	0.910094	461.505102	276271.987098	36.609633	1039.885768	1027.146877	98.779527	1783135363.995565	0.000000
141.000000	23.152104	34.339725	1.724094	-18.849741	62.955301	154.193176	210.532463	-27.512374	-7.214709	139.749408	189.428910	272.252574	66.968609	-0.683953	242.561422	218.909328	0.971044	0.838433	0.822593	0.856319	0.963130	0.939371	0.905984	496.917422	259001.457018	36.595590	998.528394	1079.751594	92.443243	1783135364.012743	0.000000
142.000000	23.510693	29.898867	-11.579263	4.448117	89.851214	109.403298	13.699303	-38.376657	119.942452	209.174860	110.344515	-44.968105	61.793543	432.111033	291.226407	-3.910941	0.826429	0.979999	0.964362	0.962403	0.930078	0.811591	0.961010	495.385868	264387.039509	36.590623	1046.065793	1056.627108	87.637372	1783135364.012787	0.000000
143.000000	23.545648	21.956495	-17.089882	34.272352	112.004758	72.094353	-51.805508	69.116308	176.493875	127.609069	-11.431256	85.150921	269.516662	206.597103	-230.889828	144.631461	0.947900	0.964453	0.933272	0.898155	0.901320	0.961310	0.954049	543.354984	270373.365606	36.593932	926.582034	1085.055215	84.362919	1783135364.012805	0.000000
144.000000	24.807347	14.910798	-11.912427	61.908137	113.045164	-2.157329	-18.451118	151.241124	192.582135	13.640605	75.778557	235.404220	166.898085	79.922130	345.925476	277.540910	0.837857	0.870680	0.811514	0.957029	0.868750	0.816160	1.048178	537.658504	276119.751101	36.607408	972.067370	921.631867	87.121416	1783135364.012825	0.000000
145.000000	24.102605	9.155198	-8.372130	92.759207	78.651454	0.271484	73.697857	166.094074	26.046345	-36.323426	278.171029	166.084851	57.998772	162.956237	677.051205	-71.633352	0.894151	0.852653	0.889602	0.913325	0.820834	0.970480	0.939980	544.020694	243824.751123	36.598509	1007.986746	1073.961696	98.905369	1783135364.026037	0.000000
146.000000	23.098238	3.084708	8.423644	105.318698	37.368327	-31.581697	125.294561	103.215327	-19.682306	148.488324	257.050102	16.009424	127.958422	387.082710	64.260155	-9.873907	0.883538	0.874928	0.920228	0.897766	0.871917	0.964974	0.934552	507.955670	276992.027498	36.594889	907.889137	1045.524317	95.568859	1783135364.026089	0.000000
147.000000	23.056921	-3.443044	23.855916	94.488696	3.820251	37.370572	195.890133	-11.734466	46.719341	248.020583	19.763437	16.566901	338.203628	38.659559	-23.903975	431.652843	0.975932	0.898091	0.903203	0.812819	0.850370	0.909694	1.055506	471.638911	231196.454801	36.597536	966.767502	913.150574	96.981451	1783135364.026111	0.000000
148.000000	22.089889	-4.224064	38.311454	77.707872	-32.566637	89.946933	127.597797	-65.909255	208.803346	119.307590	-80.582982	311.626769	103.850261	-68.207368	392.059769	16.184562	0.813752	0.872019	0.888555	0.862365	0.953812	0.926560	1.041219	524.613045	235227.153856	36.599329	963.165258	993.302891	90.308119	1783135364.042818	0.000000
149.000000	20.893001	-7.128433	53.625874	53.601014	-4.228805	156.717433	16.962454	35.796408	184.496841	-85.767790	132.764270	161.010757	-84.376365	236.715077	135.531766	-47.386258	0.816555	0.841334	0.847409	0.873449	0.952096	0.974422	0.998608	506.624634	249466.170308	36.608561	1097.221137	1052.315165	94.986818	1783135364.042865	0.000000
150.000000	19.405952	-5.875860	67.258111	24.121046	13.563167	135.476616	-40.034218	130.458076	106.062897	-4.744574	332.109893	-58.274203	182.743498	289.011657	81.068394	625.967627	0.973299	0.867653	0.999050	0.818235	0.964056	0.897869	1.020126	457.562620	245575.219284	36.590965	963.766546	1079.345828	99.440304	1783135364.042910	0.000000
151.000000	18.342431	-4.143867	72.503881	-3.617556	62.711310	99.836815	-19.463702	152.279775	-31.443293	353.405642	134.100226	-5.793976	510.780104	-9.373041	335.849232	284.665253	0.956126	0.935606	0.900852	0.980067	0.958967	0.952797	1.051939	515.139784	274912.118351	36.596359	965.370522	1092.193926	85.986844	1783135364.043014	0.000000
152.000000	16.554951	-3.014811	67.789025	-24.383696	89.518695	32.196108	62.004548	129.226828	20.356187	264.652047	-21.180070	211.988759	137.308322	272.134929	193.562453	70.628536	0.864567	0.882407	0.809164	0.836860	0.863525	0.966721	1.067698	456.194431	253701.646926	36.609665	912.233280	1031.060325	80.139952	1783135364.043036	0.000000
153.000000	15.006558	1.764608	70.671776	-4.973405	115.173632	-18.316135	152.321189	25.908136	108.340529	136.129558	41.752764	204.691367	-94.227207	818.350459	-104.740034	241.690348	0.865692	0.823885	0.956897	0.924245	0.830077	0.901332	0.969155	520.270790	270367.090127	36.595587	1025.712014	1030.366712	92.991951	1783135364.058142	0.000000
154.000000	13.430788	6.996430	56.290579	-10.527235	126.250898	-19.378296	156.929265	-83.467269	170.417714	-31.693187	417.342643	2.195332	246.175116	180.658708	167.698929	199.278751	0.995880	0.868840	0.894355	0.897716	0.939534	0.900205	0.993625	470.886544	245824.930101	36.595882	1045.659007	1071.621849	92.836286	1783135364.058195	0.000000
155.000000	11.835047	13.853512	41.435361	23.122296	79.775771	24.496754	123.029037	37.933396	146.086921	16.826653	539.398576	47.422144	369.538048	-155.525102	419.888669	-118.980560	0.971572	0.899708	0.906443	0.860709	0.825139	0.931427	1.050472	531.245245	268215.039811	36.609445	981.230564	964.716478	98.622485	1783135364.058220	0.000000
156.000000	10.000000	21.379548	25.710824	50.016620	38.302890	74.702589	42.415397	209.281118	28.064604	189.220128	63.084317	201.358400	71.704775	324.290139	-34.521289	238.801039	0.954231	0.927008	0.890647	0.814041	0.958759	0.979040	0.964217	458.759059	268233.887293	36.590178	991.348427	1058.286828	86.430172	1783135364.073920	0.000000
157.000000	8.224261	29.185910	8.501772	79.651530	-13.153420	119.410778	-26.994685	176.210858	17.053816	298.236039	29.887063	195.141885	-42.050037	315.106166	-22.355771	207.758758	0.897017	0.879261	0.906239	0.964294	0.907591	0.910615	0.906945	548.164615	244862.787308	36.592864	989.089985	1084.681290	83.779332	1783135364.074013	0.000000
158.000000	6.483371	36.307836	-0.285933	86.588451	-37.571085	121.839683	-2.071822	183.382233	50.158261	127.821924	123.985139	24.251063	269.869509	-21.657582	207.831915	-109.706408	0.963876	0.899710	0.916341	0.893625	0.884134	0.949332	0.978752	512.464098	247271.860108	36.590909	939.442966	1088.490208	85.973141	1783135364.074050	0.000000
159.000000	4.899155	41.905433	-4.905546	103.431256	-20.059393	111.499745	51.499625	45.946751	171.418306	-13.555976	290.059414	-87.830259	224.995183	63.116334	292.552258	266.467636	0.809610	0.864727	0.869904	0.836545	0.934869	0.865290	1.014607	469.233510	271953.829007	36.607531	944.660668	1063.255496	85.924922	1783135364.074080	0.000000
160.000000	2.957055	46.370472	-11.405587	80.012427	20.282135	47.541811	120.383381	-20.884659	189.607643	-13.979261	140.514609	322.093751	-32.270377	369.999219	-222.865099	204.655669	0.864677	0.992086	0.921689	0.997587	0.974447	0.800017	1.095362	522.343523	230645.023535	36.591587	912.584489	999.537025	84.271966	1783135364.089760	0.000000
161.000000	1.923901	44.872254	-5.079674	62.442245	63.820316	-7.344371	162.156846	-6.342198	229.044363	165.021141	-107.793513	656.785037	-11.591254	135.366754	622.587605	18.021083	0.978591	0.975587	0.836806	0.959956	0.984448	0.844689	1.007859	543.590812	251484.432956	36.606360	959.683669	955.903197	90.632232	1783135364.089831	0.000000
162.000000	0.654249	49.161827	1.868388	38.791133	93.815914	-27.198209	142.643318	91.091628	-29.501201	240.045914	41.471912	84.219524	229.552307	-60.355122	246.748524	178.129804	0.840071	0.993778	0.816180	0.984356	0.984023	0.869564	0.945249	534.174064	244679.546651	36.590122	1039.930827	918.944001	85.209348	1783135364.089866	0.000000
163.000000	-0.376290	46.167631	14.684240	13.214525	130.484062	-0.982800	48.954857	215.045128	-5.965844	130.947012	274.389812	-1.271126	181.887066	185.970662	35.261733	290.328831	0.882128	0.926210	0.926889	0.907991	0.811096	0.973041	0.945820	462.621809	237287.506003	36.599221	975.618890	997.910104	84.591850	1783135364.089897	0.000000
164.000000	-2.229829	44.172021	28.856914	-16.529273	98.298304	59.877420	-9.955864	154.250753	91.967305	-29.349865	221.829548	123.873099	-100.609871	396.010356	155.345218	19.597278	0.912930	0.943408	0.909635	0.865581	0.820853	0.910699	1.022677	519.151896	262218.815090	36.600093	1010.135396	903.128900	99.561675	1783135364.104620	0.000000
165.000000	-2.730424	39.145904	42.585845	-26.879386	77.043598	125.852760	-35.524054	82.315927	248.745864	32.290689	66.318981	350.456965	95.642073	89.204391	305.243341	320.828966	0.822842	0.891091	0.939243	0.977256	0.856105	0.967451	0.946170	543.894379	232508.106658	36.604301	957.946516	977.775142	86.987609	1783135364.104693	0.000000
166.000000	-3.295697	36.892819	56.056390	-14.808863	34.957771	157.483102	40.319850	-45.864050	197.461470	154.610477	-109.127511	140.987062	409.005562	2.455995	90.230186	824.401693	0.919226	0.824753	0.909260	0.991829	0.866340	0.907658	0.979735	534.341412	264303.206567	36.609269	985.380293	1083.559890	92.759191	1783135364.104723	0.000000
167.000000	-4.284295	28.617099	70.258761	7.569670	3.808828	130.247030	116.693595	-35.435379	44.232731	196.915245	109.666522	-124.986870	209.428498	203.918884	51.237660	4.647014	0.885001	0.868931	0.934162	0.960918	0.802220	0.884156	0.929959	545.141795	255000.905819	36.596961	1013.323404	1043.965239	80.889912	1783135364.104748	0.000000
168.000000	-4.524874	22.125082	67.573429	35.223603	-11.177347	72.891506	174.811526	63.940529	-19.183980	121.273033	194.124157	95.809954	-26.936897	216.613926	340.300098	132.112101	0.922286	0.814793	0.877638	0.849765	0.838152	0.987918	1.050528	540.911845	242583.319227	36.597071	938.693054	1016.898870	80.869979	1783135364.120647	0.000000
169.000000	-3.949567	15.484578	66.549949	58.911124	-7.277056	22.070438	150.063189	169.060779	12.013536	-8.658753	144.108958	253.616062	98.488350	-124.238544	137.805007	273.905057	0.998167	0.991635	0.876124	0.859156	0.989405	0.903197	1.050678	534.456412	273653.251719	36.603046	925.532182	1000.873059	81.034048	1783135364.120733	0.000000
170.000000	-4.091296	8.290336	64.663270	83.353923	20.901976	-5.704396	63.628884	195.038364	160.618479	0.705990	-48.898836	169.384304	556.580473	310.015641	-171.648159	29.804550	0.951914	0.917138	0.844384	0.913378	0.820045	0.921880	0.965009	497.436997	271574.952597	36.606603	1087.136999	936.451486	94.980341	1783135364.120777	0.000000
171.000000	-3.105901	1.165551	52.061939	95.083488	62.694863	7.898689	12.043584	119.519489	177.019286	152.023848	49.880102	24.109109	268.628254	503.973563	229.331569	43.641885	0.872460	0.846875	0.874821	0.926504	0.944989	0.883481	1.000276	549.774741	248175.136344	36.592836	902.949947	1003.429686	87.502367	1783135364.120818	0.000000
172.000000	-2.875325	-2.870815	36.977814	83.789300	99.517470	35.005256	-16.739567	28.795411	120.732126	268.738738	248.054211	47.124073	-97.412196	-19.360104	343.816336	564.025130	0.897205	0.844677	0.848792	0.991424	0.927024	0.992122	1.042343	471.785953	230794.662128	36.602526	954.382493	1034.296570	88.661896	1783135364.135903	0.000000
173.000000	-2.321574	-5.245967	20.315821	76.739335	109.013875	90.205651	20.673144	-59.552870	4.274447	124.465523	222.467959	342.041526	145.492274	31.957439	-78.418824	25.916166	0.805911	0.890792	0.953971	0.821146	0.845775	0.971699	0.987723	477.306822	246005.114481	36.605010	939.607686	1083.568126	94.749215	1783135364.135991	0.000000
174.000000	-0.699783	-7.433575	4.105324	52.626966	120.150935	154.317971	239.839836	23.491626	-32.535185	-81.134595	57.264936	167.543487	342.345652	201.787901	168.106679	24.748109	0.873260	0.821909	0.961085	0.996463	0.803540	0.817884	0.929982	526.826733	276616.083189	36.595177	1022.863067	1046.284224	87.313924	1783135364.136037	0.000000
175.000000	0.017337	-6.671240	-4.760392	26.980670	83.866791	147.093704	330.415342	158.773906	74.548594	7.311598	-41.916267	-61.786346	86.907830	281.165690	694.033803	353.151892	0.984525	0.873192	0.894263	0.904107	0.847183	0.866971	0.954912	531.986528	260699.226624	36.592470	932.389580	1003.465052	81.681142	1783135364.136081	0.000000
176.000000	1.349925	-7.801643	-11.858730	-2.171473	36.514197	94.586163	294.039682	209.210981	176.167505	329.515085	163.778964	56.480062	51.736128	-76.911572	-46.551615	144.192077	0.888563	0.817631	0.980014	0.837566	0.864675	0.990239	1.043892	458.823348	278000.830655	36.606750	967.257569	961.561599	92.032715	1783135364.151929	0.000000
177.000000	3.147159	-0.918412	-5.592024	-8.216135	-6.431459	25.753272	79.078668	128.269234	240.062701	268.140139	547.821681	308.969038	221.509796	105.419290	149.592356	-166.450062	0.997269	0.988634	0.808139	0.980889	0.830632	0.943433	1.082326	455.870571	263739.089087	36.595446	947.866823	976.493822	89.857799	1783135364.152004	0.000000
178.000000	4.758525	2.080368	-8.358470	-10.016685	-15.899591	-20.303968	19.487760	28.374608	75.894727	118.749129	161.346351	207.901119	240.280572	404.268133	226.405522	396.837567	0.928472	0.998901	0.888636	0.855335	0.957067	0.920398	1.072134	525.269343	243246.435920	36.608780	907.852283	946.921234	93.581956	1783135364.152040	0.000000
179.000000	6.457910	7.449465	4.987616	-1.997263	-19.544381	-11.950453	-28.857295	-18.420149	9.344663	37.090569	35.041400	21.747355	26.616045	97.671300	132.538173	364.271132	0.901255	0.996797	0.867631	0.826871	0.988270	0.897711	1.033743	541.677580	276257.587985	36.605375	1017.227492	1096.966316	91.042541	1783135364.152075	0.000000
180.000000	8.253100	14.152082	16.712282	18.503960	26.862432	22.628678	28.688735	34.629243	-20.287475	40.029034	-51.398804	-57.717994	-6.677713	-29.931109	-78.419069	-285.653652	0.928196	0.963764	0.935021	0.930388	0.963889	0.983244	0.909734	500.334384	267922.835745	36.596284	940.246728	974.310461	97.468390	1783135364.168251	0.000000
181.000000	10.000000	21.303475	34.313839	49.571517	61.804566	79.205020	105.664879	108.032242	155.567489	186.701833	181.045187	363.077344	179.507961	320.356722	334.841170	752.936839	0.821280	0.981553	0.991146	0.813106	0.828032	0.975982	0.931840	532.844773	232812.597991	36.598522	996.847336	1094.159087	80.465182	1783135364.168311	0.000000
182.000000	11.852808	29.041053	47.132274	76.356845	90.817360	134.920027	181.159335	150.623756	166.011794	264.456666	312.003315	278.557815	307.302653	247.949571	285.592385	179.870584	0.800298	0.896236	0.912294	0.840056	0.966375	0.981926	1.016052	462.735174	277092.328057	36.596414	1011.790656	939.051411	95.396232	1783135364.168338	0.000000
183.000000	13.479306	34.297520	61.319047	92.170681	104.776453	139.402607	154.040735	190.467119	147.230741	126.148009	80.647926	34.264991	47.322953	45.950501	-70.707361	-9.090313	0.962710	0.882704	0.899799	0.839371	0.937464	0.924511	0.954657	539.081369	248149.339663	36.601164	1092.433239	908.365313	84.513142	1783135364.168362	0.000000
184.000000	15.445263	39.654488	64.756738	91.114536	105.801260	111.281244	85.853162	46.356781	0.249900	-49.960199	-31.126880	-8.841119	-64.827968	31.574253	174.509260	241.968387	0.882691	0.940684	0.888454	0.916610	0.857643	0.986419	0.936441	497.540424	230898.617134	36.602059	925.390426	1003.128628	82.572207	1783135364.182283	0.000000
185.000000	16.701942	45.284862	73.470906	90.021016	72.581593	49.616277	7.260461	-40.572911	-62.442396	16.853616	90.304687	186.254477	258.972331	274.822793	458.875199	357.001032	0.843408	0.899562	0.970245	0.871408	0.956255	0.813710	0.929228	513.574032	254158.060143	36.601671	1005.384676	1010.359663	81.824430	1783135364.182325	0.000000
186.000000	18.329200	47.694324	69.159461	63.512258	38.284335	-13.828017	-20.418059	-9.260565	60.688424	158.399268	179.392445	367.129571	305.708339	263.802310	-37.425344	10.986352	0.971484	0.828538	0.983838	0.960757	0.943652	0.805564	1.072455	465.576208	244219.054221	36.599864	923.396900	942.216729	83.075895	1783135364.182343	0.000000
187.000000	19.982489	50.772807	56.976833	38.590122	-6.644670	-6.212882	-0.266364	196.597808	204.935675	188.841593	195.007618	83.830419	10.944836	-226.441192	27.699064	209.841194	0.991090	0.826184	0.936279	0.961588	0.824280	0.976833	1.094018	472.086421	233520.255103	36.609178	916.738211	921.205712	98.192627	1783135364.182362	0.000000
188.000000	21.007148	46.165191	47.475363	13.786107	-22.249859	-12.805452	82.132768	144.195401	388.357890	118.623033	-42.620360	43.543063	44.198065	393.695683	363.981010	424.337061	0.984277	0.951733	0.909832	0.868303	0.989848	0.998047	0.938977	482.811459	244545.062452	36.604145	917.439369	970.420912	85.894077	1783135364.197839	0.000000
189.000000	21.633444	45.135188	30.983209	-1.592645	-18.760866	59.916909	160.098463	193.282597	175.622863	-75.568889	-47.576291	131.726382	639.711402	253.151162	136.174224	-102.761703	0.998866	0.994888	0.899305	0.897250	0.813464	0.882734	0.940725	508.880473	258961.522634	36.605466	939.585977	950.487239	92.542990	1783135364.197887	0.000000
190.000000	22.212429	39.412762	15.977566	-5.412923	20.572631	114.484472	134.425109	82.615282	-19.132407	-44.919830	175.543483	311.475303	420.519810	41.356103	-148.604735	159.193622	0.999412	0.979728	0.827980	0.828894	0.802296	0.929437	1.047954	479.164924	251537.188310	36.591263	986.503471	981.034812	95.885952	1783135364.197905	0.000000
191.000000	22.905250	34.472452	2.929844	-4.371191	61.161545	127.609058	107.649228	1.033149	-48.430019	159.124539	284.590855	132.617418	-193.117976	33.968486	648.234716	422.317582	0.882933	0.987305	0.960320	0.874767	0.815524	0.907065	0.932654	539.882640	239664.439292	36.592454	1064.846899	1071.481017	89.291295	1783135364.213012	0.000000
192.000000	24.191531	28.620859	-9.023140	4.850121	111.522781	135.192553	17.208507	15.498288	120.005173	254.946204	110.501672	0.475145	102.540859	310.787453	552.918917	-17.811931	0.896353	0.865296	0.800235	0.985902	0.919504	0.948970	1.011434	473.050140	265528.612773	36.598285	1050.076907	1008.313420	85.726051	1783135364.213056	0.000000
193.000000	24.530948	22.086566	-15.418400	35.026916	113.385966	70.208403	3.243920	56.683186	269.506648	120.095513	19.780492	105.228020	315.808138	173.695982	-163.106877	117.614348	0.852868	0.935424	0.853243	0.948815	0.898761	0.998784	0.963562	479.392709	258508.545236	36.595963	931.978852	939.714386	84.459176	1783135364.213078	0.000000
194.000000	24.166408	14.954423	-6.051624	62.827849	115.679309	3.727588	-23.261322	189.168616	134.058648	14.348512	76.666645	222.550099	156.263354	56.389267	168.138298	640.368304	0.991806	0.875136	0.967073	0.879352	0.864361	0.861258	0.993057	546.110011	230819.776505	36.599142	1078.042568	922.515106	93.788266	1783135364.213099	0.000000
195.000000	23.300437	7.999039	-6.151559	92.220524	80.698747	-34.183495	74.482289	209.755050	10.097273	-51.987201	201.834770	203.997702	9.021239	177.517875	396.869788	10.302961	0.957605	0.975804	0.850003	0.813488	0.914698	0.954669	0.968419	486.517402	263467.544814	36.594368	907.689517	908.890124	95.633361	1783135364.227927	0.000000
196.000000	22.792191	0.658543	8.337855	89.871503	39.287583	-1.456290	145.546427	105.994253	5.299168	136.045009	201.059088	-103.406298	128.053957	218.149886	-55.445394	192.586583	0.838529	0.959808	0.945725	0.883668	0.848929	0.814890	0.969957	547.852264	275756.993702	36.593504	937.495289	1080.110767	90.871370	1783135364.227971	0.000000
197.000000	23.309388	-1.529895	24.354229	89.127926	6.344163	38.419801	194.364978	33.537605	41.800663	229.393157	76.778797	43.778175	387.761469	-5.986531	30.997869	424.822321	0.817650	0.819865	0.849715	0.907571	0.980108	0.992201	1.048284	515.723487	251420.511123	36.602024	939.584732	956.987132	93.133846	1783135364.227989	0.000000
198.000000	21.889482	-7.603618	39.739772	84.556243	-27.895254	106.400585	105.671542	-13.880187	151.420332	131.038677	12.840325	317.561577	123.257797	45.222574	361.477721	54.833145	0.903094	0.805398	0.859190	0.900187	0.892501	0.817482	0.952447	474.688511	228797.066207	36.596082	1005.769818	984.294148	92.655292	1783135364.228006	0.000000
199.000000	20.845819	-9.673602	56.243275	52.976575	-9.891321	135.301677	32.626699	42.598002	176.552972	-58.116222	290.272969	488.107203	-20.342231	362.589976	142.369988	97.975333	0.824259	0.894294	0.813387	0.981192	0.820488	0.976968	1.061523	533.835273	260316.411888	36.591653	957.411610	921.101621	95.131915	1783135364.243000	0.000000
200.000000	20.148113	-6.709566	69.069204	22.930641	19.832865	132.248934	-58.277041	151.128583	97.236027	-48.602241	286.962571	-15.081189	191.902448	284.213804	-58.737832	310.364522	0.835172	0.812667	0.973605	0.976994	0.873402	0.837321	0.927179	503.791011	236653.582897	36.608231	956.945501	908.505334	80.798662	1783135364.243046	0.000000
201.000000	18.587758	-3.936813	66.816609	2.338204	61.273459	91.340795	16.193282	226.746243	25.322455	327.130483	129.610487	58.972645	192.619033	69.570244	287.782958	152.332774	0.872399	0.947687	0.900710	0.943606	0.986986	0.816110	0.908470	548.694512	244087.910365	36.592720	1052.576266	910.700137	96.850439	1783135364.243065	0.000000
202.000000	16.892624	-3.671304	67.104036	-3.830937	108.420956	26.044387	61.950492	144.390069	-61.617380	277.307413	-113.605700	185.579418	42.449411	114.506746	262.345386	72.027372	0.961628	0.847208	0.846548	0.953183	0.921660	0.887801	1.056540	480.705887	278397.501945	36.596435	1026.896309	1034.286648	93.108711	1783135364.243082	0.000000
203.000000	14.987221	0.396996	68.774636	-25.646647	115.340264	-13.038973	130.292041	43.322820	113.856550	121.696344	29.800004	263.391997	-86.366776	654.150969	-157.175757	446.244574	0.851415	0.896758	0.955503	0.883619	0.914252	0.830652	0.901760	534.028779	257591.750391	36.601187	986.038686	1062.501336	90.238437	1783135364.258032	0.000000
204.000000	13.469870	7.659638	58.695540	-9.242203	124.887134	-40.266288	153.595915	-10.057504	260.829406	15.051597	166.699234	73.243238	196.353816	148.849384	164.512761	178.762121	0.962888	0.978967	0.890610	0.954814	0.856678	0.969479	1.084786	544.991480	241377.569808	36.599540	1094.907755	1034.310777	84.565824	1783135364.258091	0.000000
205.000000	11.850442	13.986061	40.498074	17.123732	80.004787	15.787310	131.726560	10.035415	193.979108	-29.326819	292.318479	21.610714	389.246248	-194.475220	487.562764	38.429205	0.960283	0.858872	0.963457	0.917449	0.886668	0.868845	0.969313	529.736178	251593.133791	36.592469	921.323688	955.262972	94.805484	1783135364.258124	0.000000
206.000000	10.000000	21.533945	25.305481	46.841165	35.499787	78.353740	36.777664	110.768815	53.264755	148.101705	67.770393	229.626841	35.507726	305.267150	90.659791	211.946445	0.852059	0.807660	0.935860	0.894923	0.898431	0.929174	0.941529	509.329556	246171.967757	36.609821	1068.990233	1068.282096	99.602929	1783135364.272924	0.000000
207.000000	8.262892	27.687133	12.731879	80.387774	-6.085071	120.931364	-48.092011	173.537783	4.077493	247.432521	-67.528470	302.184191	74.214996	258.669261	83.337439	276.677932	0.864499	0.970529	0.851630	0.940017	0.905663	0.981927	1.021487	506.001087	275579.164143	36.597254	1046.792446	1029.030969	97.740653	1783135364.272976	0.000000
208.000000	6.606594	33.387928	-0.526413	89.344390	-32.583654	157.370344	4.969106	150.369511	9.931682	127.142805	123.712993	64.761118	584.810247	23.946992	765.134630	-166.173316	0.900125	0.985070	0.840924	0.910152	0.934082	0.832400	0.961894	515.853427	254832.290068	36.598052	1002.906821	914.734102	85.164754	1783135364.272999	0.000000
209.000000	4.874983	39.076806	-9.073918	95.362001	-18.961877	115.837575	104.097554	52.813274	155.731283	-62.322978	346.916398	34.454772	409.170685	82.368685	288.837515	486.174646	0.944147	0.840266	0.816275	0.921669	0.947670	0.928968	1.018262	460.416462	228970.128898	36.609998	995.797120	936.287068	96.423749	1783135364.273019	0.000000
210.000000	2.878667	42.847600	-14.389254	82.681646	21.847687	47.668608	278.880658	-30.259200	263.823741	-27.761515	139.314034	167.215599	-57.010473	260.297194	-52.786402	465.990578	0.952756	0.940580	0.813310	0.963518	0.981868	0.842194	1.046513	502.032614	246436.140583	36.599159	1016.465502	1089.744101	97.146592	1783135364.289018	0.000000
211.000000	1.931949	45.462887	-11.889120	66.725311	65.139496	-23.115153	300.399646	0.296387	122.859850	186.839793	15.053344	190.376608	-17.816388	134.631347	236.808368	-148.210572	0.932656	0.804666	0.842836	0.893495	0.813370	0.850925	1.000566	479.362691	255342.060829	36.607610	1058.302145	978.338562	85.806854	1783135364.289065	0.000000
212.000000	0.045660	48.792562	4.619570	38.499829	96.088441	-4.612826	133.786178	94.728155	-46.829665	177.353554	11.741989	99.826048	297.637793	-189.079307	324.532022	246.413905	0.912871	0.969578	0.887126	0.955033	0.816360	0.845076	1.091703	539.598282	277268.891938	36.597423	980.703976	905.900572	80.789551	1783135364.289085	0.000000
213.000000	-0.757417	45.052640	13.883347	12.392667	112.244037	-14.225681	57.196296	206.258484	-69.512942	134.582660	268.060514	-145.302783	245.110996	214.190602	75.209016	349.400881	0.901472	0.846956	0.891534	0.851808	0.860031	0.888076	0.982741	541.092217	233519.513081	36.600861	902.605334	968.861087	85.666699	1783135364.289104	0.000000
214.000000	-2.299390	43.801661	28.881725	-15.601138	110.537116	59.862309	-4.106632	173.311837	92.813841	-38.249201	286.605893	123.679471	-138.402542	193.088649	162.313673	-179.172252	0.918696	0.989318	0.917807	0.950438	0.925750	0.967234	1.015183	523.305437	265368.170460	36.590417	1090.061193	956.529514	94.927555	1783135364.304643	0.000000
215.000000	-2.588739	39.157639	44.403161	-16.528592	85.449006	112.987709	-16.827592	83.549823	387.810035	12.801251	63.795632	378.598488	68.665013	-26.593972	479.393825	158.907571	0.915197	0.802100	0.938950	0.848982	0.808055	0.983136	1.048679	504.441414	275592.546819	36.608752	965.546721	902.509422	98.276958	1783135364.304691	0.000000
216.000000	-3.538567	36.720060	59.954547	-18.647277	36.574814	142.656125	37.206980	-7.179404	380.359007	167.719560	-93.574366	127.282920	305.829757	-51.631387	101.820299	462.429294	0.929060	0.876170	0.829807	0.835657	0.930743	0.993071	1.052187	531.874155	266188.040058	36.601335	973.336297	1030.498716	90.133030	1783135364.304718	0.000000
217.000000	-3.593719	28.584495	62.891411	12.117012	6.890124	109.805549	135.352702	-31.988220	120.536486	172.671804	109.515960	26.114949	151.950583	327.670817	-2.106228	-34.960928	0.899310	0.906216	0.939952	0.920239	0.819068	0.893585	1.062364	537.049201	267708.555381	36.592354	909.049117	1018.759372	86.068510	1783135364.304743	0.000000
218.000000	-4.781384	22.086279	78.259096	35.122052	-10.383423	72.708124	180.040578	113.366106	-50.653876	133.505242	311.957003	95.761652	-125.140942	213.724153	487.205877	131.435960	0.991002	0.896197	0.923423	0.891512	0.987577	0.882205	0.939702	536.776961	252405.557253	36.590007	964.371796	1020.558226	97.384627	1783135364.319642	0.000000
219.000000	-4.606357	15.003577	74.429094	64.040579	-6.823600	0.035005	162.603575	181.172976	17.259577	-3.538299	383.253022	557.274719	119.817651	-150.427767	129.192304	299.843188	0.827008	0.933225	0.834912	0.922041	0.880198	0.831413	1.059976	525.577090	241052.109110	36.597999	1070.186552	905.891985	90.106995	1783135364.319742	0.000000
220.000000	-4.464453	7.363203	62.362570	87.976683	17.899373	-33.806288	64.040403	210.678476	180.486934	-2.190427	15.876221	309.003389	413.695222	326.343322	3.179825	30.071494	0.897581	0.879525	0.880321	0.837001	0.842442	0.944365	1.094830	464.849509	251481.204736	36.593539	1072.718083	1064.312251	97.052853	1783135364.319782	0.000000
221.000000	-3.850411	2.754955	53.829851	99.946196	63.121412	-18.679535	-33.291878	122.939321	216.138495	146.923185	53.562663	-105.085704	133.924910	670.287566	318.393340	-35.768917	0.972782	0.804432	0.968371	0.883242	0.993454	0.909282	0.930419	497.699970	264339.378754	36.591003	999.520496	1075.614534	90.236715	1783135364.319800	0.000000
222.000000	-2.237567	-4.191434	35.848920	83.246508	95.795020	42.815144	-47.250470	-24.591910	131.788654	266.887793	234.471997	50.359925	-109.455033	109.312130	217.758373	314.807486	0.912285	0.922628	0.935959	0.896328	0.983788	0.860348	1.033053	479.290776	266264.684934	36.593273	1003.573189	935.298633	88.053960	1783135364.334674	0.000000
223.000000	-1.905622	-7.580945	21.926141	81.959000	126.014254	94.912240	26.687997	-43.932042	-34.109497	132.741312	246.965078	196.500314	145.480026	-93.375863	-60.338249	32.430326	0.951910	0.928715	0.804866	0.990568	0.879343	0.816745	0.932021	462.811707	257679.393214	36.590507	1088.007496	917.555489	86.019061	1783135364.334731	0.000000
224.000000	-0.831357	-10.067885	4.143023	54.468656	106.359853	152.061120	102.672983	24.751812	3.033181	-25.356229	74.461702	189.104074	414.946950	293.724330	367.550613	60.863102	0.951117	0.936317	0.938182	0.964445	0.860948	0.886042	1.031213	484.660139	249059.088998	36.600686	1057.822020	958.480726	80.131400	1783135364.334763	0.000000
225.000000	-0.019657	-6.937135	-3.109506	24.815113	85.189691	128.185149	147.210629	142.001726	75.572701	-0.812746	32.428251	-89.014633	63.483849	224.193220	858.369425	792.999671	0.900187	0.999266	0.917499	0.974125	0.983002	0.843926	0.998013	531.605720	268389.963387	36.601232	977.198192	1015.391935	89.680530	1783135364.334794	0.000000
226.000000	1.533165	-8.244982	-14.649654	-2.258249	39.022107	98.333535	162.084179	230.072344	192.230658	341.798683	97.588238	27.462107	-36.198425	-134.738925	-8.976424	264.626857	0.902353	0.978192	0.997733	0.998575	0.988669	0.949902	0.938283	547.754449	239422.097489	36.602331	967.463965	988.338141	99.642164	1783135364.350365	0.000000
227.000000	3.472735	-4.913491	-5.821181	-11.004808	-7.833304	30.429046	79.721297	153.923602	220.899228	239.379514	218.591871	305.170470	361.212156	122.799416	35.720132	-26.627290	0.929525	0.893217	0.845256	0.941928	0.896668	0.846145	0.960669	492.631623	262109.737283	36.601211	925.670758	952.827642	94.106563	1783135364.350495	0.000000
228.000000	4.643511	3.467266	-10.453588	-17.711484	-9.727033	-30.064152	-3.958230	10.960192	76.373736	136.340909	196.944202	271.981763	596.121886	250.216836	298.733027	357.966783	0.936062	0.807737	0.905302	0.889470	0.951148	0.912308	1.041432	490.777504	241096.890531	36.600270	915.882803	1034.229438	83.820887	1783135364.350518	0.000000
229.000000	6.575842	6.685973	1.693120	3.784530	-8.433366	-41.740084	-45.499240	-75.317487	-41.703845	21.673081	26.533264	40.403658	85.504769	75.573688	142.304266	174.796143	0.946152	0.866301	0.934524	0.916699	0.902441	0.895619	0.965510	499.207050	266782.668798	36.606250	935.901020	990.173885	85.169891	1783135364.350537	0.000000
230.000000	8.167191	14.218563	20.025109	17.429564	13.807776	17.111935	-1.590201	25.197904	15.491902	11.024801	-69.227130	-21.222618	-128.057029	46.028113	72.068069	65.452566	0.839861	0.825369	0.851885	0.837332	0.888165	0.853730	1.025310	526.006593	265363.042889	36.595358	969.517682	975.936737	83.760828	1783135364.365726	0.000000
231.000000	10.000000	21.514024	34.137068	49.364205	64.186959	82.520000	92.848703	105.691843	156.993016	168.903955	167.635421	184.015786	172.789286	299.672765	377.468891	363.986997	0.969347	0.972453	0.818711	0.971830	0.835024	0.945967	1.012632	464.225683	274674.059582	36.605554	1007.018984	1042.184635	94.426354	1783135364.365772	0.000000
232.000000	11.746800	28.808182	47.547844	71.539585	90.062992	122.255656	140.149744	219.335174	164.364464	269.380082	306.650120	274.470915	207.658824	227.789820	232.500871	265.620162	0.987692	0.992996	0.878623	0.821878	0.837378	0.819213	0.930931	526.990211	270501.705859	36.594538	907.239293	956.374084	97.067538	1783135364.365791	0.000000
233.000000	13.360124	33.838874	58.815988	83.217665	124.218915	120.373060	135.058074	187.805899	143.404059	133.801150	98.753787	19.422861	30.027770	-22.678196	-26.497333	-160.123017	0.986103	0.971232	0.843951	0.985731	0.924605	0.834858	0.974527	504.189072	244150.614964	36.599290	1055.078001	957.476933	89.770260	1783135364.381049	0.000000
234.000000	15.216987	42.160534	66.311182	104.609621	117.825670	95.250565	88.144844	62.437013	-9.533814	-59.410516	-45.757768	-121.831037	3.723258	109.138828	176.266478	238.988977	0.905218	0.899326	0.919629	0.888668	0.840094	0.980013	0.960571	456.134531	234379.016239	36.592884	1074.251345	968.428607	95.130903	1783135364.381198	0.000000
235.000000	16.786249	44.861385	78.646202	78.350970	78.999507	52.109222	5.135350	-43.997403	-80.542981	-25.728479	55.660963	192.288139	292.497870	420.306107	431.647463	262.742061	0.841959	0.858209	0.933960	0.846169	0.801941	0.808561	1.046533	451.621085	268332.201778	36.604257	1094.930539	1047.848061	96.019424	1783135364.381231	0.000000
236.000000	17.898652	49.428607	69.722502	68.424455	33.876558	5.386645	-37.581867	-7.649877	68.071768	178.654378	236.115036	379.691058	209.104948	136.688783	-28.646410	-32.599121	0.840603	0.811186	0.883361	0.806717	0.881338	0.984045	0.933020	498.011334	278433.703951	36.599997	1032.531519	936.162104	95.228352	1783135364.381257	0.000000
237.000000	19.661989	48.707046	60.309413	38.554599	-9.807009	-13.538023	-8.717716	86.945038	234.466141	195.376968	235.762881	82.863698	50.550130	-30.368919	45.359162	253.881166	0.875407	0.930027	0.933114	0.915329	0.981114	0.998532	0.990479	478.303690	252496.079695	36.608411	900.088891	968.583329	89.527935	1783135364.396561	0.000000
238.000000	21.047411	46.654135	44.321265	9.316282	-12.963882	-8.546583	85.748976	168.535886	165.796399	128.125178	61.099638	-74.358378	12.245313	386.165005	465.474348	246.241854	0.971985	0.920978	0.869996	0.916355	0.843227	0.812550	0.930663	497.303604	258762.693285	36.603364	931.941204	1026.122246	87.518458	1783135364.396605	0.000000
239.000000	22.045997	45.331652	30.967272	-9.630143	-13.366553	59.854433	137.782461	147.220870	87.579236	15.058200	-55.314228	249.497805	395.891014	684.622526	282.317342	-165.851180	0.929096	0.854734	0.810715	0.915737	0.983870	0.897033	1.028996	534.239713	244706.657341	36.592070	1000.602775	904.481387	94.449816	1783135364.396626	0.000000
240.000000	22.209515	41.278273	14.514555	-15.094041	21.971806	132.814372	177.061603	83.923679	-58.619680	23.387751	137.626336	473.188603	249.242992	-75.473383	-122.095888	309.249626	0.988212	0.999678	0.817659	0.937964	0.853912	0.871265	1.003481	545.784715	258473.728581	36.604406	1038.805512	946.298961	92.078705	1783135364.396662	0.000000
241.000000	23.330240	35.034012	2.585536	-20.533796	65.555981	144.488273	99.008329	-20.681264	9.476257	184.988436	500.522505	270.229515	-139.600580	80.073665	620.224812	865.584697	0.978238	0.950030	0.879260	0.943994	0.823418	0.898727	1.071962	533.397791	233978.664789	36.595107	1011.650498	971.238854	93.959498	1783135364.411457	0.000000
242.000000	24.260672	29.543239	-2.384496	11.432523	103.991160	143.391367	32.077593	-30.784592	253.232332	269.739760	204.444718	-14.518451	47.819800	391.374860	266.684829	103.124757	0.817190	0.838572	0.970428	0.988676	0.876994	0.813159	0.986582	491.068865	244219.632948	36.594184	948.470471	1076.686626	95.720220	1783135364.411504	0.000000
243.000000	24.428971	22.241945	-11.967308	34.507781	126.017499	70.465579	0.084778	60.154631	342.960254	134.707520	-45.747403	86.150103	327.759145	161.047369	-90.400715	100.695956	0.870506	0.855474	0.940161	0.810013	0.993469	0.940025	0.927076	517.615180	271195.619458	36.598960	1001.751192	1002.394704	96.231503	1783135364.411523	0.000000
244.000000	23.438221	14.812140	-12.953074	59.421420	107.243487	1.211850	-3.460358	187.921144	302.810788	-63.159003	76.304778	284.120822	146.931534	-84.247641	174.751465	548.326685	0.887474	0.842149	0.956603	0.872152	0.995780	0.986292	1.098945	502.291924	228870.804711	36.607719	965.369782	900.036357	98.637743	1783135364.411541	0.000000
245.000000	23.727109	9.247528	-2.409003	77.238033	76.317793	-30.625397	154.330346	171.360368	1.938396	28.077176	206.656986	160.492975	35.741076	186.145238	356.963054	-68.828996	0.841646	0.861690	0.865764	0.866933	0.850457	0.978476	1.066634	492.787939	230211.643620	36.608973	940.541389	1058.876374	91.869527	1783135364.427256	0.000000
246.000000	22.893348	2.198033	9.940293	98.361155	35.095726	-11.278530	270.564385	101.946134	-59.049508	146.959645	208.244162	-6.157902	226.311912	277.926095	49.509169	122.548093	0.890261	0.990289	0.923837	0.828788	0.997472	0.807797	1.062926	531.615063	230154.616340	36.606924	908.137686	966.203895	84.360503	1783135364.427304	0.000000
247.000000	23.108901	-3.810214	22.648158	88.206777	-9.019483	32.956649	197.808278	9.790046	63.866830	196.944196	68.171921	41.106798	612.456047	13.280342	72.459868	524.643437	0.898569	0.913262	0.900966	0.946635	0.870169	0.802678	0.919783	513.801661	249025.248468	36.609370	933.117861	1038.177669	91.572442	1783135364.427323	0.000000
248.000000	21.948631	-7.790969	39.610617	84.519360	-15.088761	94.983478	98.405095	-91.822032	176.096179	124.211201	-53.517543	247.858859	220.233657	41.543648	302.308270	108.532252	0.889525	0.910035	0.847502	0.879220	0.946844	0.918595	1.066740	477.923489	267122.859405	36.608659	1040.020293	1087.091132	96.192674	1783135364.427340	0.000000
249.000000	20.851550	-7.680872	54.962450	50.325256	3.129314	119.084008	43.328345	53.868221	257.385509	-85.811215	150.979316	220.190277	-70.281119	265.569812	137.219784	-73.609045	0.877533	0.841553	0.968456	0.848933	0.873171	0.914915	1.019417	462.344061	269019.591711	36.596772	1032.237199	1054.237157	89.569350	1783135364.442302	0.000000
250.000000	20.001125	-6.536044	65.184055	25.497739	17.418934	141.206097	2.476836	138.357456	99.000206	-32.371141	317.435124	-30.477477	160.269086	177.397804	67.747294	526.078232	0.819308	0.926390	0.812122	0.835142	0.836028	0.831339	0.924789	507.786171	246473.390995	36.591024	1009.692676	902.732130	93.491519	1783135364.442398	0.000000
251.000000	18.092015	-9.021180	69.027394	7.122955	67.365797	82.626546	-22.812350	189.497218	-41.899515	297.905124	129.471999	-27.540420	258.686228	-12.738861	343.959592	116.049797	0.884809	0.963168	0.919124	0.815233	0.950889	0.995464	1.055216	509.603337	234132.081970	36.602273	970.680672	1000.313588	88.238547	1783135364.442445	0.000000
252.000000	16.498784	-3.275022	75.448494	-19.893019	94.378871	26.158471	63.760986	158.475896	-53.653463	198.595150	-68.640656	291.516159	98.532232	120.087374	266.762346	-160.124554	0.992279	0.837698	0.986868	0.949656	0.804613	0.853635	1.073142	526.841997	246911.899787	36.597783	1072.031409	984.542989	84.563262	1783135364.442490	0.000000
253.000000	15.398290	0.912133	70.178956	-8.595858	105.325340	2.881171	148.838751	24.874267	108.693918	114.569665	-1.318595	269.908648	-88.507109	425.440586	-188.372250	258.971738	0.801374	0.943167	0.914985	0.977070	0.855087	0.910236	1.097320	469.812402	275279.699364	36.597935	1082.668886	982.699948	85.437864	1783135364.458271	0.000000
254.000000	13.679374	6.909474	56.220735	-5.795121	117.270173	-28.747428	161.536934	-77.548071	161.813860	-42.791914	235.700478	57.089384	214.794531	147.139753	157.961870	389.917945	0.940733	0.809350	0.844088	0.964017	0.896489	0.945132	1.050747	484.665612	259886.711643	36.594890	1055.267033	909.371679	97.877629	1783135364.458326	0.000000
255.000000	11.718257	14.140603	40.899705	19.410554	84.715104	23.024853	127.491051	3.899866	182.314689	-18.119285	199.586441	-29.834930	252.662384	-103.571031	605.000717	-270.611294	0.945771	0.864786	0.828167	0.821413	0.870139	0.844890	1.010259	465.749880	277571.854262	36.606732	962.441388	905.936414	95.393480	1783135364.458347	0.000000
0.000000	10.000000	21.417848	26.121967	49.481773	38.634160	79.377892	71.616828	229.527014	104.094194	309.847733	94.671842	462.027098	33.804848	487.881883	71.831004	543.127525	0.990241	0.815499	0.860881	0.989993	0.917975	0.804095	0.978512	453.650611	245811.154522	36.601441	945.201023	968.990635	93.734408	1783135364.473606	0.000000
1.000000	8.263498	28.189607	11.425917	74.875821	-2.399019	131.496187	-31.554943	441.120558	-72.606515	404.270464	-142.978071	633.596643	-100.892321	581.756239	136.550961	497.966057	0.834450	0.991036	0.831581	0.964904	0.911418	0.909546	0.998111	453.087553	255560.513833	36.597151	1089.944788	929.960743	99.158492	1783135364.473697	0.000000
2.000000	6.454715	35.317949	-2.529221	87.920962	-16.799362	149.111536	-11.378677	155.547462	10.920095	135.747730	127.709530	46.763534	256.373547	-102.427936	238.635311	-244.595979	0.854371	0.867469	0.823516	0.975554	0.848490	0.830209	0.949892	543.807375	268098.394519	36.592052	986.020407	1043.527660	81.631310	1783135364.473842	0.000000
3.000000	4.905555	39.263534	-15.084970	97.671190	-5.991371	123.296178	45.345874	48.593987	174.766148	9.541066	333.528424	-98.298310	229.658758	87.869741	136.763676	230.263381	0.828715	0.954144	0.875481	0.837990	0.872963	0.908303	0.937575	462.217450	240163.645613	36.599806	1068.381368	1021.999621	92.626911	1783135364.473894	0.000000
4.000000	3.045582	46.010209	-9.202814	95.028301	17.591049	48.394369	135.183333	10.159920	264.815585	-37.732281	163.285834	166.172074	51.964935	241.171570	-153.478861	278.856605	0.942181	0.913847	0.946982	0.815379	0.899766	0.946085	0.984978	465.875537	265020.298798	36.604490	1037.617554	979.343845	84.295274	1783135364.488761	0.000000
5.000000	1.492476	46.303910	-13.540478	62.128109	60.727447	-1.359482	178.505199	-4.418186	125.994872	137.507630	-51.143942	276.792232	16.685404	136.963389	187.261213	-224.223973	0.958419	0.862706	0.997650	0.806982	0.872636	0.951485	1.067739	539.576659	258653.499466	36.596256	921.417716	911.435638	89.075969	1783135364.488807	0.000000
6.000000	0.657458	47.026872	-3.014268	38.723449	92.246735	-17.957553	121.902248	88.072387	-26.580267	210.509919	25.332017	86.330035	198.755924	-129.664673	279.222934	217.740070	0.876715	0.954411	0.879547	0.859102	0.934286	0.824584	1.021445	523.687859	257584.555245	36.590310	933.342351	981.985450	99.406719	1783135364.488831	0.000000
7.000000	-0.572047	45.829390	14.996452	16.108311	119.362392	17.058404	55.349426	198.088914	-45.338296	122.767667	258.293657	7.137571	167.054809	216.222724	68.212600	410.829959	0.848666	0.920801	0.999932	0.994453	0.870820	0.931982	1.028637	503.819128	228854.202819	36.590409	1014.199851	1099.061530	97.288015	1783135364.488859	0.000000
8.000000	-1.692735	43.583580	28.786429	-15.701580	110.202923	59.900432	-8.689536	192.024975	92.252692	-49.469269	194.862940	124.125110	-4.122682	251.828731	170.330745	-202.904377	0.921621	0.913049	0.913479	0.912938	0.989964	0.921903	1.074424	520.804072	255892.013202	36.605124	1035.176733	1076.780226	82.684396	1783135364.504688	0.000000
9.000000	-2.433162	38.830567	44.332264	-5.580212	74.266160	119.757349	-12.642837	84.066997	240.467808	-22.448914	70.989215	209.854285	52.299151	39.559545	382.924389	158.698184	0.982367	0.839713	0.869384	0.936021	0.830972	0.812236	0.958399	519.053758	230183.623823	36.599302	924.944549	970.962536	85.380778	1783135364.504740	0.000000
10.000000	-3.781241	35.504911	57.309456	-1.477405	32.803976	137.252098	42.134639	-29.029376	180.942087	130.905008	-102.872970	131.244392	235.634302	62.758223	-59.867941	249.948791	0.853945	0.916602	0.979161	0.828691	0.990351	0.872795	1.052330	537.541047	240278.791005	36.601437	1056.291418	957.057446	98.146751	1783135364.504773	0.000000
11.000000	-3.477229	29.033250	64.548528	10.950623	-14.934362	120.209766	127.571635	16.447090	62.766014	300.225244	109.777254	-39.969808	162.884782	344.834784	55.330886	-137.366274	0.998440	0.935795	0.844389	0.900341	0.991688	0.878717	0.962021	491.749372	258779.451379	36.595715	1043.887128	990.229628	89.411724	1783135364.504801	0.000000
12.000000	-3.671978	21.962720	77.467192	34.614579	-32.832162	70.455165	161.821441	64.793051	16.353597	131.311067	334.495638	102.098529	-40.281472	192.508543	289.195361	94.723524	0.848155	0.846253	0.885256	0.823135	0.907085	0.876793	0.942868	491.427522	245228.338362	36.590643	1008.412255	1011.658015	94.267874	1783135364.520823	0.000000
13.000000	-3.944628	15.332214	66.029778	62.470763	2.999117	6.760465	118.256697	145.263538	12.326506	-71.277659	143.628189	321.401982	98.342058	-86.383652	142.721110	511.841201	0.901868	0.907878	0.832702	0.899634	0.860442	0.892541	1.052996	499.753723	268106.356118	36.609615	1071.887287	1066.721603	88.613108	1783135364.520860	0.000000
14.000000	-4.548312	8.861292	64.774188	83.896317	25.660455	-7.426217	64.976790	226.104935	132.515263	-33.388390	-68.845385	183.003092	295.522466	171.245299	-145.495607	132.191989	0.996090	0.828792	0.953418	0.898057	0.894572	0.866919	0.958173	464.789153	240862.656663	36.595416	919.231321	931.298802	97.022568	1783135364.520880	0.000000
15.000000	-3.405204	3.304736	51.153204	101.870683	66.448153	-1.262123	10.542427	99.170277	218.940920	139.525035	-7.437507	37.722783	134.035725	346.035115	661.140931	178.708049	0.996605	0.890915	0.940590	0.917852	0.829213	0.982142	1.015547	527.261811	263507.242528	36.599566	982.949052	968.757754	83.341598	1783135364.520898	0.000000
16.000000	-2.616922	-1.489939	36.703331	82.925062	108.708335	34.207517	-27.758401	23.326345	128.496422	283.971462	170.557694	42.879039	-4.371700	128.818986	558.082861	630.504751	0.867934	0.965403	0.960554	0.833897	0.950778	0.804525	1.000844	494.425263	229178.502809	36.606648	963.319726	964.947817	83.551749	1783135364.537435	0.000000
17.000000	-2.392477	-6.831064	21.559784	75.158681	111.526910	92.155097	31.665639	-38.327595	10.696503	130.771058	291.762123	181.814691	147.067857	-5.836671	8.106272	75.238188	0.933265	0.870694	0.874880	0.841009	0.831125	0.980368	1.036655	534.735235	242905.928755	36.606160	1082.687885	908.412096	86.462444	1783135364.537476	0.000000
18.000000	-0.965954	-5.726539	9.495372	54.235957	125.602313	155.444134	122.876652	47.056193	-41.938005	32.041806	54.389783	206.176624	672.625959	552.331830	164.222094	-23.161855	0.837922	0.931463	0.954777	0.853538	0.912835	0.834825	1.033288	494.949952	234906.947573	36.594376	1079.567796	975.660136	87.783929	1783135364.537497	0.000000
19.000000	0.215736	-8.256474	-5.527244	25.814348	77.975574	156.664394	151.859930	156.866859	82.585051	-33.994756	15.676705	-41.868758	152.249186	279.873460	466.201580	216.004477	0.962828	0.873179	0.851928	0.847304	0.972352	0.975759	0.926796	519.786438	270384.706081	36.593976	1012.212249	1098.301099	89.345496	1783135364.537514	0.000000
20.000000	1.364432	-6.193348	-14.352387	1.133311	35.172908	82.933277	149.836011	173.954173	195.159774	170.247624	88.810580	60.290915	-156.836262	-71.097637	-35.932403	114.180667	0.931071	0.974492	0.978705	0.898773	0.831349	0.821953	1.093047	498.397919	261139.903394	36.609971	914.085471	1057.598725	97.314715	1783135364.552689	0.000000
21.000000	3.115015	-3.271112	-16.786374	-16.392939	-4.031800	36.799148	79.802506	126.890196	179.231659	255.031508	519.647034	425.228016	161.515208	116.380727	-33.497700	89.141261	0.948925	0.969550	0.962031	0.957371	0.853320	0.881845	0.992404	462.717668	248051.028068	36.605949	942.125561	1087.071080	81.694973	1783135364.552795	0.000000
22.000000	4.694693	-0.096104	-6.145502	-12.606526	-27.902938	-21.811453	-0.153672	40.827577	68.527729	116.875361	369.141201	273.622521	339.094338	361.124699	369.061323	259.883500	0.819206	0.983996	0.970071	0.863733	0.843806	0.838972	0.999938	489.097740	246133.365833	36.599543	917.088244	1011.778218	96.060893	1783135364.552818	0.000000
23.000000	6.599295	7.756922	6.801791	5.028971	-21.591248	1.765876	-16.093921	-41.545306	8.098494	2.401333	-17.517133	-7.563032	18.004134	115.165162	142.742422	195.381020	0.924751	0.974707	0.800609	0.826200	0.877973	0.976992	0.936086	460.261767	253782.928568	36.605042	1080.397184	1014.751910	92.332361	1783135364.552870	0.000000
24.000000	8.300664	14.399192	19.583001	23.344391	18.613763	8.171405	6.277857	28.976946	4.950025	11.214282	-16.860067	-27.480897	29.587523	68.355357	84.998162	-67.293276	0.842855	0.822849	0.866209	0.895632	0.907107	0.916605	1.038471	478.931764	274133.853388	36.605424	1000.000621	1027.017220	88.110019	1783135364.568639	0.000000
25.000000	10.000000	21.388877	33.773271	49.001729	66.006985	85.537577	105.265659	122.500716	140.967183	302.821441	200.995572	211.277195	212.617526	314.961790	322.163498	394.289430	0.945948	0.974670	0.845920	0.984493	0.985282	0.862242	0.906752	488.162370	248879.155477	36.595487	957.015027	1043.118130	97.348708	1783135364.568696	0.000000
26.000000	11.774926	28.042150	49.379085	69.245667	108.245791	142.935708	168.638451	218.839168	352.689700	474.532388	227.260745	291.174287	283.737145	281.231405	181.727852	195.067101	0.931915	0.918009	0.884986	0.972563	0.851807	0.946801	0.988185	461.278523	250989.561252	36.601290	1040.652152	930.789827	80.715373	1783135364.568731	0.000000
27.000000	13.653301	34.025613	62.278553	94.771498	129.158915	153.066303	163.344050	167.165523	298.600414	130.647786	95.055459	10.708623	15.679035	43.591696	-90.749899	-102.832486	0.984773	0.820032	0.858558	0.940516	0.872919	0.909403	1.026491	535.159618	242909.755354	36.604227	918.460735	1069.693290	83.074463	1783135364.568763	0.000000
28.000000	15.388875	38.500885	71.724337	87.081544	118.034918	112.762740	86.552548	47.320124	49.726602	31.543261	36.900386	-25.334282	-2.711307	115.426809	169.350306	258.153509	0.800312	0.995240	0.933607	0.843327	0.900619	0.839576	0.920199	478.443185	277579.643577	36.593876	948.756633	951.407975	99.672569	1783135364.583190	0.000000
29.000000	16.924889	43.962769	72.343035	92.580237	73.317623	47.444325	7.929542	-65.750056	-26.191538	-36.072182	67.542295	195.953082	217.841602	337.613188	224.779001	520.592695	0.807451	0.980924	0.862451	0.849004	0.920510	0.958204	1.039935	494.427662	253372.932950	36.609722	948.666760	904.671412	87.342652	1783135364.583233	0.000000
30.000000	18.565048	49.126751	73.751141	63.167210	33.601902	7.767330	-11.004491	-18.520056	70.364625	184.536911	288.398488	334.499784	196.823087	137.764648	-71.252810	-45.971915	0.816437	0.824058	0.948777	0.808636	0.820812	0.892300	1.034542	508.804675	260072.020317	36.607594	942.816087	1049.546089	80.915471	1783135364.583261	0.000000
31.000000	20.130692	47.656881	55.637453	38.421684	3.723031	-20.312405	-8.647545	183.632466	162.918338	309.200579	239.132891	101.138912	-93.410502	19.491872	56.774435	413.842033	0.915885	0.964076	0.875956	0.899037	0.801582	0.837099	1.011577	519.482385	271308.806327	36.597828	980.713409	979.751028	94.331287	1783135364.583283	0.000000
32.000000	21.189948	46.160873	44.622855	13.096179	-27.144591	-13.009875	87.162792	400.887080	186.364769	115.570400	-21.158078	-128.843010	68.993349	269.475575	679.968026	317.894004	0.935005	0.987703	0.953962	0.842603	0.823470	0.842037	0.955246	510.378385	274700.012180	36.590794	1051.769975	926.300994	94.412505	1783135364.600511	0.000000
33.000000	22.376230	42.810825	31.245530	-4.814092	-21.253682	59.910240	158.966080	156.094421	86.188233	-67.680456	-84.800012	124.654849	213.551261	672.589496	257.874070	-39.718604	0.962258	0.970251	0.920757	0.808025	0.982334	0.946006	0.940976	511.549588	253777.134146	36.595170	1085.618663	956.952338	96.661835	1783135364.600608	0.000000
34.000000	23.002734	40.969903	17.046222	-24.121368	18.344805	131.318860	367.281846	83.529195	-62.374826	48.740319	147.103001	359.491153	211.201942	-40.218831	77.723073	159.223382	0.828412	0.913688	0.854936	0.837211	0.821797	0.854871	1.057427	516.252842	251827.330451	36.599723	949.428136	988.325654	95.903826	1783135364.600654	0.000000
35.000000	24.086186	36.507286	5.321405	-19.885035	61.764818	145.456796	192.600077	-25.115663	-18.038986	191.939104	200.635498	126.999102	-125.991246	100.066779	300.984873	494.453606	0.888710	0.872355	0.806521	0.886950	0.979125	0.983471	0.932727	519.989345	267761.857785	36.600498	973.951734	1036.051930	86.406521	1783135364.600768	0.000000
36.000000	24.219537	29.902742	-9.641067	9.582047	98.905401	130.738557	36.084741	-42.281520	126.216505	257.118942	110.631308	-66.906129	77.666730	444.165582	298.951541	30.812062	0.825560	0.980026	0.880472	0.860655	0.918491	0.999889	0.946553	461.334451	276057.662160	36.607663	986.938163	969.464219	91.443635	1783135364.614357	0.000000
37.000000	24.503174	22.285317	-18.015381	34.659384	134.188758	67.696924	-14.410341	65.377138	236.344837	133.917034	-74.744113	102.297678	709.866352	164.403268	-162.048267	130.629936	0.870317	0.896703	0.811667	0.986683	0.905661	0.856225	0.970556	488.164208	269327.660464	36.590036	913.207224	1042.227681	89.964267	1783135364.614410	0.000000
38.000000	24.037547	15.423356	-13.193625	63.475087	112.016107	0.482649	-11.025317	141.607233	194.094675	-72.220433	50.230586	311.659612	315.254896	45.908918	156.037674	213.330615	0.967820	0.909403	0.991244	0.856208	0.952561	0.945053	1.042657	549.632328	250918.533675	36.603779	1035.623039	1030.756535	83.602418	1783135364.614430	0.000000
39.000000	23.240033	8.777121	-2.775109	76.776980	72.054608	-16.810641	75.777873	167.903790	4.928068	45.421632	254.718143	333.822620	6.564803	165.406919	429.452897	67.520085	0.988916	0.996914	0.809753	0.850819	0.978598	0.954284	1.022109	530.453675	259816.068490	36.590485	901.181853	944.795099	86.014064	1783135364.614450	0.000000
40.000000	23.663795	1.376491	5.810878	98.397675	39.037508	-21.274352	141.185779	114.379930	3.159212	165.259575	200.569767	-5.868711	124.294290	377.406420	-49.220596	78.128898	0.840454	0.924987	0.810570	0.942354	0.939450	0.870398	1.095689	472.505507	237996.272809	36.605600	1060.713595	934.158632	81.415104	1783135364.629819	0.000000
41.000000	23.226921	-4.528762	22.995213	100.603978	2.933287	39.816193	168.944252	1.769058	64.708527	281.675710	64.028483	107.592103	411.945924	4.043286	9.434564	381.804132	0.875953	0.935134	0.864580	0.935110	0.810151	0.945547	1.042120	486.024564	231726.363261	36.595069	1046.178807	954.961744	82.823577	1783135364.629882	0.000000
42.000000	21.788308	-5.315339	39.957967	84.518745	-19.143634	92.517786	105.374189	-71.811552	209.341188	121.620486	-77.750573	353.278108	122.987252	56.024937	222.409772	112.846286	0.953139	0.801541	0.965659	0.885854	0.982557	0.982287	0.954016	514.792447	252319.595193	36.595190	1078.577068	927.297838	99.412665	1783135364.629906	0.000000
43.000000	20.486067	-8.628559	53.311010	54.587466	-13.475026	121.881301	27.261546	26.186229	223.631324	-23.878953	300.763177	227.525027	11.532538	236.459499	135.669549	106.646615	0.901570	0.802640	0.936321	0.876545	0.843724	0.976791	1.088024	494.507831	260727.330960	36.593687	1097.765491	1014.896580	96.010628	1783135364.644704	0.000000
44.000000	19.943105	-5.503141	66.397442	25.412006	26.764874	125.424781	-46.308889	160.222172	103.153606	3.296306	544.262784	33.341071	190.551521	293.862060	86.664024	657.594555	0.928107	0.841998	0.802831	0.852755	0.895326	0.999080	1.064454	501.525841	278654.406775	36.594041	1032.864944	1065.322554	86.609561	1783135364.644751	0.000000
45.000000	18.438535	-4.607366	69.448455	1.683125	65.973656	90.348672	-0.986309	204.891907	-5.113393	190.517325	256.884233	-33.793259	419.054865	71.828092	361.854821	286.436631	0.986751	0.954222	0.957258	0.843840	0.926524	0.921068	0.926041	532.279590	264874.279556	36.609717	947.872197	976.344098	82.456202	1783135364.644770	0.000000
46.000000	16.476178	-1.328916	66.049953	-10.346488	112.288200	24.667790	59.928164	148.633820	-59.158275	202.645411	-107.623291	279.678490	37.393354	107.039776	220.078533	-177.394447	0.815370	0.957077	0.975041	0.849091	0.848444	0.923078	1.072527	547.853001	261919.026841	36.590255	1009.796292	1059.842465	99.236007	1783135364.644789	0.000000
47.000000	15.001094	2.413648	61.807007	-17.935687	103.487350	-21.990580	144.264401	44.733428	105.056878	134.715991	-6.254566	184.452621	31.100342	459.677492	-192.578911	326.320425	0.901038	0.812846	0.947356	0.863445	0.995281	0.887273	0.942564	544.516253	234630.485231	36.593341	946.032582	963.957044	89.548317	1783135364.660041	0.000000
48.000000	13.351872	7.686089	56.753333	5.279355	112.568587	-43.337795	184.228265	-29.146619	202.308720	-83.983162	197.299406	32.379803	222.055883	96.229645	347.469508	188.011933	0.850221	0.991337	0.942321	0.912990	0.828228	0.967113	1.047080	478.749469	253767.189786	36.609014	1017.695778	981.587109	80.731435	1783135364.660099	0.000000
49.000000	11.776793	14.725410	41.910050	23.350362	82.710281	20.435458	119.356568	9.061012	167.745059	33.825196	294.826530	-43.051660	249.781814	-78.326433	636.071562	-225.037483	0.833641	0.916297	0.987658	0.972250	0.869092	0.811936	0.972331	464.979754	245378.688610	36.593664	955.780862	963.474653	86.947964	1783135364.660124	0.000000
50.000000	10.000000	21.418698	25.453391	49.522308	35.879551	83.462817	37.278952	105.901781	39.558223	340.210108	-5.527437	226.948287	-34.565848	440.021844	98.481844	243.847443	0.938640	0.862047	0.941826	0.932183	0.998446	0.880107	1.008394	502.105642	259636.639952	36.604821	982.665697	910.982765	81.107595	1783135364.660147	0.000000
51.000000	8.199934	28.702592	8.562667	75.145917	3.361043	119.847222	-15.750117	223.647157	-85.052816	438.163837	-27.713957	190.531689	-33.359578	590.673136	50.779113	187.979849	0.824978	0.936301	0.858153	0.845473	0.853104	0.937954	1.096858	542.464424	242847.940604	36.603471	991.949555	915.020835	93.951204	1783135364.675113	0.000000
52.000000	6.375469	34.134269	-0.616395	95.324683	-29.849178	139.918585	-33.371415	167.702952	44.929511	117.056671	120.429523	78.684433	207.124900	58.039877	364.559153	-170.355793	0.869117	0.860475	0.930318	0.824698	0.931879	0.859745	0.992580	492.052525	229896.435844	36.604846	972.731358	963.223573	80.627137	1783135364.675165	0.000000
53.000000	5.049591	40.868629	-5.167855	96.636465	-15.356318	101.270735	46.760480	47.618555	359.645301	1.517959	341.351127	-11.132682	332.259828	98.882748	139.045232	274.584869	0.946544	0.801053	0.827096	0.956774	0.958994	0.895594	1.095966	536.448176	274654.464766	36.607283	989.974022	1005.933499	98.108394	1783135364.675188	0.000000
54.000000	3.387420	43.257158	-7.905770	94.521352	21.608731	48.390829	133.703358	-0.262964	418.321231	-15.981548	134.215748	149.447118	-5.920144	436.461045	-107.384713	285.902969	0.929648	0.918993	0.842478	0.972707	0.891678	0.809883	0.999095	476.397538	253833.512179	36.598311	1025.448741	1095.624209	91.279124	1783135364.675209	0.000000
55.000000	1.729178	49.725708	-8.623416	69.635524	66.981684	11.149138	165.228875	-26.098796	251.821510	185.831233	-86.500490	317.619578	-49.540169	133.485645	188.272263	-230.847388	0.879404	0.811151	0.877904	0.884036	0.862843	0.909460	1.045380	530.257464	239338.623516	36.603022	1070.327992	904.462766	83.983166	1783135364.691046	0.000000
56.000000	0.062521	50.433562	-1.687814	38.782369	93.790803	-47.671125	113.604428	89.840736	-0.537707	174.180652	32.414070	102.275945	697.290334	-160.989349	232.986809	256.425616	0.880281	0.980559	0.915412	0.893112	0.844060	0.821533	1.029897	537.189325	246344.982367	36.593834	1064.321182	1060.434800	89.005675	1783135364.691108	0.000000
57.000000	-1.217852	46.031360	11.332188	11.830539	104.428445	11.698501	50.645185	150.959980	1.875406	134.758467	162.809919	16.142377	411.963272	249.171264	-115.480563	322.620550	0.912495	0.866118	0.940010	0.824958	0.851705	0.908950	0.960634	458.720225	244468.166661	36.590037	966.227080	1015.150137	94.711825	1783135364.691135	0.000000
58.000000	-2.428225	45.499808	28.812068	-7.654763	116.775038	59.866891	-13.011682	154.651489	92.825533	23.799320	306.583254	129.151507	12.961078	189.669332	160.954251	-53.737771	0.916197	0.824591	0.935431	0.902356	0.984884	0.946562	1.016190	518.031922	241825.051843	36.603359	1015.186306	1041.157899	91.344956	1783135364.691159	0.000000
59.000000	-2.475023	39.238133	45.883324	-8.568118	74.045121	119.131588	-17.372420	84.263032	218.492545	-9.745498	24.042677	654.796144	90.036708	35.441604	435.076623	296.278414	0.813449	0.950046	0.994628	0.977028	0.922852	0.908116	1.084087	466.411603	240252.185121	36.591044	996.083818	1088.848035	80.040786	1783135364.706360	0.000000
60.000000	-3.948417	34.883624	54.668805	-6.417484	36.952423	141.142188	47.240767	-7.098096	166.008834	134.726870	-68.120579	261.329653	361.664824	93.185962	34.068917	769.114562	0.904797	0.848866	0.875793	0.965926	0.977005	0.971964	0.960276	483.996759	274275.423817	36.599564	1077.958952	1074.142041	88.388330	1783135364.706401	0.000000
61.000000	-4.037496	29.753211	71.887190	13.202959	-7.213943	143.927687	118.052679	-69.934211	65.184095	200.595214	109.639881	-39.784324	154.322247	360.253147	31.920264	-97.793977	0.949207	0.849730	0.820186	0.862654	0.987086	0.971093	1.070097	529.916447	278471.449693	36.600926	963.891692	1029.049294	83.330873	1783135364.706421	0.000000
62.000000	-3.436692	22.093229	69.347744	35.168977	-9.727481	69.571094	154.923834	118.313478	-24.108602	126.990977	328.406001	102.466268	-18.286415	179.924593	274.365369	106.627990	0.889331	0.953407	0.888415	0.854058	0.838746	0.903257	0.955870	527.482632	263063.078118	36.592504	972.955004	917.423166	93.050800	1783135364.706439	0.000000
63.000000	-4.180426	15.242828	68.423450	58.280640	-7.763299	12.696166	142.763538	331.100678	-5.153614	-41.257202	143.204524	256.237663	84.933363	-81.002756	288.669323	363.339601	0.907448	0.991494	0.984450	0.885590	0.945409	0.916109	0.906430	464.504887	233950.098567	36.591911	928.390626	994.782922	96.776698	1783135364.722208	0.000000
64.000000	-4.135258	7.825160	65.141671	86.409864	19.830596	-15.179494	65.529445	185.303377	150.650686	29.340294	-83.529320	157.795152	277.699529	175.461536	-131.915770	83.509508	0.933635	0.992690	0.844999	0.951534	0.893166	0.860777	1.033630	508.969851	247105.162133	36.592377	1000.648802	1089.215502	95.688817	1783135364.722248	0.000000
65.000000	-3.438414	1.705307	51.727429	104.207027	64.900530	-3.245679	-18.623612	121.778245	182.211176	142.268604	38.711672	36.220030	136.735490	292.555068	573.081119	11.446648	0.954121	0.933417	0.944159	0.910840	0.940296	0.906000	0.995478	526.504740	261096.951854	36.600978	940.257064	1088.765617	88.443443	1783135364.722269	0.000000
66.000000	-3.301998	-2.775749	36.553828	88.732415	104.322585	42.847062	-25.790275	17.624121	145.951183	211.660498	426.396169	47.217174	-69.406192	81.597629	254.250859	254.744806	0.824660	0.918776	0.880170	0.929172	0.928342	0.974241	1.016827	543.748760	246801.689126	36.607322	1079.743504	973.839545	80.758401	1783135364.737679	0.000000
67.000000	-2.128385	-4.491869	20.787063	71.500288	126.490758	92.898061	20.073594	-71.015710	-18.896090	130.005242	597.455571	332.325807	152.073115	-28.594842	-147.563129	112.635829	0.955500	0.993540	0.904919	0.860925	0.905622	0.803525	1.000297	515.177693	258598.202158	36.604700	1011.107592	990.873388	98.092183	1783135364.737743	0.000000
68.000000	-0.506865	-9.794157	3.856472	53.987351	119.158059	126.783771	122.209894	50.497804	-32.802825	11.850450	82.891540	217.763362	349.915825	514.399576	168.159758	-5.300152	0.854351	0.824502	0.979596	0.946756	0.921232	0.801893	1.008349	526.248694	234267.869200	36.606444	926.680219	984.494232	82.181519	1783135364.737771	0.000000
69.000000	0.784263	-10.254994	-8.517071	26.478648	81.542870	115.836457	323.109819	125.363005	76.743125	23.109971	10.611077	13.143230	101.473973	531.132588	370.630930	404.865002	0.862038	0.832514	0.959850	0.848636	0.850292	0.822605	0.957937	538.642491	242171.128570	36.604241	1035.928389	1005.416869	84.297203	1783135364.737796	0.000000
70.000000	1.532278	-4.002070	-13.085994	3.683791	33.533748	99.989814	322.062863	218.830391	160.228944	182.254225	79.542819	-32.384233	-94.015816	-139.396142	99.634638	123.120269	0.921692	0.995272	0.851231	0.823219	0.802379	0.849668	0.968408	454.621666	261845.800549	36.607840	1072.072657	924.552500	93.482833	1783135364.754825	0.000000
71.000000	3.345603	-2.804480	-8.769431	-4.842746	-10.410489	21.867715	158.724174	158.820472	196.248158	294.725829	249.106364	256.275523	228.177804	108.905017	7.433016	44.666233	0.914260	0.883184	0.867305	0.916359	0.842153	0.954578	0.914756	526.689575	272083.265024	36.607108	920.589038	1098.217311	95.719638	1783135364.754932	0.000000
72.000000	4.604015	-0.100282	-10.122581	-15.620070	-19.065402	3.977075	-10.853464	10.012153	65.393189	128.559154	190.123222	240.431390	213.677330	330.003964	340.845283	251.763051	0.886602	0.922666	0.950067	0.884368	0.832214	0.962217	0.900736	530.820391	235157.379145	36.592094	934.822150	912.016462	80.769383	1783135364.754982	0.000000
73.000000	6.475960	7.698803	1.879287	-5.635344	-26.700201	-35.340918	-3.290471	-61.065053	-21.988462	26.869940	0.243599	-13.690839	48.405637	116.001632	128.587094	196.449183	0.977949	0.811989	0.818989	0.931442	0.986405	0.971346	1.092746	459.465730	258244.394546	36.599416	942.919032	931.722019	81.162841	1783135364.755008	0.000000
74.000000	8.287803	14.734327	19.058629	21.842350	17.562611	18.018026	30.787014	1.763637	4.147140	25.650334	4.266247	-41.361499	-87.451329	-24.129690	-98.813212	-219.370628	0.980246	0.879327	0.835040	0.816100	0.914990	0.978872	1.043917	453.066672	255327.602046	36.590117	981.716790	935.612685	98.424371	1783135364.755033	0.000000
75.000000	10.000000	21.465949	33.878967	48.215785	67.536969	83.398440	90.353714	113.592502	140.203957	312.431844	168.934200	157.550129	451.046507	260.895651	264.255374	634.038717	0.932542	0.941954	0.934532	0.935266	0.921499	0.922730	0.999689	527.426345	277844.006102	36.605204	1072.684525	1003.088167	91.499591	1783135364.770086	0.000000
76.000000	11.716028	28.742212	51.887585	72.036073	112.494826	112.558049	174.175972	169.860705	189.130195	445.855300	292.495340	301.959084	548.521989	301.791170	298.198894	496.616550	0.880240	0.811736	0.921758	0.986224	0.827220	0.900713	1.091460	451.098636	268226.625980	36.603841	1041.504803	958.013976	94.368044	1783135364.770176	0.000000
77.000000	13.641921	34.529180	65.503677	94.925308	122.072200	147.024206	129.250129	131.737400	126.269185	113.091487	91.730410	42.429015	62.246826	-32.348501	4.382126	-42.195783	0.861973	0.886403	0.842099	0.857716	0.906029	0.944069	1.059620	532.005270	257497.350842	36.597988	982.220017	963.424955	81.191919	1783135364.770222	0.000000
78.000000	15.147980	40.480481	67.056053	98.726625	98.253676	120.751572	86.801495	51.799153	-12.847588	-27.472275	-75.666320	29.635474	-12.769754	104.700579	158.399118	286.216074	0.985867	0.880699	0.928039	0.964165	0.889830	0.990288	0.973415	525.554115	275018.703559	36.602880	931.055226	923.492454	93.548290	1783135364.784214	0.000000
79.000000	17.042491	42.682271	76.256467	79.323057	74.851066	50.167218	7.963401	-29.506839	-43.740558	-38.414465	49.509181	321.582267	280.783575	312.429541	686.901037	239.151278	0.986932	0.930977	0.901175	0.966972	0.866901	0.971277	0.960460	487.165177	260107.955292	36.605526	940.159913	988.185349	87.438010	1783135364.787522	0.000000
80.000000	18.510633	44.920672	63.236423	67.454848	32.841964	13.673584	-28.934920	25.596051	127.760134	160.742065	277.636371	532.400892	253.371883	134.045858	-19.285882	-64.564600	0.910177	0.872958	0.969791	0.891418	0.916913	0.935425	0.961549	473.647883	268718.108040	36.593660	991.319499	1079.629600	85.632914	1783135364.787556	0.000000
81.000000	19.513632	50.713078	58.080613	38.452886	6.202903	-5.913336	-10.784110	93.848505	412.305672	194.460989	237.372394	188.986571	-10.816027	0.457093	57.147103	210.124200	0.872139	0.931889	0.917470	0.973984	0.947925	0.894339	0.982367	529.525251	268448.661653	36.604904	1082.776814	1034.348338	86.514035	1783135364.787581	0.000000
82.000000	20.810191	46.832419	46.627497	17.000017	-13.374419	13.393250	81.538788	160.537216	354.798054	120.983507	16.823716	-132.151157	75.517286	205.816155	381.122426	202.673386	0.866533	0.859130	0.975949	0.809485	0.829785	0.979176	0.932122	493.451698	274526.449706	36.604486	1079.875818	1074.778597	89.137641	1783135364.787647	0.000000
83.000000	22.031889	47.006902	30.998295	-14.469360	1.531371	59.867302	180.866556	201.025255	88.030254	-62.484923	16.122665	127.914250	267.380254	274.374553	128.469467	111.938468	0.831895	0.819593	0.984185	0.942421	0.852621	0.870579	0.942009	477.899122	261690.782559	36.603899	971.925604	928.051508	94.497056	1783135364.799498	0.000000
84.000000	23.338572	39.054779	15.657807	-20.072835	15.259473	134.343999	163.338758	83.911681	-29.127351	-0.961599	168.920854	216.156399	155.573045	-45.052189	-48.842157	159.426926	0.898714	0.836695	0.846018	0.839617	0.922343	0.923186	0.926555	539.211263	252080.138042	36.590129	1088.588500	905.322882	91.851161	1783135364.799529	0.000000
85.000000	23.778145	34.866786	-0.023068	-5.903304	65.727880	147.146471	102.306696	12.276810	3.512364	140.021796	273.616530	136.243801	-7.285696	50.452696	342.053837	244.384847	0.916574	0.891521	0.997370	0.871583	0.997336	0.821534	0.926735	522.795601	268836.255705	36.596995	1062.498617	926.402466	89.750469	1783135364.799548	0.000000
86.000000	23.627578	29.417433	-8.771746	9.873840	101.069985	130.025656	14.049112	-55.525453	121.704233	288.625773	110.348271	-144.767195	74.262416	524.182883	182.681738	57.848329	0.928865	0.927961	0.913451	0.876915	0.986437	0.816446	1.085034	474.535804	264901.286786	36.592630	1017.473757	935.821494	80.573752	1783135364.815324	0.000000
87.000000	24.406006	22.241394	-9.369044	34.439694	132.338226	72.023773	-56.311593	63.324280	176.574565	128.726353	-87.373302	72.418069	275.469709	180.195552	-143.985306	81.930935	0.840469	0.897482	0.813849	0.875169	0.900766	0.901602	0.986604	471.741897	276047.733133	36.605465	990.490570	1058.397606	80.603794	1783135364.815358	0.000000
88.000000	24.315554	15.316285	-14.335064	64.752007	97.479819	13.593511	17.789926	179.526354	149.285065	-41.719350	134.266144	299.724926	160.566515	73.970327	160.479402	249.564382	0.825220	0.901158	0.856569	0.890297	0.932906	0.911053	0.958533	514.748944	256104.505879	36.609269	1055.787603	917.055844	98.398133	1783135364.815376	0.000000
89.000000	24.244920	7.492026	-7.818853	86.974627	85.111300	-22.524192	74.036631	147.730066	52.129832	5.874211	415.985551	204.885561	-156.894787	183.459264	209.310885	22.178288	0.828545	0.828319	0.854077	0.807926	0.913314	0.949391	0.943556	483.255437	232521.355336	36.594350	939.631864	1073.503380	81.935044	1783135364.815394	0.000000
90.000000	23.397411	3.113003	11.010085	91.554396	38.167744	-2.393859	173.562906	104.993523	6.874779	192.204594	250.039176	-76.944968	123.373981	338.334164	15.329203	28.890168	0.886265	0.976404	0.952671	0.846747	0.977284	0.953890	1.097288	455.079489	245460.764831	36.590562	1029.324542	903.857534	89.241200	1783135364.830967	0.000000
91.000000	22.470164	-1.041047	23.915414	86.205838	5.527448	41.125753	143.708872	10.095655	43.768316	210.999407	65.722707	52.575759	421.525602	57.740221	14.141796	724.429080	0.893765	0.874607	0.862362	0.826946	0.897083	0.954017	1.054421	528.592263	267994.457410	36.604759	920.202835	1085.950896	97.922183	1783135364.831031	0.000000
92.000000	22.455208	-6.004786	38.493101	83.663417	-29.477274	99.837601	106.424296	-62.113343	171.956350	135.638116	30.656769	199.677061	111.003927	71.277267	241.130938	76.263831	0.834275	0.898723	0.941170	0.802868	0.957266	0.805781	1.075779	506.950207	228699.223635	36.603687	924.806705	1075.971933	92.373856	1783135364.831059	0.000000
93.000000	20.380071	-5.590189	54.586269	50.994969	-22.972532	138.418375	16.825337	66.478041	264.130321	-0.898608	127.294568	223.967225	-60.603677	187.764946	137.441716	-83.140795	0.894903	0.930427	0.965812	0.853212	0.932942	0.989539	1.045857	495.773297	250506.291204	36.605304	1088.845359	1026.538096	99.407612	1783135364.831084	0.000000
94.000000	19.971748	-10.072971	60.970208	27.421277	21.857970	132.055494	-24.591487	293.713350	101.817852	-13.205662	224.601961	-10.335214	338.461456	289.115600	-6.773355	455.221348	0.914922	0.916446	0.968598	0.875448	0.884352	0.925769	1.038646	514.869431	261940.441907	36.597938	1026.084896	1082.156318	82.355867	1783135364.845904	0.000000
95.000000	18.451417	-5.809340	69.612439	-4.299438	62.368477	90.773610	-22.188617	160.247825	-30.775656	135.216451	126.308792	31.583958	612.877242	78.355715	611.059717	121.986569	0.876303	0.864383	0.810837	0.891160	0.955094	0.899583	0.966366	468.039689	242731.040224	36.590390	978.728003	1036.127049	90.281484	1783135364.845959	0.000000
96.000000	16.806743	-4.374919	72.673212	-23.811491	100.219310	29.454992	65.022976	139.406298	4.316412	237.324115	-115.007673	237.437829	100.475313	107.589489	480.605666	-138.093189	0.932071	0.977543	0.894906	0.846811	0.995863	0.844319	1.060347	492.615627	252416.988875	36.605341	916.589755	1022.427053	92.486440	1783135364.845986	0.000000
97.000000	15.123958	2.320409	63.470267	-4.236161	124.427985	-29.050486	144.747765	12.909839	112.926526	131.057007	46.542598	206.015366	-11.929500	283.453718	-160.335341	479.893624	0.945759	0.830368	0.994728	0.917393	0.877849	0.904197	0.974940	492.855221	259593.737093	36.608128	992.912868	936.597670	88.991525	1783135364.861674	0.000000
98.000000	13.440580	7.317074	56.141325	4.199798	108.708320	0.771468	136.463565	-23.065546	177.063897	-14.599653	274.958182	29.338815	177.555216	117.047366	156.550778	171.335533	0.935361	0.976819	0.919255	0.817387	0.829967	0.837575	1.085987	540.761093	244812.282816	36.605000	931.256403	1064.834886	82.746340	1783135364.861726	0.000000
99.000000	11.860268	14.578864	40.913721	21.367015	81.257559	22.259052	115.746113	7.217786	175.024313	-53.809511	201.375880	-42.724960	206.610206	-23.240602	423.302346	91.392464	0.888411	0.852871	0.944381	0.946090	0.878877	0.911017	1.058636	482.423092	243848.390403	36.600014	1051.927490	1003.415733	90.403757	1783135364.861745	0.000000
100.000000	10.000000	21.337654	25.137526	50.032505	32.522446	82.760912	32.594914	114.233523	59.881485	318.468208	66.849028	446.240061	7.886408	225.290256	73.135786	257.336165	0.857524	0.926014	0.898528	0.971056	0.910182	0.810780	0.983395	509.407535	243211.202425	36.604814	1062.591300	1088.815516	92.378855	1783135364.861763	0.000000
101.000000	8.210990	28.906266	10.100547	67.803670	0.723809	138.924671	-12.580526	170.341684	-7.921239	478.633627	-40.895469	491.755951	67.911286	404.049756	48.576928	264.771062	0.847421	0.940887	0.926831	0.907140	0.853458	0.895082	1.011010	477.446886	239524.031403	36.593516	998.036130	968.732278	96.834365	1783135364.877128	0.000000
102.000000	6.379764	35.339109	1.649018	96.578377	-11.828781	127.967579	-35.688124	178.437592	37.742614	127.409915	134.960694	55.027920	182.558268	-87.100793	481.977622	-237.305646	0.910016	0.834727	0.922825	0.948938	0.834331	0.803326	1.041309	520.099782	262361.483633	36.605460	1053.095853	981.221643	98.532827	1783135364.877218	0.000000
103.000000	4.771320	41.009641	-6.992740	97.635578	-22.009353	118.313663	43.105127	45.499582	157.880345	-64.834028	257.583256	6.907048	281.457843	119.401561	137.461235	328.055805	0.913196	0.993008	0.837635	0.970000	0.908974	0.979521	1.071384	496.807899	260678.065389	36.593211	1084.063389	1016.608837	99.727649	1783135364.877269	0.000000
104.000000	3.286368	46.550384	-18.197374	87.436586	20.387586	47.489028	254.402179	2.653783	233.714692	27.439439	162.572205	161.273257	29.255042	430.594080	72.453315	565.945249	0.881126	0.895792	0.842060	0.853227	0.885891	0.976783	0.977029	494.528642	253479.319250	36.602578	1052.200498	940.713470	80.855051	1783135364.877310	0.000000
105.000000	1.334844	49.102176	-7.707301	65.385298	66.919066	-13.564324	373.709049	-8.380303	117.919678	176.057584	-9.127911	296.149895	48.177550	135.286412	193.345053	16.474624	0.956598	0.869270	0.929419	0.800493	0.806293	0.947395	1.044750	500.000975	277250.362852	36.600250	942.350194	961.730451	82.338684	1783135364.892062	0.000000
106.000000	0.370546	46.526346	2.508942	38.894012	108.880554	0.091545	284.638488	90.118665	-12.981352	262.658408	56.515004	76.791461	230.144279	2.278766	299.894886	404.448772	0.847278	0.916425	0.819052	0.989979	0.987232	0.877185	0.975012	452.811833	231155.662165	36.594302	998.502444	941.656872	81.798035	1783135364.892109	0.000000
107.000000	-0.608730	47.790934	12.688830	11.226212	121.128778	6.375921	54.053012	213.975182	-75.159807	126.025469	199.334603	-99.765233	200.064060	171.215348	30.739849	341.322859	0.881145	0.977871	0.822668	0.949640	0.903037	0.987772	1.062438	456.510530	268802.020794	36.607232	978.606309	935.708739	83.832894	1783135364.892127	0.000000
108.000000	-2.482167	44.418829	28.881767	-5.812039	99.821505	59.900830	-24.524157	170.860461	202.923318	-12.653398	277.471351	132.530181	-51.978250	207.966317	175.559258	104.095739	0.828140	0.823227	0.809864	0.999030	0.984346	0.914617	0.996149	532.606818	278391.099603	36.594120	1054.759082	940.821123	81.775873	1783135364.892144	0.000000
109.000000	-3.129537	41.271913	45.991889	-24.009899	72.689287	114.462821	-47.038853	82.115298	455.418079	-36.692679	88.500241	271.879153	75.970436	10.130067	392.652480	159.526528	0.862535	0.987307	0.883796	0.966915	0.883637	0.900487	1.000867	496.766395	261394.737778	36.594661	1033.346587	926.826110	92.517912	1783135364.907756	0.000000
110.000000	-3.914284	36.905200	56.393087	-18.186195	32.491177	123.360993	49.024175	-44.442652	186.410726	187.903285	-96.458953	132.316914	320.361892	53.093715	-39.972751	491.930981	0.961045	0.912822	0.957921	0.978047	0.815021	0.873395	1.071170	462.597059	239911.818757	36.595438	908.911107	1092.502745	89.747266	1783135364.907851	0.000000
111.000000	-3.788923	28.237083	70.366624	8.324208	-1.253779	129.202519	130.649530	-39.318433	59.086587	275.307765	221.767899	-35.216562	160.090437	289.823828	126.209289	95.495064	0.887284	0.954019	0.996993	0.847871	0.934064	0.848093	1.000522	536.478697	232488.526148	36.598404	972.618274	1030.019607	80.012788	1783135364.907898	0.000000
112.000000	-4.011241	22.233552	78.137557	33.526599	-8.818818	71.123382	155.182081	65.068276	6.517707	119.152983	334.488974	98.401592	39.487624	177.245620	846.969637	87.287183	0.926633	0.952654	0.894473	0.829391	0.911778	0.830196	1.047971	540.623317	236680.589552	36.591500	971.323743	903.655495	92.610923	1783135364.907939	0.000000
113.000000	-4.512889	14.701889	72.838669	61.937933	-15.129439	14.305596	163.759656	194.040291	13.363267	27.757896	147.837310	202.063304	168.302742	-151.985642	273.247314	372.309290	0.949678	0.809037	0.860619	0.804895	0.979694	0.813465	0.931464	508.435131	265317.624904	36.601804	1006.418318	1001.827311	81.161157	1783135364.923929	0.000000
114.000000	-4.358867	7.204785	66.620996	84.415535	19.168081	-42.956147	63.744164	181.751833	132.585319	-5.916673	49.947331	148.082085	486.027570	184.029592	-169.797478	121.955261	0.967536	0.879394	0.837589	0.838371	0.867698	0.927127	0.998511	496.940870	264414.621077	36.595994	916.132559	1020.468497	98.266353	1783135364.923995	0.000000
115.000000	-3.855312	1.737417	50.675914	89.699358	67.043782	-24.394481	-29.253654	106.049629	163.909675	151.089587	-17.861108	-88.910294	255.789976	285.359492	230.656935	43.841710	0.828815	0.998804	0.811396	0.966068	0.820255	0.947122	0.928476	454.339993	267283.600897	36.593233	902.212877	994.034891	83.904679	1783135364.924034	0.000000
116.000000	-2.479652	-3.746340	37.060752	90.585737	108.179513	44.764828	2.542293	11.159252	134.499712	195.922244	242.619611	19.120883	-137.640524	-8.791114	302.783854	245.673390	0.917106	0.898395	0.914781	0.915375	0.982399	0.950249	0.987821	498.510337	243318.080526	36.592793	941.048336	951.444499	90.938147	1783135364.924062	0.000000
117.000000	-1.858219	-6.450280	20.755854	79.138893	115.198167	111.257522	26.294975	-73.765812	-10.170664	130.433387	308.461952	320.242568	136.506616	66.411055	84.176741	114.694222	0.964225	0.888729	0.902638	0.914905	0.928199	0.902431	1.041291	464.413823	277339.333500	36.605200	1044.887814	1095.143407	82.515517	1783135364.939924	0.000000
118.000000	-0.661637	-8.828115	2.707834	55.236986	113.610575	122.904036	104.912665	41.461498	-44.589048	-25.540294	73.888323	211.436868	249.768217	441.029836	166.050058	93.138161	0.976858	0.906751	0.957369	0.870558	0.985324	0.985699	0.916231	537.295888	269262.954237	36.603253	1044.847947	1065.615128	82.988844	1783135364.939980	0.000000
119.000000	0.062371	-7.083162	-2.132035	26.869319	75.438428	157.986393	183.934223	141.925065	80.003857	10.472337	-106.973828	36.187861	91.932272	522.903586	442.464323	618.856302	0.942261	0.855508	0.898859	0.841250	0.849525	0.823926	0.957136	460.827923	244091.507719	36.600005	967.556141	1067.433082	87.187675	1783135364.940004	0.000000
120.000000	1.299237	-6.662948	-7.628526	-5.419487	38.204873	98.718835	139.945853	163.427870	194.727929	169.469320	82.681256	-5.602152	48.494640	-96.805740	93.308089	284.905450	0.848143	0.919096	0.848557	0.909110	0.977516	0.969983	0.996351	528.281945	238526.200582	36.606855	1003.690285	1032.832845	87.738209	1783135364.940024	0.000000
121.000000	3.277563	-2.005910	-7.442741	-17.299069	-7.562499	27.251953	77.383636	135.209718	160.975880	239.816224	299.107172	424.976990	176.275441	117.204279	105.560558	70.524980	0.888672	0.997990	0.949915	0.847091	0.975795	0.873708	1.079307	535.864871	228151.621027	36.606478	971.142721	903.350883	92.155311	1783135364.955321	0.000000
122.000000	4.851406	0.152907	-6.052884	-5.248754	-19.879324	-17.977293	0.213390	36.089724	78.979491	133.265175	182.453334	178.654143	314.847464	452.448604	416.097223	313.360025	0.810800	0.931023	0.877658	0.895452	0.864398	0.964955	1.013328	461.584179	250712.320626	36.605816	961.338921	1034.063993	89.757604	1783135364.955383	0.000000
123.000000	6.567181	8.226993	1.376020	-9.945056	-0.662771	1.816476	-57.130466	-21.749980	-72.738306	-3.300690	-70.597644	-48.554968	83.470386	75.382189	139.326607	183.406983	0.960407	0.982374	0.923904	0.824422	0.973424	0.980413	0.939814	537.975117	233288.201993	36.599692	912.637157	940.291291	89.428328	1783135364.955412	0.000000
124.000000	8.315676	14.089730	17.725280	19.713881	27.037957	27.544014	22.630863	17.396630	-7.544440	25.342858	34.047600	33.537498	-47.438059	-54.741775	9.161323	-169.543140	0.973446	0.884570	0.938541	0.811600	0.817042	0.995450	1.038067	503.186798	251415.389059	36.609199	1073.428642	910.694601	86.245290	1783135364.955438	0.000000
125.000000	10.000000	21.508126	33.982017	47.903052	67.514301	77.415986	108.968852	267.896488	125.800338	309.916320	190.311195	159.976996	282.369265	328.329092	267.885048	280.541477	0.854217	0.976822	0.851799	0.892410	0.994396	0.914074	1.066493	529.841240	251701.336797	36.601164	1085.548351	906.880924	96.960021	1783135364.971580	0.000000
126.000000	11.730944	28.668467	49.401500	74.932202	111.573875	119.932421	183.664399	220.586946	192.037530	449.054479	263.168242	326.934759	361.736520	215.490822	202.336888	183.354915	0.987087	0.929267	0.945693	0.889656	0.953203	0.940542	0.938241	481.496314	267652.748267	36.607725	1052.643760	956.628371	82.582749	1783135364.971636	0.000000
127.000000	13.597715	34.861904	63.051009	95.606708	104.545948	131.164377	128.569446	173.836206	133.886567	114.449468	91.283159	21.989127	-63.106322	36.525269	-63.163620	-181.818134	0.908719	0.873732	0.807541	0.984384	0.804128	0.855214	1.043180	521.839653	274479.865943	36.595831	965.430085	1050.774111	90.185452	1783135364.971661	0.000000
128.000000	15.019212	39.629197	70.922634	104.638337	103.457520	99.099294	91.797425	62.638008	4.899399	-22.863802	-118.052022	46.528959	11.699117	74.663474	312.371643	186.867196	0.956305	0.937190	0.845661	0.919722	0.862132	0.907049	1.014158	500.259319	243154.488271	36.592687	1085.514537	928.422342	96.960377	1783135364.971684	0.000000
129.000000	16.909772	45.872029	74.828114	86.281647	85.241306	48.559564	21.701750	-33.880637	-55.660913	-48.484689	55.493057	143.119048	248.641122	270.720696	586.745193	197.334256	0.888826	0.990437	0.882441	0.982368	0.973458	0.982440	1.015513	516.867837	263705.661916	36.594769	1093.078263	1036.345213	86.009232	1783135364.986634	0.000000
130.000000	17.925100	47.206309	64.998113	62.502423	34.268092	-2.478876	-52.202628	9.635345	62.083147	145.123501	217.950071	333.431003	240.223909	132.920090	114.288788	-221.346805	0.885294	0.940902	0.841501	0.909749	0.956314	0.951406	1.047575	484.293788	274940.354851	36.607759	1005.785452	1039.679822	88.100616	1783135364.986747	0.000000
131.000000	19.452603	45.859511	56.023051	38.825940	-8.983371	-8.106848	10.821888	91.238723	199.768351	239.377375	425.424381	103.229718	-106.740048	15.973275	2.475167	249.918757	0.946296	0.969737	0.946800	0.932570	0.860412	0.831374	0.994574	508.744899	253087.766692	36.598047	985.035953	977.277369	85.842451	1783135364.986773	0.000000
132.000000	20.460148	50.207984	44.487103	16.318355	-9.603173	0.058024	87.020247	158.060220	160.540581	121.042057	-28.061339	17.599232	62.555132	171.488017	361.206979	279.971247	0.884611	0.898207	0.983704	0.876439	0.879972	0.840465	1.057037	451.339068	266659.642028	36.597074	997.903189	1071.035973	97.956398	1783135364.986797	0.000000
133.000000	22.415421	46.149194	31.159868	-18.080044	-7.200780	59.906912	131.370133	200.481088	86.803511	-57.279017	-9.733508	126.315423	610.535103	294.954994	142.012740	-170.968507	0.899507	0.879774	0.994114	0.871583	0.997357	0.985902	0.930366	484.261989	253630.927879	36.602974	998.526775	936.683734	81.158989	1783135365.004014	0.000000
134.000000	22.265633	40.567728	16.691235	-14.523222	13.311707	123.656623	139.970976	83.060544	-88.450713	6.747868	154.523932	316.419571	376.648718	71.342112	-137.790583	300.235118	0.876221	0.878467	0.956727	0.871613	0.808305	0.840476	0.908672	497.938340	259237.011316	36.597998	922.537916	929.482233	83.598754	1783135365.004171	0.000000
135.000000	24.089494	36.797276	-1.542716	-18.380229	62.007855	143.802645	106.507152	1.201936	-33.836151	141.090793	287.300507	128.652154	-119.309094	-20.595169	269.926015	724.992612	0.846813	0.846103	0.821561	0.816571	0.942840	0.866022	1.089397	469.665516	256565.265127	36.605845	1050.797674	914.598605	81.675124	1783135365.004198	0.000000
136.000000	24.237215	28.879793	-12.209006	8.019655	103.154770	113.079131	3.589503	-18.838675	258.189427	216.575753	110.273288	-112.029070	46.789324	699.470565	300.135894	-141.993407	0.801958	0.954169	0.936316	0.976361	0.942747	0.926946	1.050596	472.750753	246518.361826	36.596072	1026.018994	966.102345	96.957845	1783135365.004222	0.000000
137.000000	24.214022	21.927581	-10.794448	34.225386	107.330000	70.386180	-24.525897	61.380991	178.719102	135.796455	-37.655955	103.035908	298.026253	382.133255	-198.721668	81.974417	0.890091	0.954277	0.987817	0.934760	0.866228	0.920945	1.003222	547.357283	274556.506134	36.609319	990.137003	957.793762	93.987701	1783135365.018546	0.000000
138.000000	23.958666	14.783167	-7.426478	62.300252	115.675238	6.281866	6.912514	189.767041	130.413983	-80.720776	48.515675	325.737715	162.224298	-97.472411	174.481196	341.720956	0.957975	0.943429	0.812556	0.814123	0.862714	0.974488	1.090871	545.301948	263629.460549	36.598314	993.444496	948.534680	83.938169	1783135365.018639	0.000000
139.000000	24.490953	7.710646	-8.183564	85.410632	80.930417	-16.310111	142.805323	181.885334	18.852425	35.892763	288.724518	308.374053	-114.570164	171.109469	428.989878	-6.679226	0.938186	0.907571	0.927420	0.875799	0.805329	0.948962	1.048819	536.498675	252616.793889	36.596863	932.480437	939.749994	85.365611	1783135365.018688	0.000000
140.000000	23.136152	2.358354	6.435707	101.208764	38.888119	3.394296	256.740481	118.111770	-9.522175	146.929760	237.332255	-123.840107	127.018865	454.533767	27.742543	95.401869	0.841398	0.862041	0.992011	0.821722	0.956266	0.996352	0.990444	495.306126	236513.211636	36.607894	977.866725	956.650600	81.304281	1783135365.018729	0.000000
141.000000	22.223413	-2.015593	24.037872	102.374406	-12.197004	34.400705	290.005451	2.298898	54.309156	184.335720	-22.849695	100.708703	308.803136	5.776590	110.396192	488.926557	0.979386	0.868330	0.885646	0.802432	0.941251	0.993583	1.061129	525.910007	258196.304401	36.596185	952.935274	1038.357715	82.787259	1783135365.033572	0.000000
142.000000	21.373696	-6.554654	39.379210	84.303215	-30.016496	110.914000	128.574755	-36.031546	147.568372	117.955546	-39.641551	186.705914	106.178393	-54.493045	499.450685	88.483760	0.902395	0.865899	0.981583	0.801665	0.802692	0.913672	1.081062	460.307647	271146.844655	36.602581	1096.705618	1004.193741	80.620877	1783135365.033622	0.000000
143.000000	21.061428	-10.100936	52.706023	54.259512	-17.015223	129.977670	37.795107	39.139802	241.030425	-69.825623	144.910904	260.320646	-116.743164	205.366435	246.182496	-2.644849	0.958350	0.971873	0.859384	0.929719	0.918420	0.918727	0.944006	524.004000	232526.050083	36.590659	933.370522	954.294641	83.275488	1783135365.033643	0.000000
144.000000	19.649430	-9.740656	65.539946	23.273505	17.959266	133.635060	-15.792630	165.724870	102.702900	-48.846454	296.791811	-87.818912	171.533868	231.699350	-30.735280	289.135879	0.870600	0.844185	0.842913	0.945656	0.921841	0.823005	1.096397	463.035981	250525.925681	36.593337	1099.787171	913.859789	88.623279	1783135365.048533	0.000000
145.000000	17.897851	-4.593541	73.297933	7.971116	64.676552	86.122050	-4.100764	169.882817	-35.945051	146.213723	135.200951	66.626081	306.766785	25.530688	468.009180	140.292353	0.958933	0.962471	0.835597	0.984547	0.906862	0.858813	1.021894	488.152571	274018.336442	36.592182	937.813863	981.185366	96.988043	1783135365.048579	0.000000
146.000000	16.703615	-3.914361	68.234846	-21.716439	94.349189	26.450561	61.551628	152.715809	-13.629355	189.111863	5.389448	171.209972	37.197030	106.011164	334.057989	-108.730337	0.883866	0.897688	0.908238	0.963791	0.829972	0.916462	1.096680	489.401770	273565.456074	36.591518	1066.899876	975.032764	94.880827	1783135365.048599	0.000000
147.000000	14.957930	1.519948	70.879344	-7.193068	119.950501	-30.116026	138.291824	43.805235	103.380335	113.638308	13.909052	318.245177	-6.396223	217.545885	43.071017	500.884552	0.901131	0.855410	0.822039	0.846740	0.800132	0.974657	1.058729	458.144984	241044.762263	36.592155	1089.808788	925.475004	99.999808	1783135365.048616	0.000000
148.000000	13.544667	7.219727	58.139384	-5.937829	120.935830	-16.304454	182.220833	-48.118502	191.948509	-52.642286	205.850268	-1.000905	205.681240	73.996351	172.382331	203.539970	0.965203	0.931544	0.821049	0.969300	0.815105	0.860885	0.952143	492.285712	268811.580767	36.607297	964.423596	1026.764998	93.946458	1783135365.063961	0.000000
149.000000	11.843108	14.887003	43.162135	18.920974	80.454508	23.516591	109.128274	36.491178	183.679487	-17.308595	236.303521	-43.120216	320.890285	-62.356006	394.030264	61.454834	0.884910	0.902898	0.895461	0.903904	0.978018	0.989235	1.007194	504.998421	259969.354810	36.601761	1049.481001	996.970053	84.879481	1783135365.064017	0.000000
150.000000	10.000000	21.518443	26.043636	47.974996	32.637467	78.297105	38.198356	131.804137	22.276754	333.464065	71.124806	231.638882	59.955283	237.070893	-77.494379	752.047218	0.850377	0.980543	0.826305	0.896755	0.961259	0.927365	1.063046	503.184603	249896.840618	36.608724	913.384509	1071.235631	82.802882	1783135365.064043	0.000000
151.000000	8.202829	28.937573	10.442739	79.100972	-2.567061	112.749998	-17.843110	229.573515	-22.880048	512.465897	19.588473	334.828420	61.604567	268.987483	-3.445317	485.119189	0.900075	0.883488	0.863022	0.868091	0.859218	0.977446	0.998816	544.878905	259664.865726	36.609828	911.856028	971.664742	81.001982	1783135365.064065	0.000000
152.000000	6.478030	35.472584	-3.693732	96.897313	-3.138840	163.383004	8.294517	142.417550	43.718464	119.528289	126.140365	44.505555	585.204077	-22.781122	452.365461	-179.761660	0.971496	0.991738	0.839738	0.954909	0.963585	0.992164	0.908019	535.245193	234928.839093	36.603298	1000.740751	946.672158	99.316296	1783135365.080234	0.000000
153.000000	4.928370	39.045749	-9.695435	92.922051	-26.521283	121.980857	44.032877	51.484658	145.453758	12.345524	637.665638	-32.067806	591.172384	172.703397	134.950146	310.577713	0.979604	0.902906	0.984626	0.965666	0.966778	0.913525	1.054929	512.467960	237235.548404	36.606581	1098.452689	1069.378906	98.388974	1783135365.080291	0.000000
154.000000	3.228968	43.611554	-15.523846	84.887985	26.652781	50.536071	135.859950	-13.001069	195.676245	-11.537860	284.304116	148.260626	15.504102	678.343286	-69.335939	326.002588	0.859490	0.813583	0.849430	0.803869	0.950252	0.968869	0.986598	505.372502	270458.056844	36.607943	998.400934	1036.305813	84.245612	1783135365.080314	0.000000
155.000000	1.431318	45.174493	-3.376788	61.318820	62.330804	-8.033833	155.534303	15.554930	106.550076	153.077639	-22.455021	370.257218	39.521715	136.205933	294.650138	52.658188	0.836992	0.854521	0.808975	0.850329	0.820544	0.877692	1.046188	491.879719	277313.293388	36.608549	919.957786	1049.118587	92.241155	1783135365.080333	0.000000
156.000000	0.644857	48.012625	-2.355546	38.544297	109.620874	-37.234229	156.330881	183.223675	-53.807545	282.165171	-15.634463	95.248451	233.215427	-154.950172	286.756595	191.831493	0.837689	0.980146	0.890265	0.984419	0.947582	0.803583	1.031380	480.133063	253052.784924	36.598212	932.753046	968.324205	86.666640	1783135365.095373	0.000000
157.000000	-0.816674	48.632784	15.041193	12.203991	117.317253	-7.050929	54.667027	166.888550	-7.253150	127.097766	250.681972	-35.417349	218.552298	207.908617	47.551729	380.636513	0.868191	0.906825	0.929540	0.892984	0.923748	0.917619	0.989840	523.910157	263330.237962	36.606036	914.025316	943.831768	81.880011	1783135365.095436	0.000000
158.000000	-2.070356	47.272580	28.945411	-17.696706	106.201478	59.876443	-33.814291	215.941797	93.472397	28.906775	313.208893	129.542870	-71.914444	230.300948	155.508476	-79.411529	0.964574	0.873257	0.894450	0.870505	0.839702	0.858407	0.976561	527.701596	268181.103843	36.597429	987.278058	1020.893142	85.007937	1783135365.095461	0.000000
159.000000	-2.902101	40.270425	44.940353	-15.715134	84.149338	113.736707	-32.452400	81.923923	211.857039	-9.974486	76.272929	556.368943	70.018029	38.528849	733.819496	159.030549	0.804016	0.997171	0.957522	0.978293	0.853519	0.898248	1.047472	480.928893	235033.920776	36.597196	906.541952	1016.833816	98.139980	1783135365.095484	0.000000
160.000000	-3.310218	35.452121	62.059481	-12.186597	36.687578	161.330412	31.976752	-26.646005	217.000895	151.739536	23.050264	283.594320	239.878889	62.177990	-60.770933	425.218212	0.824037	0.811149	0.942665	0.841815	0.871900	0.897585	1.099461	510.942538	234455.615621	36.608146	920.627113	989.994258	87.417236	1783135365.110840	0.000000
161.000000	-3.564876	28.312441	62.278064	4.302471	7.052193	111.469715	138.329451	-12.620833	117.962215	242.657984	109.551669	-43.661114	204.920717	318.382066	39.083767	95.720475	0.904881	0.813960	0.953107	0.876605	0.858028	0.933866	0.950458	526.051935	277073.555293	36.594742	1012.777117	949.316539	85.188697	1783135365.111274	0.000000
162.000000	-3.992448	22.344515	77.987406	34.947366	-28.474620	68.438721	164.332634	63.081373	-26.955186	136.887229	312.363881	68.509786	53.316936	153.749078	430.627675	64.407369	0.928819	0.946713	0.838838	0.911982	0.803636	0.808402	1.090802	502.121682	251593.866892	36.599112	936.824633	1066.243255	95.800533	1783135365.111304	0.000000
163.000000	-3.608069	14.793553	73.677306	59.364532	2.047072	12.454123	160.716403	183.070036	39.193062	-43.554449	170.472781	242.203436	98.384051	36.174365	135.967616	491.274130	0.921902	0.998440	0.964447	0.854756	0.926278	0.830742	0.931476	485.111486	257575.392963	36.592858	973.143800	1006.619552	98.346454	1783135365.111327	0.000000
164.000000	-3.774958	8.381273	64.538316	80.815537	27.084705	-35.515729	65.717315	227.544842	139.656333	27.178518	19.688861	174.676055	229.639343	173.007746	84.556290	132.758735	0.994796	0.819475	0.953985	0.833815	0.857145	0.891482	0.935592	519.190782	231470.038690	36.598093	1093.781013	1027.897795	99.339969	1783135365.126182	0.000000
165.000000	-3.291592	2.848220	49.446464	98.664716	61.403979	-27.961434	12.916922	98.719589	261.903694	189.353477	-27.975299	-130.455425	135.978339	369.136781	370.506562	56.360109	0.887913	0.843701	0.963116	0.942763	0.973814	0.980026	0.970341	512.817508	261825.602230	36.604067	1019.891034	985.851932	84.069558	1783135365.126280	0.000000
166.000000	-3.308318	-4.505403	36.756686	84.109931	106.712169	38.829964	-42.421582	11.956325	144.933443	255.068295	190.486219	13.633361	-91.536700	43.546642	298.199533	610.662784	0.904887	0.913910	0.884831	0.994384	0.868203	0.907314	0.961012	470.433085	260798.243609	36.600274	950.122563	971.875513	99.641069	1783135365.126303	0.000000
167.000000	-1.435227	-7.936347	20.615414	77.477265	129.963591	106.195244	20.561147	-34.031959	-34.601305	127.844924	311.875346	233.588467	141.571796	5.638755	-24.834327	36.407478	0.854662	0.853980	0.967514	0.861762	0.914265	0.862485	0.977413	547.257034	263824.366984	36.591799	917.631544	1075.808618	83.399889	1783135365.141855	0.000000
168.000000	-0.885028	-8.885112	4.959486	52.600076	107.228470	135.984296	97.166759	25.285259	-23.761433	-27.771426	70.730210	174.060716	335.150324	318.163046	168.496118	126.707345	0.987258	0.831616	0.842120	0.834065	0.903514	0.999495	0.909321	542.368406	267220.387873	36.599593	908.140622	1059.246327	92.465781	1783135365.141928	0.000000
169.000000	0.480887	-7.978723	-6.575037	27.122577	83.603647	116.302642	142.030210	169.322766	78.762992	6.552572	-93.030492	-91.264579	111.838862	518.358026	459.303447	518.722968	0.913742	0.988569	0.900073	0.813352	0.894802	0.978109	0.992342	482.910428	237630.681239	36.595889	934.950240	905.322492	92.002403	1783135365.141966	0.000000
170.000000	1.517920	-7.831785	-10.590451	3.921642	34.329271	93.275816	174.327028	166.190698	231.665781	190.243893	92.061932	-0.607250	-27.634733	-112.027499	32.471551	121.038314	0.859832	0.858109	0.981111	0.809628	0.815088	0.818434	0.908081	505.523297	242564.062265	36.597678	925.055554	1025.111267	87.168641	1783135365.141986	0.000000
171.000000	3.261977	-3.477708	-6.797161	-17.666554	5.936124	21.828420	77.762676	135.651488	152.881209	251.561913	290.736915	257.806342	400.502167	230.530022	22.016088	-88.992725	0.892907	0.897479	0.931833	0.933842	0.976757	0.878789	0.910941	537.629291	271691.090054	36.607138	1029.203588	972.107353	82.195812	1783135365.157405	0.000000
172.000000	4.599758	3.162173	-4.083793	-9.909080	-36.592274	-23.796297	19.434121	29.335394	74.799438	120.164039	198.329854	261.936291	634.943344	335.327012	341.061617	220.108426	0.827565	0.961595	0.876136	0.811289	0.990343	0.910341	0.954028	481.641779	277537.440058	36.606496	914.566713	1063.518079	89.006901	1783135365.157449	0.000000
173.000000	6.655224	8.820413	7.202340	-9.557712	-22.223970	-5.383365	-6.511595	-36.511232	18.441429	-84.933838	-12.327954	-41.084269	15.362717	78.858220	140.244277	199.402826	0.833557	0.978691	0.824216	0.941959	0.920755	0.810969	0.993458	462.303274	242296.475161	36.607587	968.531994	919.176682	96.801179	1783135365.157472	0.000000
174.000000	8.213154	14.230709	19.107363	18.975980	25.068255	21.017363	21.533756	14.433490	39.297872	-31.496516	-20.376485	39.303778	-40.931331	-10.277205	-141.542222	-129.037974	0.872550	0.910569	0.999982	0.909830	0.906861	0.811163	1.094899	502.984254	237567.098898	36.600407	1016.460812	916.788075	99.076150	1783135365.157489	0.000000
175.000000	10.000000	21.322715	34.805498	49.228384	66.347681	75.317445	207.872335	128.299120	156.566312	349.538378	376.172134	240.801080	231.720192	281.656213	628.112191	363.967321	0.996068	0.850729	0.868980	0.949737	0.977298	0.914068	0.953720	496.860738	277649.332337	36.599603	1037.346211	968.230078	95.533710	1783135365.173270	0.000000
176.000000	11.784952	28.939534	51.733546	80.885219	110.091751	111.538426	334.321042	205.268233	165.746607	451.418088	546.569722	354.843103	341.661368	234.521135	449.431357	282.982811	0.928441	0.930846	0.829903	0.875162	0.963663	0.936048	0.945237	478.277294	264675.332146	36.591440	1089.065519	974.628544	96.392562	1783135365.173334	0.000000
177.000000	13.646487	34.782720	66.337942	96.516268	109.279509	154.367295	175.138371	162.790186	154.081261	133.262813	190.235293	61.475248	59.483906	-120.309014	-185.008065	-145.374948	0.823240	0.866995	0.874464	0.854921	0.922509	0.939377	1.053002	513.330838	274034.878874	36.590540	1024.113586	942.844181	88.332713	1783135365.173361	0.000000
178.000000	15.109978	41.099585	72.692900	98.706896	117.292012	105.678979	85.954358	55.308358	0.774438	1.980797	-62.066390	-1.655704	72.458838	118.682427	167.696462	314.512944	0.932210	0.979028	0.912093	0.966365	0.898710	0.943715	1.089125	454.310625	232072.046784	36.604386	992.917451	1048.126368	89.203560	1783135365.173384	0.000000
179.000000	16.716543	45.771624	68.133098	93.932330	78.146651	49.157824	-2.912984	4.341736	-17.974259	-35.879967	90.784742	313.287358	273.570148	250.140210	260.760934	521.856540	0.823370	0.986697	0.925873	0.870197	0.805544	0.938637	1.043897	545.952359	258225.463455	36.601744	1073.612813	991.492926	95.134346	1783135365.188693	0.000000
180.000000	17.921589	49.729148	74.395002	68.845546	36.902866	-15.069555	-51.902270	-27.815427	69.714714	164.873664	257.063457	545.723489	307.477195	137.243621	77.005471	-79.520982	0.812869	0.999559	0.961100	0.962507	0.937381	0.889619	0.947415	502.750982	229361.229069	36.598221	941.214310	1022.882658	83.224503	1783135365.188751	0.000000
181.000000	19.623072	47.125259	63.109159	38.691259	1.090551	-7.827687	-1.963531	90.701877	219.697161	245.673799	153.959468	193.632402	-78.132966	-135.823746	-44.762318	432.615842	0.838794	0.844415	0.961326	0.817659	0.988406	0.856049	1.083364	517.686230	229639.275517	36.602508	946.239759	950.890918	95.067087	1783135365.188775	0.000000
182.000000	21.004933	46.293738	48.033450	6.044910	-25.236829	-11.740632	89.363282	217.856717	205.562111	116.233460	55.030454	-135.822681	34.669462	182.151726	301.089321	287.216438	0.978137	0.948942	0.800973	0.995741	0.866417	0.918562	0.989652	524.271012	264329.988680	36.595041	1038.338764	946.604872	85.999345	1783135365.188799	0.000000
183.000000	22.143601	46.682103	31.236533	-10.593175	-14.459697	59.875719	153.379245	150.165065	87.281158	-56.348440	-15.065547	128.621084	197.153473	339.840103	130.915898	81.657596	0.804882	0.934445	0.923653	0.990238	0.934878	0.993113	0.999854	471.309324	244389.543878	36.592810	950.599675	1075.772368	94.259432	1783135365.204250	0.000000
184.000000	23.273908	40.237666	15.480532	-26.946377	26.704849	125.459962	137.258049	83.066624	-71.746382	-38.065685	177.792249	343.346786	190.748516	82.111045	76.746253	159.818991	0.840164	0.823617	0.978326	0.933998	0.921390	0.803543	1.004430	518.614272	230840.914052	36.603673	1085.517831	1063.868344	80.901403	1783135365.204344	0.000000
185.000000	23.434028	33.994325	2.155456	-18.786114	61.782843	155.958834	100.420460	1.302902	-48.471806	136.526813	322.039109	131.906174	-145.978030	85.124753	193.790486	370.795168	0.846892	0.805304	0.892739	0.985307	0.996210	0.844606	1.074783	473.006102	275776.787791	36.600881	937.487479	1039.900398	93.353036	1783135365.204370	0.000000
186.000000	24.288647	28.324688	-4.784584	7.042715	107.025261	114.484968	20.312051	-22.750715	133.143425	246.521360	110.195268	-130.220784	50.399267	550.779685	277.731651	115.312983	0.831691	0.904320	0.801861	0.892225	0.935582	0.886918	1.058648	473.469287	230054.846211	36.596275	1013.481140	919.330858	99.440568	1783135365.204392	0.000000
187.000000	24.047716	22.210244	-6.394396	33.239732	133.484712	70.287956	-0.948761	128.402851	257.111422	125.960058	6.848732	101.711267	417.684201	332.483498	51.659679	109.366533	0.946099	0.891068	0.992640	0.957583	0.811902	0.958912	1.007125	510.119347	258587.082735	36.592713	924.308489	984.725568	87.072474	1783135365.219624	0.000000
188.000000	23.491285	15.062454	-14.838620	61.336918	97.792981	10.628870	-25.037142	189.683748	356.008247	-63.872266	28.222417	229.810094	168.480799	-123.986455	155.836231	376.527445	0.864270	0.838892	0.862183	0.917563	0.948998	0.863153	1.031475	464.611080	252731.916871	36.605261	1044.872191	947.187452	97.839181	1783135365.219671	0.000000
189.000000	23.620145	7.615906	0.456964	80.177702	84.853222	-25.025922	73.641810	149.763556	48.840882	29.458726	295.054542	193.033997	-12.640790	182.524428	406.399760	98.519112	0.897767	0.880711	0.952785	0.859817	0.879601	0.974184	1.000783	547.596751	228550.797095	36.604780	961.721296	901.501676	89.756007	1783135365.219689	0.000000
190.000000	23.167837	2.200905	10.822115	93.393958	35.109649	-32.713797	149.723817	102.293026	-66.676582	143.374627	253.299134	-118.089558	241.998154	317.452449	39.765259	37.547693	0.903781	0.961660	0.800777	0.857075	0.957440	0.966289	0.993573	510.893500	235016.641516	36.592531	905.443163	1092.829192	86.390339	1783135365.219758	0.000000
191.000000	22.860753	-3.622776	23.059202	98.392647	-10.245794	39.395868	177.727623	24.048684	64.240409	280.294322	54.757864	13.107252	592.389167	76.270573	109.836280	453.635754	0.873059	0.900562	0.940191	0.895325	0.952635	0.817653	1.060264	549.927546	263578.531214	36.594904	954.610177	1079.998513	85.710695	1783135365.234465	0.000000
192.000000	22.440516	-4.816307	39.223848	78.870565	-26.404219	108.096371	117.200439	-38.530559	180.115176	119.947653	-94.909315	294.727537	115.942507	91.507420	729.498473	50.868138	0.990927	0.992320	0.897963	0.998236	0.905655	0.810755	1.003517	502.854536	231760.072688	36.608196	966.978250	1020.104847	82.000952	1783135365.234507	0.000000
193.000000	21.275973	-6.356748	54.629085	51.934683	-19.228383	131.615283	32.085696	42.088997	249.824509	-12.138608	132.581692	187.955933	15.069786	350.880577	252.426017	-48.841376	0.935165	0.852352	0.920333	0.924239	0.818022	0.904322	1.079940	502.798399	254113.422843	36.593104	978.209744	930.683883	93.134111	1783135365.234527	0.000000
194.000000	19.973366	-6.171636	61.199021	25.128015	18.230875	153.891055	7.252807	130.136940	98.921238	46.484692	298.115260	63.912769	196.003593	249.216599	-169.270747	552.073775	0.841531	0.986378	0.938765	0.867700	0.939640	0.913329	0.921743	482.502084	271212.724310	36.609791	1059.015018	988.761774	89.016662	1783135365.234545	0.000000
195.000000	18.378545	-8.016994	71.914471	-6.452005	63.081770	88.274221	-5.397142	219.387533	1.093149	146.901018	121.351782	-26.019194	284.170653	4.940448	374.381617	242.092889	0.921216	0.884085	0.905084	0.991110	0.939371	0.994653	1.044817	497.401298	243502.551610	36.600631	1034.283469	940.572730	97.731682	1783135365.249191	0.000000
196.000000	16.815561	-4.035638	72.642991	-8.990549	94.040571	31.458682	60.407488	136.477196	-34.507231	240.545470	14.186634	188.163963	57.526438	121.935151	344.253428	40.976491	0.905756	0.998619	0.988633	0.819570	0.995063	0.803222	0.903576	497.765130	254561.795697	36.604049	999.771009	1018.884824	93.475267	1783135365.249228	0.000000
197.000000	15.397097	1.987873	68.639642	-19.505162	130.053681	-33.292200	165.917650	45.507663	111.622572	131.544470	32.677210	286.599357	57.298537	472.718439	-151.010863	486.152428	0.828236	0.954961	0.957824	0.824002	0.903550	0.831734	0.904411	545.145879	250438.232632	36.596650	1030.387374	1047.063789	88.514684	1783135365.249249	0.000000
198.000000	13.647850	7.759137	56.605476	1.945056	115.389562	-0.534145	151.116121	-18.531027	239.885010	-60.761259	491.034126	66.127713	218.858619	119.765861	156.803585	189.462429	0.835411	0.972336	0.967749	0.907839	0.936481	0.959548	0.959032	451.499355	236055.415855	36.607593	945.167709	961.288847	85.594543	1783135365.264349	0.000000
199.000000	11.746980	14.188260	40.641315	17.394410	83.852261	24.958954	140.168907	24.473654	149.216510	-12.699251	492.518049	-80.729913	266.613571	-148.076077	410.790226	-219.463877	0.840055	0.826272	0.810848	0.921797	0.991559	0.948960	0.984331	548.170967	264215.816644	36.604170	1085.788891	1098.688893	80.477746	1783135365.264396	0.000000
200.000000	10.000000	21.474646	25.966019	46.961177	36.937221	78.916915	38.104974	113.719667	56.633661	352.863402	8.465228	393.670641	44.813362	296.831566	27.133868	240.786058	0.979598	0.933775	0.967670	0.937247	0.996697	0.914328	0.948445	528.539137	259955.801488	36.595451	938.203480	952.947557	98.176185	1783135365.264416	0.000000
201.000000	8.170330	27.977999	9.739065	76.828688	10.348992	130.781625	-6.928378	173.769862	-80.875923	474.480219	-83.315549	556.648525	63.130439	216.344607	47.570004	290.445363	0.866181	0.868398	0.978438	0.999949	0.857149	0.824542	0.924906	457.136479	244448.545732	36.605993	1084.231598	988.497424	98.977789	1783135365.264434	0.000000
202.000000	6.575480	36.121083	-5.745775	81.523268	-15.160885	167.164821	5.455727	185.722126	42.897334	127.073675	137.728424	63.675608	247.018390	-29.292824	210.328457	-123.902271	0.887828	0.825821	0.944649	0.933951	0.913691	0.819064	1.011762	459.388685	271939.365608	36.591009	922.108119	910.111934	89.329712	1783135365.279981	0.000000
203.000000	4.895095	40.972738	-14.000880	97.481698	-2.524307	95.921527	44.998730	57.416552	172.314754	-56.844507	225.493102	-102.346762	332.348149	136.476783	132.125497	312.934899	0.830439	0.916260	0.876793	0.823129	0.865669	0.983097	0.954720	542.316686	252992.280203	36.600955	959.836165	1057.464736	96.186874	1783135365.280022	0.000000
204.000000	3.454611	42.426206	-11.611804	89.516827	23.383455	52.114552	142.756924	9.022365	208.676291	31.006645	139.487502	196.179417	-77.930211	701.476193	-113.450234	393.173102	0.964536	0.953317	0.918757	0.922309	0.820518	0.888579	0.931443	544.103261	263891.201564	36.594342	997.412080	1033.721698	85.215733	1783135365.280042	0.000000
205.000000	1.985196	49.292569	-5.138391	62.408350	65.171182	8.160729	142.026673	-15.306541	128.908975	160.059881	38.366710	219.900244	33.394809	269.005827	314.068112	-108.298761	0.870858	0.963952	0.879013	0.864086	0.804493	0.887200	1.067319	512.796438	240455.372574	36.606360	1093.842938	1032.591566	90.037548	1783135365.280060	0.000000
206.000000	0.488526	47.473446	1.399283	38.383809	114.938175	-2.848163	146.368230	91.064201	-26.016790	259.178600	25.641950	103.386951	372.177827	-101.637781	197.965717	201.892792	0.956606	0.940566	0.829013	0.902562	0.892031	0.915870	0.971987	513.796587	250261.702526	36.607927	905.452045	1011.175208	84.354003	1783135365.295205	0.000000
207.000000	-0.968084	46.721408	13.872511	6.313482	127.330868	8.612809	49.403876	208.218610	-72.913632	119.228539	273.257210	35.223168	181.022173	170.629941	-189.664815	312.010526	0.836777	0.937465	0.889061	0.906877	0.986453	0.912065	1.066663	484.615509	262811.871412	36.602876	913.592800	922.608331	90.989050	1783135365.295246	0.000000
208.000000	-1.535150	43.577382	28.901117	-3.499877	123.977485	59.914501	-10.345627	144.795618	92.478399	-58.961509	282.581398	126.431015	-137.127248	403.736173	312.108604	-56.211602	0.800865	0.858802	0.894124	0.802241	0.869237	0.839706	0.990001	542.195325	252866.722301	36.605092	1085.917884	938.618054	96.215547	1783135365.295270	0.000000
209.000000	-2.526288	42.328234	43.283604	-17.871694	72.300412	112.125315	-32.508402	83.752254	200.128850	-29.022014	64.394019	287.458264	96.839437	40.733663	569.880334	332.178253	0.943863	0.996532	0.958244	0.994954	0.945533	0.861896	1.021777	454.437245	242642.888973	36.594303	905.803931	1058.118147	81.281689	1783135365.295290	0.000000
210.000000	-2.935261	35.090643	56.201056	-12.458451	36.623458	122.961959	89.278490	13.581360	217.502671	190.958633	13.731310	132.443755	545.394941	82.452539	-13.412935	648.656953	0.972782	0.961302	0.957256	0.971804	0.870396	0.923389	0.972577	493.032423	250595.957004	36.592346	966.679667	940.827379	98.490694	1783135365.311045	0.000000
211.000000	-3.511489	29.957402	62.261360	2.292379	-6.346863	120.206039	268.285623	-9.589707	48.218046	259.388916	109.610257	-122.071946	162.267695	319.189651	22.446888	-107.250125	0.958121	0.891788	0.996864	0.952693	0.977877	0.802605	0.951611	533.161586	266696.919637	36.603758	1049.650612	992.406679	98.879074	1783135365.311334	0.000000
212.000000	-3.840771	22.316036	71.350925	34.923703	-23.652430	73.516356	162.304245	65.999786	20.149177	125.009325	238.381937	101.361672	-99.751611	207.659417	488.231841	115.528957	0.965051	0.903369	0.944653	0.952314	0.996781	0.929582	1.012339	525.799911	277056.463869	36.608281	1012.247610	973.386534	86.649546	1783135365.311374	0.000000
213.000000	-4.693447	15.511238	73.822098	65.411803	-15.447109	20.553333	159.970092	145.634212	-12.849751	-64.807399	197.857901	238.373196	101.784921	-118.239376	144.468757	328.268563	0.971545	0.952830	0.861460	0.847414	0.858380	0.809263	1.000633	487.527670	228868.520522	36.594154	1057.420142	920.530383	98.272757	1783135365.311442	0.000000
214.000000	-4.342360	7.600280	61.192742	92.139076	24.015166	-36.765083	64.104212	149.059325	170.221068	-45.419903	-3.520061	171.974256	220.327206	160.237525	-113.768992	-41.383149	0.909312	0.821178	0.985068	0.929853	0.950235	0.875362	1.011461	462.863855	277302.554663	36.592496	993.894079	1088.582255	89.117202	1783135365.326999	0.000000
215.000000	-2.819341	0.931672	50.836938	101.746444	67.015676	-0.895622	1.616299	104.417055	437.877799	144.727312	54.357820	-9.033758	131.949850	362.814987	195.097099	91.064912	0.908174	0.836223	0.995731	0.893465	0.893013	0.856665	0.982748	543.925250	275646.701440	36.597342	946.458519	923.974288	94.652112	1783135365.327031	0.000000
216.000000	-3.263711	-0.669748	37.334979	87.370110	89.696457	43.079132	-5.513402	25.217846	288.134727	218.524548	222.610917	42.635263	-59.533566	43.683132	333.796414	272.741323	0.964020	0.982811	0.896484	0.909891	0.809826	0.866802	1.093104	470.945569	244761.892099	36.597625	948.729928	1024.091225	91.830104	1783135365.327050	0.000000
217.000000	-1.477015	-6.152660	19.658462	81.703394	121.473266	98.424052	20.109462	-68.723320	-12.427359	122.529549	319.998108	334.695879	158.119614	-61.582247	-165.555810	111.309833	0.879140	0.924704	0.950769	0.965322	0.816976	0.934239	1.099617	496.533884	231510.290905	36.609562	1073.838709	976.671862	97.298711	1783135365.327067	0.000000
218.000000	-0.687107	-9.625217	3.576489	50.670048	123.334631	123.104253	118.799376	52.297286	-49.502084	-32.479915	85.605600	247.805650	385.962975	342.755222	157.156889	114.830533	0.868277	0.846711	0.812029	0.990604	0.886625	0.882139	0.966445	532.836726	231499.102073	36.606334	1082.030306	1032.843287	80.053404	1783135365.343859	0.000000
219.000000	0.293090	-9.320024	-7.949898	22.642150	86.444819	156.721018	177.454493	140.470864	74.438894	-34.852585	-171.672171	-61.991432	81.841906	244.037110	266.982686	458.444995	0.855321	0.824034	0.863251	0.952708	0.917294	0.973822	0.905455	511.514170	237339.634983	36.607729	1088.944623	1048.323213	83.224670	1783135365.343915	0.000000
220.000000	1.659935	-6.140188	-12.477202	7.717522	37.972909	83.678530	147.877269	188.924503	221.172035	171.634597	153.082836	-28.808104	-129.611132	-42.685882	-32.365180	146.767107	0.864590	0.907900	0.805603	0.926706	0.970077	0.808099	1.088479	549.519490	249002.291350	36.600933	914.364830	987.923197	92.328224	1783135365.343940	0.000000
221.000000	3.361774	-2.785725	-12.668095	-7.173149	-10.286294	26.103881	79.302601	153.511973	162.544657	275.061790	591.191488	545.786541	169.030525	222.230512	-14.644246	118.458964	0.988654	0.815655	0.828488	0.841774	0.805699	0.884066	1.059305	502.232708	273998.216771	36.592647	1035.584619	1016.480883	90.573032	1783135365.343961	0.000000
222.000000	4.864497	2.410663	-8.988316	-17.026666	-31.330660	2.848496	19.295023	26.988744	76.466445	132.988930	145.433393	173.172031	373.275260	710.292113	366.918947	219.934461	0.881887	0.950887	0.911361	0.908812	0.855377	0.860337	0.929538	519.268341	244679.861426	36.595742	1043.034757	1014.434098	80.877828	1783135365.359646	0.000000
223.000000	6.505556	7.781972	2.784988	-2.162210	-21.191624	-14.698277	-21.593503	-24.899812	-18.802028	21.530937	-47.143976	-6.847661	27.891198	92.713825	242.670952	171.949004	0.845808	0.802207	0.876743	0.991386	0.898047	0.948460	0.978480	483.169982	236499.833526	36.592364	947.667084	970.502222	94.170805	1783135365.359698	0.000000
224.000000	8.283352	14.738080	19.558001	18.992507	17.013395	29.541214	27.182441	35.788227	-2.586958	43.369466	55.485602	8.358366	-127.276357	-114.879072	1.118947	-34.597932	0.965713	0.908152	0.905017	0.812680	0.914351	0.980104	0.936270	537.749517	264141.785865	36.594549	1013.332032	959.672652	86.168576	1783135365.359719	0.000000
225.000000	10.000000	21.528218	34.062049	49.698718	64.453200	76.129376	92.437389	104.317511	150.154336	378.286601	176.878806	231.199185	260.299251	338.344214	645.915906	477.936302	0.840411	0.945778	0.877631	0.872331	0.985382	0.802731	0.944244	517.225183	272268.064725	36.609067	1072.260023	1015.149558	93.946036	1783135365.359740	0.000000
